-- departamentos G


INSERT INTO Departamento VALUES (01,"Guatemala","GU");
INSERT INTO Departamento VALUES (02,"El Progreso","PR");
INSERT INTO Departamento VALUES (03,"Sacatepéquez","SA");
INSERT INTO Departamento VALUES (04,"Chimaltenango","CM");
INSERT INTO Departamento VALUES (05,"Escuintla","ES");
INSERT INTO Departamento VALUES (06,"Santa Rosa","SR");
INSERT INTO Departamento VALUES (07,"Sololá","SO");
INSERT INTO Departamento VALUES (08,"Totonicapán","TO");
INSERT INTO Departamento VALUES (09,"Quetzaltenango","QZ");
INSERT INTO Departamento VALUES (10,"Suchitepéquez","SU");
INSERT INTO Departamento VALUES (11,"Retalhuleu","RE");
INSERT INTO Departamento VALUES (12,"San Marcos","SM");
INSERT INTO Departamento VALUES (13,"Huehuetenango","HU");
INSERT INTO Departamento VALUES (14,"Quiché","QC");
INSERT INTO Departamento VALUES (15,"Baja Verapaz","BV");
INSERT INTO Departamento VALUES (16,"Alta Verapaz","AV");
INSERT INTO Departamento VALUES (17,"Petén","PE");
INSERT INTO Departamento VALUES (18,"Izabal","IZ");
INSERT INTO Departamento VALUES (19,"Zacapa","ZA");
INSERT INTO Departamento VALUES (20,"Chiquimula","CQ");
INSERT INTO Departamento VALUES (21,"Jalapa","JA");
INSERT INTO Departamento VALUES (22,"Jutiapa","JU");

-- Municipios Total 338

INSERT INTO Municipio VALUES (01001, 01,"Guatemala");
INSERT INTO Municipio VALUES (01002, 01,"Santa Catarina Pinula");
INSERT INTO Municipio VALUES (01003, 01,"San José Pinula");
INSERT INTO Municipio VALUES (01004, 01,"San José del Golfo");
INSERT INTO Municipio VALUES (01005, 01,"Palencia");
INSERT INTO Municipio VALUES (01006, 01,"Chinautla");
INSERT INTO Municipio VALUES (01007, 01,"San Pedro Ayampuc");
INSERT INTO Municipio VALUES (01008, 01,"Mixco");
INSERT INTO Municipio VALUES (01009, 01,"San Pedro Sacatepéquez");
INSERT INTO Municipio VALUES (01010, 01,"San Juan Sacatepéquez");
INSERT INTO Municipio VALUES (01011, 01,"San Raymundo");
INSERT INTO Municipio VALUES (01012, 01,"Chuarrancho");
INSERT INTO Municipio VALUES (01013, 01,"Fraijanes");
INSERT INTO Municipio VALUES (01014, 01,"Amatitlán");
INSERT INTO Municipio VALUES (01015, 01,"Villa Nueva");
INSERT INTO Municipio VALUES (01016, 01,"Villa Canales");
INSERT INTO Municipio VALUES (01017, 01,"Petapa");
INSERT INTO Municipio VALUES (02001, 02,"Guastatoya");
INSERT INTO Municipio VALUES (02002, 02,"Morazán");
INSERT INTO Municipio VALUES (02003, 02,"San Agustín Acasaguastlán");
INSERT INTO Municipio VALUES (02004, 02,"San Cristóbal Acasaguastlán");
INSERT INTO Municipio VALUES (02005, 02,"El Jícaro");
INSERT INTO Municipio VALUES (02006, 02,"Sansare");
INSERT INTO Municipio VALUES (02007, 02,"Sanarate");
INSERT INTO Municipio VALUES (02008, 02,"San Antonio la Paz");
INSERT INTO Municipio VALUES (03001, 03,"Antigua Guatemala");
INSERT INTO Municipio VALUES (03002, 03,"Jocotenango");
INSERT INTO Municipio VALUES (03003, 03,"Pastores");
INSERT INTO Municipio VALUES (03004, 03,"Sumpango");
INSERT INTO Municipio VALUES (03005, 03,"Santo Domingo Xenacoj");
INSERT INTO Municipio VALUES (03006, 03,"Santiago Sacatepéquez");
INSERT INTO Municipio VALUES (03007, 03,"San Bartolomé Milpas Altas");
INSERT INTO Municipio VALUES (03008, 03,"San Lucas Sacatepéquez");
INSERT INTO Municipio VALUES (03009, 03,"Santa Lucía Milpas Altas");
INSERT INTO Municipio VALUES (03010, 03,"Magdalena Milpas Altas");
INSERT INTO Municipio VALUES (03011, 03,"Santa María de Jesús");
INSERT INTO Municipio VALUES (03012, 03,"Ciudad Vieja");
INSERT INTO Municipio VALUES (03013, 03,"San Miguel Dueñas");
INSERT INTO Municipio VALUES (03014, 03,"Alotenango");
INSERT INTO Municipio VALUES (03015, 03,"San Antonio Aguas Calientes");
INSERT INTO Municipio VALUES (03016, 03,"Santa Catarina Barahona");
INSERT INTO Municipio VALUES (04001, 04,"Chimaltenango");
INSERT INTO Municipio VALUES (04002, 04,"San José Poaquil");
INSERT INTO Municipio VALUES (04003, 04,"San Martín Jilotepeque");
INSERT INTO Municipio VALUES (04004, 04,"Comalapa");
INSERT INTO Municipio VALUES (04005, 04,"Santa Apolonia");
INSERT INTO Municipio VALUES (04006, 04,"Tecpán Guatemala");
INSERT INTO Municipio VALUES (04007, 04,"Patzún");
INSERT INTO Municipio VALUES (04008, 04,"Pochuta");
INSERT INTO Municipio VALUES (04009, 04,"Patzicía");
INSERT INTO Municipio VALUES (04010, 04,"Santa Cruz Balanyá");
INSERT INTO Municipio VALUES (04011, 04,"Acatenango");
INSERT INTO Municipio VALUES (04012, 04,"Yepocapa");
INSERT INTO Municipio VALUES (04013, 04,"San Andrés Itzapa");
INSERT INTO Municipio VALUES (04014, 04,"Parramos");
INSERT INTO Municipio VALUES (04015, 04,"Zaragoza");
INSERT INTO Municipio VALUES (04016, 04,"El Tejar");
INSERT INTO Municipio VALUES (05001, 05,"Escuintla");
INSERT INTO Municipio VALUES (05002, 05,"Santa Lucía Cotzumalguapa");
INSERT INTO Municipio VALUES (05003, 05,"La Democracia");
INSERT INTO Municipio VALUES (05004, 05,"Siquinalá");
INSERT INTO Municipio VALUES (05005, 05,"Masagua");
INSERT INTO Municipio VALUES (05006, 05,"Tiquisate");
INSERT INTO Municipio VALUES (05007, 05,"La Gomera");
INSERT INTO Municipio VALUES (05008, 05,"Guanagazapa");
INSERT INTO Municipio VALUES (05009, 05,"San José");
INSERT INTO Municipio VALUES (05010, 05,"Iztapa");
INSERT INTO Municipio VALUES (05011, 05,"Palín");
INSERT INTO Municipio VALUES (05012, 05,"San Vicente Pacaya");
INSERT INTO Municipio VALUES (05013, 05,"Nueva Concepción");
INSERT INTO Municipio VALUES (06001, 06,"Cuilapa");
INSERT INTO Municipio VALUES (06002, 06,"Barberena");
INSERT INTO Municipio VALUES (06003, 06,"Santa Rosa de Lima");
INSERT INTO Municipio VALUES (06004, 06,"Casillas");
INSERT INTO Municipio VALUES (06005, 06,"San Rafael las Flores");
INSERT INTO Municipio VALUES (06006, 06,"Oratorio");
INSERT INTO Municipio VALUES (06007, 06,"San Juan Tecuaco");
INSERT INTO Municipio VALUES (06008, 06,"Chiquimulilla");
INSERT INTO Municipio VALUES (06009, 06,"Taxisco");
INSERT INTO Municipio VALUES (06010, 06,"Santa María Ixhuatán");
INSERT INTO Municipio VALUES (06011, 06,"Guazacapán");
INSERT INTO Municipio VALUES (06012, 06,"Santa Cruz Naranjo");
INSERT INTO Municipio VALUES (06013, 06,"Pueblo Nuevo Viñas");
INSERT INTO Municipio VALUES (06014, 06,"Nueva Santa Rosa");
INSERT INTO Municipio VALUES (07001, 07,"Sololá");
INSERT INTO Municipio VALUES (07002, 07,"San José Chacayá");
INSERT INTO Municipio VALUES (07003, 07,"Santa María Visitación");
INSERT INTO Municipio VALUES (07004, 07,"Santa Lucía Utatlán");
INSERT INTO Municipio VALUES (07005, 07,"Nahualá");
INSERT INTO Municipio VALUES (07006, 07,"Santa Catarina Ixtahuacán");
INSERT INTO Municipio VALUES (07007, 07,"Santa Clara la Laguna");
INSERT INTO Municipio VALUES (07008, 07,"Concepción");
INSERT INTO Municipio VALUES (07009, 07,"San Andrés Semetabaj");
INSERT INTO Municipio VALUES (07010, 07,"Panajachel");
INSERT INTO Municipio VALUES (07011, 07,"Santa Catarina Palopó");
INSERT INTO Municipio VALUES (07012, 07,"San Antonio Palopó");
INSERT INTO Municipio VALUES (07013, 07,"San Lucas Tolimán");
INSERT INTO Municipio VALUES (07014, 07,"Santa Cruz la Laguna");
INSERT INTO Municipio VALUES (07015, 07,"San Pablo la Laguna");
INSERT INTO Municipio VALUES (07016, 07,"San Marcos la Laguna");
INSERT INTO Municipio VALUES (07017, 07,"San Juan la Laguna");
INSERT INTO Municipio VALUES (07018, 07,"San Pedro la Laguna");
INSERT INTO Municipio VALUES (07019, 07,"Santiago Atitlán");
INSERT INTO Municipio VALUES (08001, 08,"Totonicapán");
INSERT INTO Municipio VALUES (08002, 08,"San Cristóbal Totonicapán");
INSERT INTO Municipio VALUES (08003, 08,"San Francisco el Alto");
INSERT INTO Municipio VALUES (08004, 08,"San Andrés Xecul");
INSERT INTO Municipio VALUES (08005, 08,"Momostenango");
INSERT INTO Municipio VALUES (08006, 08,"Santa María Chiquimula");
INSERT INTO Municipio VALUES (08007, 08,"Santa Lucía la Reforma");
INSERT INTO Municipio VALUES (08008, 08,"San Bartolo");
INSERT INTO Municipio VALUES (09001, 09,"Quetzaltenango");
INSERT INTO Municipio VALUES (09002, 09,"Salcajá");
INSERT INTO Municipio VALUES (09003, 09,"Olintepeque");
INSERT INTO Municipio VALUES (09004, 09,"San Carlos Sija");
INSERT INTO Municipio VALUES (09005, 09,"Sibilia");
INSERT INTO Municipio VALUES (09006, 09,"Cabricán");
INSERT INTO Municipio VALUES (09007, 09,"Cajolá");
INSERT INTO Municipio VALUES (09008, 09,"San Miguel Siguilá");
INSERT INTO Municipio VALUES (09009, 09,"Ostuncalco");
INSERT INTO Municipio VALUES (09010, 09,"San Mateo");
INSERT INTO Municipio VALUES (09011, 09,"Concepción Chiquirichapa");
INSERT INTO Municipio VALUES (09012, 09,"San Martín Sacatepéquez");
INSERT INTO Municipio VALUES (09013, 09,"Almolonga");
INSERT INTO Municipio VALUES (09014, 09,"Cantel");
INSERT INTO Municipio VALUES (09015, 09,"Huitán");
INSERT INTO Municipio VALUES (09016, 09,"Zunil");
INSERT INTO Municipio VALUES (09017, 09,"Colomba");
INSERT INTO Municipio VALUES (09018, 09,"San Francisco la Unión");
INSERT INTO Municipio VALUES (09019, 09,"El Palmar");
INSERT INTO Municipio VALUES (09020, 09,"Coatepeque");
INSERT INTO Municipio VALUES (09021, 09,"Génova");
INSERT INTO Municipio VALUES (09022, 09,"Flores Costa Cuca");
INSERT INTO Municipio VALUES (09023, 09,"La Esperanza");
INSERT INTO Municipio VALUES (09024, 09,"Palestina de los Altos");
INSERT INTO Municipio VALUES (10001, 10,"Mazatenango");
INSERT INTO Municipio VALUES (10002, 10,"Cuyotenango");
INSERT INTO Municipio VALUES (10003, 10,"San Francisco Zapotitlán");
INSERT INTO Municipio VALUES (10004, 10,"San Bernardino");
INSERT INTO Municipio VALUES (10005, 10,"San José el Idolo");
INSERT INTO Municipio VALUES (10006, 10,"Santo Domingo Suchitepéquez");
INSERT INTO Municipio VALUES (10007, 10,"San Lorenzo");
INSERT INTO Municipio VALUES (10008, 10,"Samayac");
INSERT INTO Municipio VALUES (10009, 10,"San Pablo Jocopilas");
INSERT INTO Municipio VALUES (10010, 10,"San Antonio Suchitepéquez");
INSERT INTO Municipio VALUES (10011, 10,"San Miguel Panán");
INSERT INTO Municipio VALUES (10012, 10,"San Gabriel");
INSERT INTO Municipio VALUES (10013, 10,"Chicacao");
INSERT INTO Municipio VALUES (10014, 10,"Patulul");
INSERT INTO Municipio VALUES (10015, 10,"Santa Bárbara");
INSERT INTO Municipio VALUES (10016, 10,"San Juan Bautista");
INSERT INTO Municipio VALUES (10017, 10,"Santo Tomás la Unión");
INSERT INTO Municipio VALUES (10018, 10,"Zunilito");
INSERT INTO Municipio VALUES (10019, 10,"Pueblo Nuevo");
INSERT INTO Municipio VALUES (10020, 10,"Río Bravo");
INSERT INTO Municipio VALUES (10021, 10,"San José La Máquina");
INSERT INTO Municipio VALUES (11001, 11,"Retalhuleu");
INSERT INTO Municipio VALUES (11002, 11,"San Sebastián");
INSERT INTO Municipio VALUES (11003, 11,"Santa Cruz Muluá");
INSERT INTO Municipio VALUES (11004, 11,"San Martín Zapotitlán");
INSERT INTO Municipio VALUES (11005, 11,"San Felipe");
INSERT INTO Municipio VALUES (11006, 11,"San Andrés Villa Seca");
INSERT INTO Municipio VALUES (11007, 11,"Champerico");
INSERT INTO Municipio VALUES (11008, 11,"Nuevo San Carlos");
INSERT INTO Municipio VALUES (11009, 11,"El Asintal");
INSERT INTO Municipio VALUES (12001, 12,"San Marcos");
INSERT INTO Municipio VALUES (12002, 12,"San Pedro Sacatepéquez");
INSERT INTO Municipio VALUES (12003, 12,"San Antonio Sacatepéquez");
INSERT INTO Municipio VALUES (12004, 12,"Comitancillo");
INSERT INTO Municipio VALUES (12005, 12,"San Miguel Ixtahuacán");
INSERT INTO Municipio VALUES (12006, 12,"Concepción Tutuapa");
INSERT INTO Municipio VALUES (12007, 12,"Tacaná");
INSERT INTO Municipio VALUES (12008, 12,"Sibinal");
INSERT INTO Municipio VALUES (12009, 12,"Tajumulco");
INSERT INTO Municipio VALUES (12010, 12,"Tejutla");
INSERT INTO Municipio VALUES (12011, 12,"San Rafael Pié de la Cuesta");
INSERT INTO Municipio VALUES (12012, 12,"Nuevo Progreso");
INSERT INTO Municipio VALUES (12013, 12,"El Tumbador");
INSERT INTO Municipio VALUES (12014, 12,"El Rodeo");
INSERT INTO Municipio VALUES (12015, 12,"Malacatán");
INSERT INTO Municipio VALUES (12016, 12,"Catarina");
INSERT INTO Municipio VALUES (12017, 12,"Ayutla");
INSERT INTO Municipio VALUES (12018, 12,"Ocós");
INSERT INTO Municipio VALUES (12019, 12,"San Pablo");
INSERT INTO Municipio VALUES (12020, 12,"El Quetzal");
INSERT INTO Municipio VALUES (12021, 12,"La Reforma");
INSERT INTO Municipio VALUES (12022, 12,"Pajapita");
INSERT INTO Municipio VALUES (12023, 12,"Ixchiguán");
INSERT INTO Municipio VALUES (12024, 12,"San José Ojetenán");
INSERT INTO Municipio VALUES (12025, 12,"San Cristóbal Cucho");
INSERT INTO Municipio VALUES (12026, 12,"Sipacapa");
INSERT INTO Municipio VALUES (12027, 12,"Esquipulas Palo Gordo");
INSERT INTO Municipio VALUES (12028, 12,"Río Blanco");
INSERT INTO Municipio VALUES (12029, 12,"San Lorenzo");
INSERT INTO Municipio VALUES (12030, 12,"La Blanca");
INSERT INTO Municipio VALUES (13001, 13,"Huehuetenango");
INSERT INTO Municipio VALUES (13002, 13,"Chiantla");
INSERT INTO Municipio VALUES (13003, 13,"Malacatancito");
INSERT INTO Municipio VALUES (13004, 13,"Cuilco");
INSERT INTO Municipio VALUES (13005, 13,"Nentón");
INSERT INTO Municipio VALUES (13006, 13,"San Pedro Necta");
INSERT INTO Municipio VALUES (13007, 13,"Jacaltenango");
INSERT INTO Municipio VALUES (13008, 13,"Soloma");
INSERT INTO Municipio VALUES (13009, 13,"Ixtahuacán");
INSERT INTO Municipio VALUES (13010, 13,"Santa Bárbara");
INSERT INTO Municipio VALUES (13011, 13,"La Libertad");
INSERT INTO Municipio VALUES (13012, 13,"La Democracia");
INSERT INTO Municipio VALUES (13013, 13,"San Miguel Acatán");
INSERT INTO Municipio VALUES (13014, 13,"San Rafael la Independencia");
INSERT INTO Municipio VALUES (13015, 13,"Todos Santos Cuchumatán");
INSERT INTO Municipio VALUES (13016, 13,"San Juan Atitán");
INSERT INTO Municipio VALUES (13017, 13,"Santa Eulalia");
INSERT INTO Municipio VALUES (13018, 13,"San Mateo Ixtatán");
INSERT INTO Municipio VALUES (13019, 13,"Colotenango");
INSERT INTO Municipio VALUES (13020, 13,"San Sebastián Huehuetenango");
INSERT INTO Municipio VALUES (13021, 13,"Tectitán");
INSERT INTO Municipio VALUES (13022, 13,"Concepción Huista");
INSERT INTO Municipio VALUES (13023, 13,"San Juan Ixcoy");
INSERT INTO Municipio VALUES (13024, 13,"San Antonio Huista");
INSERT INTO Municipio VALUES (13025, 13,"San Sebastián Coatán");
INSERT INTO Municipio VALUES (13026, 13,"Barillas");
INSERT INTO Municipio VALUES (13027, 13,"Aguacatán");
INSERT INTO Municipio VALUES (13028, 13,"San Rafael Petzal");
INSERT INTO Municipio VALUES (13029, 13,"San Gaspar Ixchil");
INSERT INTO Municipio VALUES (13030, 13,"Santiago Chimaltenango");
INSERT INTO Municipio VALUES (13031, 13,"Santa Ana Huista");
INSERT INTO Municipio VALUES (13032, 13,"Unión Cantinil");
INSERT INTO Municipio VALUES (14001, 14,"Santa Cruz del Quiché");
INSERT INTO Municipio VALUES (14002, 14,"Chiché");
INSERT INTO Municipio VALUES (14003, 14,"Chinique");
INSERT INTO Municipio VALUES (14004, 14,"Zacualpa");
INSERT INTO Municipio VALUES (14005, 14,"Chajul");
INSERT INTO Municipio VALUES (14006, 14,"Chichicastenango");
INSERT INTO Municipio VALUES (14007, 14,"Patzité");
INSERT INTO Municipio VALUES (14008, 14,"San Antonio Ilotenango");
INSERT INTO Municipio VALUES (14009, 14,"San Pedro Jocopilas");
INSERT INTO Municipio VALUES (14010, 14,"Cunén");
INSERT INTO Municipio VALUES (14011, 14,"San Juan Cotzal");
INSERT INTO Municipio VALUES (14012, 14,"Joyabaj");
INSERT INTO Municipio VALUES (14013, 14,"Nebaj");
INSERT INTO Municipio VALUES (14014, 14,"San Andrés Sajcabajá");
INSERT INTO Municipio VALUES (14015, 14,"Uspantán");
INSERT INTO Municipio VALUES (14016, 14,"Sacapulas");
INSERT INTO Municipio VALUES (14017, 14,"San Bartolomé Jocotenango");
INSERT INTO Municipio VALUES (14018, 14,"Canillá");
INSERT INTO Municipio VALUES (14019, 14,"Chicamán");
INSERT INTO Municipio VALUES (14020, 14,"Ixcán");
INSERT INTO Municipio VALUES (14021, 14,"Pachalum");
INSERT INTO Municipio VALUES (15001, 15,"Salamá");
INSERT INTO Municipio VALUES (15002, 15,"San Miguel Chicaj");
INSERT INTO Municipio VALUES (15003, 15,"Rabinal");
INSERT INTO Municipio VALUES (15004, 15,"Cubulco");
INSERT INTO Municipio VALUES (15005, 15,"Granados");
INSERT INTO Municipio VALUES (15006, 15,"El Chol");
INSERT INTO Municipio VALUES (15007, 15,"San Jerónimo");
INSERT INTO Municipio VALUES (15008, 15,"Purulhá");
INSERT INTO Municipio VALUES (16001, 16,"Cobán");
INSERT INTO Municipio VALUES (16002, 16,"Santa Cruz Verapaz");
INSERT INTO Municipio VALUES (16003, 16,"San Cristóbal Verapaz");
INSERT INTO Municipio VALUES (16004, 16,"Tactic");
INSERT INTO Municipio VALUES (16005, 16,"Tamahú");
INSERT INTO Municipio VALUES (16006, 16,"Tucurú");
INSERT INTO Municipio VALUES (16007, 16,"Panzós");
INSERT INTO Municipio VALUES (16008, 16,"Senahú");
INSERT INTO Municipio VALUES (16009, 16,"San Pedro Carchá");
INSERT INTO Municipio VALUES (16010, 16,"San Juan Chamelco");
INSERT INTO Municipio VALUES (16011, 16,"Lanquín");
INSERT INTO Municipio VALUES (16012, 16,"Cahabón");
INSERT INTO Municipio VALUES (16013, 16,"Chisec");
INSERT INTO Municipio VALUES (16014, 16,"Chahal");
INSERT INTO Municipio VALUES (16015, 16,"Fray Bartolomé de las Casas");
INSERT INTO Municipio VALUES (16016, 16,"Santa Catalina la Tinta");
INSERT INTO Municipio VALUES (16017, 16,"Raxruhá");
INSERT INTO Municipio VALUES (17001, 17,"Flores");
INSERT INTO Municipio VALUES (17002, 17,"San José");
INSERT INTO Municipio VALUES (17003, 17,"San Benito");
INSERT INTO Municipio VALUES (17004, 17,"San Andrés");
INSERT INTO Municipio VALUES (17005, 17,"La Libertad");
INSERT INTO Municipio VALUES (17006, 17,"San Francisco");
INSERT INTO Municipio VALUES (17007, 17,"Santa Ana");
INSERT INTO Municipio VALUES (17008, 17,"Dolores");
INSERT INTO Municipio VALUES (17009, 17,"San Luis");
INSERT INTO Municipio VALUES (17010, 17,"Sayaxché");
INSERT INTO Municipio VALUES (17011, 17,"Melchor de Mencos");
INSERT INTO Municipio VALUES (17012, 17,"Poptún");
INSERT INTO Municipio VALUES (17013, 17,"Las Cruces");
INSERT INTO Municipio VALUES (17014, 17,"El Chal");
INSERT INTO Municipio VALUES (18001, 18,"Puerto Barrios");
INSERT INTO Municipio VALUES (18002, 18,"Livingston");
INSERT INTO Municipio VALUES (18003, 18,"El Estor");
INSERT INTO Municipio VALUES (18004, 18,"Morales");
INSERT INTO Municipio VALUES (18005, 18,"Los Amates");
INSERT INTO Municipio VALUES (19001, 19,"Zacapa");
INSERT INTO Municipio VALUES (19002, 19,"Estanzuela");
INSERT INTO Municipio VALUES (19003, 19,"Río Hondo");
INSERT INTO Municipio VALUES (19004, 19,"Gualán");
INSERT INTO Municipio VALUES (19005, 19,"Teculután");
INSERT INTO Municipio VALUES (19006, 19,"Usumatlán");
INSERT INTO Municipio VALUES (19007, 19,"Cabañas");
INSERT INTO Municipio VALUES (19008, 19,"San Diego");
INSERT INTO Municipio VALUES (19009, 19,"La Unión");
INSERT INTO Municipio VALUES (19010, 19,"Huité");
INSERT INTO Municipio VALUES (19011, 19,"San Jorge");
INSERT INTO Municipio VALUES (20001, 20,"Chiquimula");
INSERT INTO Municipio VALUES (20002, 20,"San José La Arada");
INSERT INTO Municipio VALUES (20003, 20,"San Juan Ermita");
INSERT INTO Municipio VALUES (20004, 20,"Jocotán");
INSERT INTO Municipio VALUES (20005, 20,"Camotán");
INSERT INTO Municipio VALUES (20006, 20,"Olopa");
INSERT INTO Municipio VALUES (20007, 20,"Esquipulas");
INSERT INTO Municipio VALUES (20008, 20,"Concepción Las Minas");
INSERT INTO Municipio VALUES (20009, 20,"Quetzaltepeque");
INSERT INTO Municipio VALUES (20010, 20,"San Jacinto");
INSERT INTO Municipio VALUES (20011, 20,"Ipala");
INSERT INTO Municipio VALUES (21001, 21,"Jalapa");
INSERT INTO Municipio VALUES (21002, 21,"San Pedro Pinula");
INSERT INTO Municipio VALUES (21003, 21,"San Luis Jilotepeque");
INSERT INTO Municipio VALUES (21004, 21,"San Manuel Chaparrón");
INSERT INTO Municipio VALUES (21005, 21,"San Carlos Alzatate");
INSERT INTO Municipio VALUES (21006, 21,"Monjas");
INSERT INTO Municipio VALUES (21007, 21,"Mataquescuintla");
INSERT INTO Municipio VALUES (22001, 22,"Jutiapa");
INSERT INTO Municipio VALUES (22002, 22,"El Progreso");
INSERT INTO Municipio VALUES (22003, 22,"Santa Catarina Mita");
INSERT INTO Municipio VALUES (22004, 22,"Agua Blanca");
INSERT INTO Municipio VALUES (22005, 22,"Asunción Mita");
INSERT INTO Municipio VALUES (22006, 22,"Yupiltepeque");
INSERT INTO Municipio VALUES (22007, 22,"Atescatempa");
INSERT INTO Municipio VALUES (22008, 22,"Jerez");
INSERT INTO Municipio VALUES (22009, 22,"El Adelanto");
INSERT INTO Municipio VALUES (22010, 22,"Zapotitlán");
INSERT INTO Municipio VALUES (22011, 22,"Comapa");
INSERT INTO Municipio VALUES (22012, 22,"Jalpatagua");
INSERT INTO Municipio VALUES (22013, 22,"Conguaco");
INSERT INTO Municipio VALUES (22014, 22,"Moyuta");
INSERT INTO Municipio VALUES (22015, 22,"Pasaco");
INSERT INTO Municipio VALUES (22016, 22,"San José Acatempa");
INSERT INTO Municipio VALUES (22017, 22,"Quesada");


-- Sucursales (64) 51 simples 10 con enlace 3 solo enlace
--

INSERT INTO Sucursal (idSucursal, idDepartamento, idMunicipio, direccion, nombre, esEnlace, estado, longitud, latitud) VALUES (1, 16, 16009, 'DIRECCION 1A', 'SUCURSAL ALTA VERAPAZ 1', 1, 1, 15.473058, -90311858);
INSERT INTO Sucursal (idSucursal, idDepartamento, idMunicipio, direccion, nombre, esEnlace, estado, longitud, latitud) VALUES (2, 16, 16009, 'DIRECCION 2A', 'SUCURSAL ALTA VERAPAZ 2', 1, 0, 15.478657, -90309873);
INSERT INTO Sucursal (idSucursal, idDepartamento, idMunicipio, direccion, nombre, esEnlace, estado, longitud, latitud) VALUES (3, 16, 16009, 'DIRECCION 3A', 'SUCURSAL ALTA VERAPAZ 3', 1, 0, 15.47497, -90316224);
INSERT INTO Sucursal (idSucursal, idDepartamento, idMunicipio, direccion, nombre, esEnlace, estado, longitud, latitud) VALUES (4, 16, 16001, 'DIRECCION 4A', 'SUCURSAL ALTA VERAPAZ 4', 1, 0, 15.470203, -90391952);
INSERT INTO Sucursal (idSucursal, idDepartamento, idMunicipio, direccion, nombre, esEnlace, estado, longitud, latitud) VALUES (5, 16, 16001, 'DIRECCION 5A', 'SUCURSAL ALTA VERAPAZ 5', 1, 0, 15.463119, -90398169);
INSERT INTO Sucursal (idSucursal, idDepartamento, idMunicipio, direccion, nombre, esEnlace, estado, longitud, latitud) VALUES (6, 16, 16013, 'DIRECCION 6A', 'SUCURSAL ALTA VERAPAZ 6', 1, 0, 15.80967, -90290229);
INSERT INTO Sucursal (idSucursal, idDepartamento, idMunicipio, direccion, nombre, esEnlace, estado, longitud, latitud) VALUES (7, 16, 16008, 'DIRECCION 7A', 'SUCURSAL ALTA VERAPAZ 7', 1, 0, 15.414897, -89820984);
INSERT INTO Sucursal (idSucursal, idDepartamento, idMunicipio, direccion, nombre, esEnlace, estado, longitud, latitud) VALUES (8, 4, 4001, 'DIRECCION 1C', 'SUCURSAL CHIMALTENANGO 1', 1, 1, 14.658462, -90817723);
INSERT INTO Sucursal (idSucursal, idDepartamento, idMunicipio, direccion, nombre, esEnlace, estado, longitud, latitud) VALUES (9, 4, 4006, 'DIRECCION 2C', 'SUCURSAL CHIMALTENANGO 2', 1, 0, 14.759636, -90988555);
INSERT INTO Sucursal (idSucursal, idDepartamento, idMunicipio, direccion, nombre, esEnlace, estado, longitud, latitud) VALUES (10, 20, 20001, 'DIRECCION 1C', 'SUCURSAL CHIQUIMULA 1', 1, 1, 14.796817, -89542253);
INSERT INTO Sucursal (idSucursal, idDepartamento, idMunicipio, direccion, nombre, esEnlace, estado, longitud, latitud) VALUES (11, 5, 5001, 'DIRECCION 1E', 'SUCURSAL ESCUINTLA 1', 1, 1, 14.293687, -90783052);
INSERT INTO Sucursal (idSucursal, idDepartamento, idMunicipio, direccion, nombre, esEnlace, estado, longitud, latitud) VALUES (12, 5, 5001, 'DIRECCION 2E', 'SUCURSAL ESCUINTLA 2', 1, 0, 14.281259, -90776883);
INSERT INTO Sucursal (idSucursal, idDepartamento, idMunicipio, direccion, nombre, esEnlace, estado, longitud, latitud) VALUES (13, 5, 5002, 'DIRECCION 3E', 'SUCURSAL ESCUINTLA 3', 1, 1, 14.333127, -91020019);
INSERT INTO Sucursal (idSucursal, idDepartamento, idMunicipio, direccion, nombre, esEnlace, estado, longitud, latitud) VALUES (14, 1, 1001, 'DIRECCION 1G', 'SUCURSAL GUATEMALA 1', 1, 1, 14.632534, -90509313);
INSERT INTO Sucursal (idSucursal, idDepartamento, idMunicipio, direccion, nombre, esEnlace, estado, longitud, latitud) VALUES (15, 1, 1001, 'DIRECCION 2G', 'SUCURSAL GUATEMALA 2', 1, 1, 14.618158, -90525710);
INSERT INTO Sucursal (idSucursal, idDepartamento, idMunicipio, direccion, nombre, esEnlace, estado, longitud, latitud) VALUES (16, 1, 1001, 'DIRECCION 3G', 'SUCURSAL GUATEMALA 3', 1, 0, 14.616281, -90514891);
INSERT INTO Sucursal (idSucursal, idDepartamento, idMunicipio, direccion, nombre, esEnlace, estado, longitud, latitud) VALUES (17, 1, 1001, 'DIRECCION 4G', 'SUCURSAL GUATEMALA 4', 1, 0, 14.63796, -90506929);
INSERT INTO Sucursal (idSucursal, idDepartamento, idMunicipio, direccion, nombre, esEnlace, estado, longitud, latitud) VALUES (18, 1, 1001, 'DIRECCION 5G', 'SUCURSAL GUATEMALA 5', 1, 0, 14.646107, -90508256);
INSERT INTO Sucursal (idSucursal, idDepartamento, idMunicipio, direccion, nombre, esEnlace, estado, longitud, latitud) VALUES (19, 1, 1001, 'DIRECCION 6G', 'SUCURSAL GUATEMALA 6', 1, 0, 14.655883, -90497488);
INSERT INTO Sucursal (idSucursal, idDepartamento, idMunicipio, direccion, nombre, esEnlace, estado, longitud, latitud) VALUES (20, 1, 1001, 'DIRECCION 7G', 'SUCURSAL GUATEMALA 7', 1, 0, 14.649079, -90518640);
INSERT INTO Sucursal (idSucursal, idDepartamento, idMunicipio, direccion, nombre, esEnlace, estado, longitud, latitud) VALUES (21, 1, 1001, 'DIRECCION 8G', 'SUCURSAL GUATEMALA 8', 1, 0, 14.64177, -90514858);
INSERT INTO Sucursal (idSucursal, idDepartamento, idMunicipio, direccion, nombre, esEnlace, estado, longitud, latitud) VALUES (22, 1, 1001, 'DIRECCION 9G', 'SUCURSAL GUATEMALA 9', 1, 0, 14.617292, -90530150);
INSERT INTO Sucursal (idSucursal, idDepartamento, idMunicipio, direccion, nombre, esEnlace, estado, longitud, latitud) VALUES (23, 1, 1001, 'DIRECCION 10G', 'SUCURSAL GUATEMALA 10', 1, 0, 14.598668, -90493334);
INSERT INTO Sucursal (idSucursal, idDepartamento, idMunicipio, direccion, nombre, esEnlace, estado, longitud, latitud) VALUES (24, 1, 1008, 'DIRECCION 1G', 'SUCURSAL GUATEMALA 11', 1, 0, 14.632662, -90609090);
INSERT INTO Sucursal (idSucursal, idDepartamento, idMunicipio, direccion, nombre, esEnlace, estado, longitud, latitud) VALUES (25, 1, 1008, 'DIRECCION 2G', 'SUCURSAL GUATEMALA 12', 1, 0, 14.614664, -90603414);
INSERT INTO Sucursal (idSucursal, idDepartamento, idMunicipio, direccion, nombre, esEnlace, estado, longitud, latitud) VALUES (26, 1, 1008, 'DIRECCION 3G', 'SUCURSAL GUATEMALA 13', 1, 0, 14.63002, -90597072);
INSERT INTO Sucursal (idSucursal, idDepartamento, idMunicipio, direccion, nombre, esEnlace, estado, longitud, latitud) VALUES (27, 1, 1008, 'DIRECCION 4G', 'SUCURSAL GUATEMALA 14', 1, 0, 14.620912, -90591027);
INSERT INTO Sucursal (idSucursal, idDepartamento, idMunicipio, direccion, nombre, esEnlace, estado, longitud, latitud) VALUES (28, 1, 1008, 'DIRECCION 5G', 'SUCURSAL GUATEMALA 15', 1, 0, 14.631307, -90591665);
INSERT INTO Sucursal (idSucursal, idDepartamento, idMunicipio, direccion, nombre, esEnlace, estado, longitud, latitud) VALUES (29, 1, 1015, 'DIRECCION 1G', 'SUCURSAL GUATEMALA 16', 1, 0, 14.526081, -90591218);
INSERT INTO Sucursal (idSucursal, idDepartamento, idMunicipio, direccion, nombre, esEnlace, estado, longitud, latitud) VALUES (30, 1, 1015, 'DIRECCION 2G', 'SUCURSAL GUATEMALA 17', 1, 0, 14.52599, -90578205);
INSERT INTO Sucursal (idSucursal, idDepartamento, idMunicipio, direccion, nombre, esEnlace, estado, longitud, latitud) VALUES (31, 1, 1015, 'DIRECCION 3G', 'SUCURSAL GUATEMALA 18', 1, 0, 14.533936, -90582423);
INSERT INTO Sucursal (idSucursal, idDepartamento, idMunicipio, direccion, nombre, esEnlace, estado, longitud, latitud) VALUES (32, 1, 1015, 'DIRECCION 4G', 'SUCURSAL GUATEMALA 19', 1, 0, 14.542278, -90592468);
INSERT INTO Sucursal (idSucursal, idDepartamento, idMunicipio, direccion, nombre, esEnlace, estado, longitud, latitud) VALUES (33, 1, 1015, 'DIRECCION 5G', 'SUCURSAL GUATEMALA 20', 1, 0, 14.546639, -90590333);
INSERT INTO Sucursal (idSucursal, idDepartamento, idMunicipio, direccion, nombre, esEnlace, estado, longitud, latitud) VALUES (34, 1, 1010, 'DIRECCION 1G', 'SUCURSAL GUATEMALA 21', 1, 0, 14.721291, -90647372);
INSERT INTO Sucursal (idSucursal, idDepartamento, idMunicipio, direccion, nombre, esEnlace, estado, longitud, latitud) VALUES (35, 1, 1010, 'DIRECCION 2G', 'SUCURSAL GUATEMALA 22', 1, 0, 14.723426, -90643340);
INSERT INTO Sucursal (idSucursal, idDepartamento, idMunicipio, direccion, nombre, esEnlace, estado, longitud, latitud) VALUES (36, 1, 1010, 'DIRECCION 3G', 'SUCURSAL GUATEMALA 26', 1, 0, 14.714915, -90649606);
INSERT INTO Sucursal (idSucursal, idDepartamento, idMunicipio, direccion, nombre, esEnlace, estado, longitud, latitud) VALUES (37, 1, 1010, 'DIRECCION 4G', 'SUCURSAL GUATEMALA 26', 1, 0, 14.719592, -90649498);
INSERT INTO Sucursal (idSucursal, idDepartamento, idMunicipio, direccion, nombre, esEnlace, estado, longitud, latitud) VALUES (38, 1, 1016, 'DIRECCION 1G', 'SUCURSAL GUATEMALA 23', 1, 0, 14.486527, -90536457);
INSERT INTO Sucursal (idSucursal, idDepartamento, idMunicipio, direccion, nombre, esEnlace, estado, longitud, latitud) VALUES (39, 1, 1016, 'DIRECCION 1G', 'SUCURSAL GUATEMALA 23', 1, 0, 14.477879, -90535641);
INSERT INTO Sucursal (idSucursal, idDepartamento, idMunicipio, direccion, nombre, esEnlace, estado, longitud, latitud) VALUES (40, 1, 1014, 'DIRECCION 1G', 'SUCURSAL GUATEMALA 24', 1, 0, 14.482203, -90623297);
INSERT INTO Sucursal (idSucursal, idDepartamento, idMunicipio, direccion, nombre, esEnlace, estado, longitud, latitud) VALUES (41, 1, 1017, 'DIRECCION 1G', 'SUCURSAL GUATEMALA 25', 1, 0, 14.512924, -90564282);
INSERT INTO Sucursal (idSucursal, idDepartamento, idMunicipio, direccion, nombre, esEnlace, estado, longitud, latitud) VALUES (42, 13, 13001, 'DIRECCION 1H', 'SUCURSAL HUEHUETENANGO 1', 1, 1, 15.318132, -91494273);
INSERT INTO Sucursal (idSucursal, idDepartamento, idMunicipio, direccion, nombre, esEnlace, estado, longitud, latitud) VALUES (43, 13, 13026, 'DIRECCION 2H', 'SUCURSAL HUEHUETENANGO 2', 1, 0, 15.804567, -91314717);
INSERT INTO Sucursal (idSucursal, idDepartamento, idMunicipio, direccion, nombre, esEnlace, estado, longitud, latitud) VALUES (44, 18, 18001, 'DIRECCION 1I', 'SUCURSAL IZABAL 1', 1, 1, 15.710531, -88584358);
INSERT INTO Sucursal (idSucursal, idDepartamento, idMunicipio, direccion, nombre, esEnlace, estado, longitud, latitud) VALUES (45, 18, 18004, 'DIRECCION 2I', 'SUCURSAL IZABAL 2', 1, 0, 15.473818, -88841622);
INSERT INTO Sucursal (idSucursal, idDepartamento, idMunicipio, direccion, nombre, esEnlace, estado, longitud, latitud) VALUES (46, 21, 21001, 'DIRECCION 1J', 'SUCURSAL JALAPA 1', 1, 1, 14.634018, -89994022);
INSERT INTO Sucursal (idSucursal, idDepartamento, idMunicipio, direccion, nombre, esEnlace, estado, longitud, latitud) VALUES (47, 21, 21001, 'DIRECCION 2J', 'SUCURSAL JALAPA 2', 1, 0, 14.645453, -89984377);
INSERT INTO Sucursal (idSucursal, idDepartamento, idMunicipio, direccion, nombre, esEnlace, estado, longitud, latitud) VALUES (48, 22, 22001, 'DIRECCION 1J', 'SUCURSAL JUTIAPA 1', 1, 1, 14.638964, -89974817);
INSERT INTO Sucursal (idSucursal, idDepartamento, idMunicipio, direccion, nombre, esEnlace, estado, longitud, latitud) VALUES (49, 22, 22001, 'DIRECCION 2J', 'SUCURSAL JUTIAPA 2', 1, 0, 14.630372, -89984018);
INSERT INTO Sucursal (idSucursal, idDepartamento, idMunicipio, direccion, nombre, esEnlace, estado, longitud, latitud) VALUES (50, 17, 17001, 'DIRECCION 1P', 'SUCURSAL PETEN 1', 1, 1, 16.916206, -89885350);
INSERT INTO Sucursal (idSucursal, idDepartamento, idMunicipio, direccion, nombre, esEnlace, estado, longitud, latitud) VALUES (51, 9, 9001, 'DIRECCION 1Q', 'SUCURSAL QUETZALTENANGO 1', 1, 1, 14.846059, -91535813);
INSERT INTO Sucursal (idSucursal, idDepartamento, idMunicipio, direccion, nombre, esEnlace, estado, longitud, latitud) VALUES (52, 9, 9001, 'DIRECCION 2Q', 'SUCURSAL QUETZALTENANGO 2', 1, 1, 14.843021, -91514454);
INSERT INTO Sucursal (idSucursal, idDepartamento, idMunicipio, direccion, nombre, esEnlace, estado, longitud, latitud) VALUES (53, 9, 9020, 'DIRECCION 2Q', 'SUCURSAL QUETZALTENANGO 2', 1, 0, 14.700755, -91864198);
INSERT INTO Sucursal (idSucursal, idDepartamento, idMunicipio, direccion, nombre, esEnlace, estado, longitud, latitud) VALUES (54, 14, 14006, 'DIRECCION 1Q', 'SUCURSAL QUICHE 1', 1, 1, 14.941875, -91110467);
INSERT INTO Sucursal (idSucursal, idDepartamento, idMunicipio, direccion, nombre, esEnlace, estado, longitud, latitud) VALUES (55, 14, 14020, 'DIRECCION 2Q', 'SUCURSAL QUICHE 2', 1, 0, 15.987077, -90777599);
INSERT INTO Sucursal (idSucursal, idDepartamento, idMunicipio, direccion, nombre, esEnlace, estado, longitud, latitud) VALUES (56, 14, 14012, 'DIRECCION 3Q', 'SUCURSAL QUICHE 3', 1, 0, 14.992706, -90801969);
INSERT INTO Sucursal (idSucursal, idDepartamento, idMunicipio, direccion, nombre, esEnlace, estado, longitud, latitud) VALUES (57, 14, 14001, 'DIRECCION 4Q', 'SUCURSAL QUICHE 4', 1, 0, 15.025872, -91152306);
INSERT INTO Sucursal (idSucursal, idDepartamento, idMunicipio, direccion, nombre, esEnlace, estado, longitud, latitud) VALUES (58, 11, 11001, 'DIRECCION 1R', 'SUCURSAL RETALHULEU 1', 1, 1, 14.532962, -91680599);
INSERT INTO Sucursal (idSucursal, idDepartamento, idMunicipio, direccion, nombre, esEnlace, estado, longitud, latitud) VALUES (59, 12, 12015, 'DIRECCION 1S', 'SUCURSAL SAN MARCOS 1', 1, 1, 14.911192, -92053164);
INSERT INTO Sucursal (idSucursal, idDepartamento, idMunicipio, direccion, nombre, esEnlace, estado, longitud, latitud) VALUES (60, 7, 7001, 'DIRECCION 1S', 'SUCURSAL SOLOLA 1', 1, 1, 14.767009, -91181318);
INSERT INTO Sucursal (idSucursal, idDepartamento, idMunicipio, direccion, nombre, esEnlace, estado, longitud, latitud) VALUES (61, 8, 8001, 'DIRECCION 1T', 'SUCURSAL TOTONICAPAN 1', 1, 1, 14.912026, -91358942);
INSERT INTO Sucursal (idSucursal, idDepartamento, idMunicipio, direccion, nombre, esEnlace, estado, longitud, latitud) VALUES (62, 8, 8005, 'DIRECCION 1T', 'SUCURSAL TOTONICAPAN 2', 1, 0, 15.042345, -91407239);







/*

-- id,departamento,municipio,direccion,nombre,esEnlace,estado

-- AltaVerapaz D16

INSERT INTO Sucursal VALUES (1,16,16009,"DIRECCION 1A","SUCURSAL ALTA VERAPAZ 1",1,1,15.475861, -90.312270);


 -- Chimaltenango
 INSERT INTO Sucursal VALUES (2,04,04001,"DIRECCION 1C","SUCURSAL CHIMALTENANGO 1",1,1,14.658642, -90.818620);


 -- Escuintla
 INSERT INTO Sucursal VALUES (3,05,05001,"DIRECCION 1E","SUCURSAL ESCUINTLA 1",1,1,14.290476, -90.780166);


 -- Guatemala
 INSERT INTO Sucursal VALUES (4,01,01001,"DIRECCION 1G","SUCURSAL GUATEMALA 1",1,1,14.617077, -90.513264);



 -- Huehuetenango
 INSERT INTO Sucursal VALUES (5,13,13001,"DIRECCION 1H","SUCURSAL HUEHUETENANGO 1",1,1,15.319327, -91.484763);

 INSERT INTO Sucursal VALUES (6,13,13026,"DIRECCION 2H","SUCURSAL HUEHUETENANGO 2",1,1,15.801955, -91.314562);

 -- Izabal
 INSERT INTO Sucursal VALUES (7,18,18001,"DIRECCION 1I","SUCURSAL IZABAL 1",1,1,15.694378, -88.587287);




 -- Peten
 INSERT INTO Sucursal VALUES (8,17,17001,"DIRECCION 1P","SUCURSAL PETEN 1",1,1,16.914446, -89.893148);

 -- Quetzaltenango
 INSERT INTO Sucursal VALUES (9,09,09001,"DIRECCION 1Q","SUCURSAL QUETZALTENANGO 1",1,1,14.846037, -91.535832);


 -- Quiche
 INSERT INTO Sucursal VALUES (10,14,14006,"DIRECCION 1Q","SUCURSAL QUICHE 1",1,1,14.944375, -91.108910);


 -- Retalhuleu
 INSERT INTO Sucursal VALUES (11,11,11001,"DIRECCION 1R","SUCURSAL RETALHULEU 1",1,1,14.536894, -91.678130);

 -- San Marcos
 INSERT INTO Sucursal VALUES (12,12,12015,"DIRECCION 1S","SUCURSAL SAN MARCOS 1",1,1,14.908584, -92.056549);

 -- Solola
INSERT INTO Sucursal VALUES (13,07,07001,"DIRECCION 1S","SUCURSAL SOLOLA 1",1,1,14.768691, -91.182609);

-- Totonicapan
INSERT INTO Sucursal VALUES (14,08,08001,"DIRECCION 1T","SUCURSAL TOTONICAPAN 1",1,1,14.911346, -91.360857);
*/


-- Rutas Internas
-- id,idOrigen,idDestino,distancia,dias,costo
-- Alta Verapaz

-- INSERT INTO Ruta VALUES (001,4,1,9.2,0,0);
-- INSERT INTO Ruta VALUES (002,4,2,10.2,0,0);



-- Usuarios para emisor y receptor

-- INSERT INTO Envio VALUES (1,43,44,1,2,"2023-11-24",245);

/*

(2,'HONDA','PICKUP', 'P123SDM', '2', '2010', 2, 2, 1),
       (3,'ISUZU','CAMION', 'C-987ABC', '2', '2010', 2, 2, 1),
       (4,'MERCEDEZ BENZ','CAMION', 'C-543XYZ', '2', '2013', 2, 2, 1),
       (5,'KIA','CAMION', 'P-654LMN', '2', '2001', 2, 2, 1),
       (6,'KIA','FURGONETA', 'P-321DEF', '2', '2016', 2, 2, 1),
       (7,'KIA','FURGONETA', 'P-789JKL', '2', '2016', 2, 2, 1),
       (8,'KIA','FURGONETA', 'P-234MNO', '2', '2017', 2, 2, 1),
       (9,'HINO','CAMION', 'C-876PQR', '2', '2021', 2, 2, 1),
       (10,'FORD','CAMION', 'C-432STU', '2', '2024', 2, 2, 1),
       (11,'FORD','CAMION', 'C-567VWX', '2', '2025', 2, 2, 1),
       (12,'HINO','CAMION', 'C-109YZA', '2', '2026', 2, 2, 1),
       (13,'NISSAN','CAMION', 'C-609JKL', '2', '2021', 2, 2, 1),
       
       (15,'Mitsubishi Fuso', 'CAMION','C-374PQR', '2', '2025', 2, 2, 1),
       (16,'Mitsubishi Fuso','CAMION', 'C-527STU', '2', '2026', 2, 2, 1),
       (17,'HINO','CAMION', 'C-725SQU', '2', '2026', 2, 2, 1),
       (18,'Hino','CAMION', 'C-122ABU', '2', '2026', 2, 2, 1)

       (2,1,'Mitsubishi Fuso','CAMION', 'C-185MNO', '2', '2024', 2, 2, 10),
*/
INSERT INTO Vehiculo (idVehiculo,idSucursal, marca,tipo, placa, tonelage, anio, noAsientos, capacidadVol, capacidadTon)
VALUES 
      (1 , 1,'TOYOTA','PICKUP', 'P1231SDMN',  '2', '2014', 2, 2, 1),
      (2 , 2,'TOYOTA','PICKUP', 'P1232SDMN',  '2', '2014', 2, 2, 1),
      (3 , 3,'TOYOTA','PICKUP', 'P1233SDMN',  '2', '2014', 2, 2, 1),
      (4 , 4,'TOYOTA','PICKUP', 'P1234SDMN',  '2', '2014', 2, 2, 1),
      (5 , 5,'TOYOTA','PICKUP', 'P1235SDMN',  '2', '2014', 2, 2, 1),
      (6 , 6,'TOYOTA','PICKUP', 'P1236SDMN',  '2', '2014', 2, 2, 1),
      (7 , 7,'TOYOTA','PICKUP', 'P1237SDMN',  '2', '2014', 2, 2, 1),
      (8 , 8,'TOYOTA','PICKUP', 'P1238SDMN',  '2', '2014', 2, 2, 1),
      (9 , 9,'TOYOTA','PICKUP', 'P1239SDMN',  '2', '2014', 2, 2, 1),
      (10,10,'TOYOTA','PICKUP', 'P12310SDMN', '2', '2014', 2, 2, 1),
      (11,11,'TOYOTA','PICKUP', 'P12311SDMN', '2', '2014', 2, 2, 1),
      (12,12,'TOYOTA','PICKUP', 'P12312SDMN', '2', '2014', 2, 2, 1),
      (13,13,'TOYOTA','PICKUP', 'P12313SDMN', '2', '2014', 2, 2, 1),
      (14,14,'TOYOTA','PICKUP', 'P12314SDMN', '2', '2014', 2, 2, 1),
      (15,15,'TOYOTA','PICKUP', 'P12315SDMN', '2', '2014', 2, 2, 1),
      (16,16,'TOYOTA','PICKUP', 'P12316SDMN', '2', '2014', 2, 2, 1),
      (17,17,'TOYOTA','PICKUP', 'P12317SDMN', '2', '2014', 2, 2, 1),
      (18,18,'TOYOTA','PICKUP', 'P12318SDMN', '2', '2014', 2, 2, 1),
      (19,19,'TOYOTA','PICKUP', 'P12319SDMN', '2', '2014', 2, 2, 1),
      (20,20,'TOYOTA','PICKUP', 'P12320SDMN', '2', '2014', 2, 2, 1),
      (21,21,'TOYOTA','PICKUP', 'P12321SDMN', '2', '2014', 2, 2, 1),
      (22,22,'TOYOTA','PICKUP', 'P12322SDMN', '2', '2014', 2, 2, 1),
      (23,23,'TOYOTA','PICKUP', 'P12323SDMN', '2', '2014', 2, 2, 1),
      (24,24,'TOYOTA','PICKUP', 'P12324SDMN', '2', '2014', 2, 2, 1),
      (25,25,'TOYOTA','PICKUP', 'P12325SDMN', '2', '2014', 2, 2, 1),
      (26,26,'TOYOTA','PICKUP', 'P12326SDMN', '2', '2014', 2, 2, 1),
      (27,27,'TOYOTA','PICKUP', 'P12327SDMN', '2', '2014', 2, 2, 1),
      (28,28,'TOYOTA','PICKUP', 'P12328SDMN', '2', '2014', 2, 2, 1),
      (29,29,'TOYOTA','PICKUP', 'P12329SDMN', '2', '2014', 2, 2, 1),
      (30,30,'TOYOTA','PICKUP', 'P12330SDMN', '2', '2014', 2, 2, 1),
      (31,31,'TOYOTA','PICKUP', 'P12331SDMN', '2', '2014', 2, 2, 1),
      (32,32,'TOYOTA','PICKUP', 'P12332SDMN', '2', '2014', 2, 2, 1),
      (33,33,'TOYOTA','PICKUP', 'P12333SDMN', '2', '2014', 2, 2, 1),
      (34,34,'TOYOTA','PICKUP', 'P12334SDMN', '2', '2014', 2, 2, 1),
      (35,35,'TOYOTA','PICKUP', 'P12335SDMN', '2', '2014', 2, 2, 1),
      (36,36,'TOYOTA','PICKUP', 'P12336SDMN', '2', '2014', 2, 2, 1),
      (37,37,'TOYOTA','PICKUP', 'P12337SDMN', '2', '2014', 2, 2, 1),
      (38,38,'TOYOTA','PICKUP', 'P12338SDMN', '2', '2014', 2, 2, 1),
      (39,39,'TOYOTA','PICKUP', 'P12339SDMN', '2', '2014', 2, 2, 1),
      (40,40,'TOYOTA','PICKUP', 'P12340SDMN', '2', '2014', 2, 2, 1),
      (41,41,'TOYOTA','PICKUP', 'P12341SDMN', '2', '2014', 2, 2, 1),
      (42,42,'TOYOTA','PICKUP', 'P12342SDMN', '2', '2014', 2, 2, 1),
      (43,43,'TOYOTA','PICKUP', 'P12343SDMN', '2', '2014', 2, 2, 1),
      (44,44,'TOYOTA','PICKUP', 'P12344SDMN', '2', '2014', 2, 2, 1),
      (45,45,'TOYOTA','PICKUP', 'P12345SDMN', '2', '2014', 2, 2, 1),
      (46,46,'TOYOTA','PICKUP', 'P12346SDMN', '2', '2014', 2, 2, 1),
      (47,47,'TOYOTA','PICKUP', 'P12347SDMN', '2', '2014', 2, 2, 1),
      (48,48,'TOYOTA','PICKUP', 'P12348SDMN', '2', '2014', 2, 2, 1),
      (49,49,'TOYOTA','PICKUP', 'P12349SDMN', '2', '2014', 2, 2, 1),
      (50,50,'TOYOTA','PICKUP', 'P12350SDMN', '2', '2014', 2, 2, 1),
      (51,51,'TOYOTA','PICKUP', 'P12351SDMN', '2', '2014', 2, 2, 1),
      (52,52,'TOYOTA','PICKUP', 'P12352SDMN', '2', '2014', 2, 2, 1),
      (53,53,'TOYOTA','PICKUP', 'P12353SDMN', '2', '2014', 2, 2, 1),
      (54,54,'TOYOTA','PICKUP', 'P12354SDMN', '2', '2014', 2, 2, 1),
      (55,55,'TOYOTA','PICKUP', 'P12355SDMN', '2', '2014', 2, 2, 1),
      (56,56,'TOYOTA','PICKUP', 'P12356SDMN', '2', '2014', 2, 2, 1),
      (57,57,'TOYOTA','PICKUP', 'P12357SDMN', '2', '2014', 2, 2, 1),
      (58,58,'TOYOTA','PICKUP', 'P12358SDMN', '2', '2014', 2, 2, 1),
      (59,59,'TOYOTA','PICKUP', 'P12359SDMN', '2', '2014', 2, 2, 1),
      (60,60,'TOYOTA','PICKUP', 'P12360SDMN', '2', '2014', 2, 2, 1),
      (61,61,'TOYOTA','PICKUP', 'P12361SDMN', '2', '2014', 2, 2, 1),
      (62,62,'TOYOTA','PICKUP', 'P12362SDMN', '2', '2014', 2, 2, 1)       
    ;


/*
INSERT INTO Vehiculo_Sucursal
    (idVehiculo, idSucursal, fechaCompra) VALUES
    (1, 1, '2023-10-20 12:33:18'),
    (2, 8, '2023-10-20 12:33:18'),
    (3, 10, '2023-10-20 12:33:18'),
    (4, 11, '2023-10-20 12:33:18'),
    (5, 13, '2023-10-20 12:33:18'),
    (6, 14, '2023-10-20 12:33:18'),
    (7, 15, '2023-10-20 12:33:18'),
    (8, 42, '2023-10-20 12:33:18'),
    (9, 44, '2023-10-20 12:33:18'),
    (10, 46, '2023-10-20 12:33:18'),
    (11, 48, '2023-10-20 12:33:18'),
    (12, 50, '2023-10-20 12:33:18'),
    (13, 51, '2023-10-20 12:33:18'),
    (14, 54, '2023-10-20 12:33:18'),
    (15, 58, '2023-10-20 12:33:18'),
    (16, 59, '2023-10-20 12:33:18'),
    (17, 60, '2023-10-20 12:33:18'),
    (18, 61, '2023-10-20 12:33:18');

*/



-- Rutas Internas
-- id,idOrigen,idDestino,distancia,dias,costo
-- Alta Verapaz

INSERT INTO Ruta VALUES (001,4,1,9.2,0,0);
INSERT INTO Ruta VALUES (002,4,2,10.2,0,0);
INSERT INTO Ruta VALUES (003,4,3,11.2,0,0);
INSERT INTO Ruta VALUES (004,4,5,3,0,0);
INSERT INTO Ruta VALUES (005,4,6,75.5,0,0);
INSERT INTO Ruta VALUES (006,4,7,127,0,0);

-- Chimaltenango
INSERT INTO Ruta VALUES (007,9,8,34,0,0);

-- Escuintla
INSERT INTO Ruta VALUES (008,11,12,5,0,0);

INSERT INTO Ruta VALUES (010,11,13,38.8,0,0);

-- Guatemala
INSERT INTO Ruta VALUES (011,14,15,2,0,0);
INSERT INTO Ruta VALUES (012,14,16,3,0,0);
INSERT INTO Ruta VALUES (013,14,17,2,0,0);
INSERT INTO Ruta VALUES (014,14,18,6,0,0);
INSERT INTO Ruta VALUES (015,14,19,6,0,0);
INSERT INTO Ruta VALUES (016,14,20,8,0,0);
INSERT INTO Ruta VALUES (017,14,21,1,0,0);
INSERT INTO Ruta VALUES (018,14,22,12,0,0);
INSERT INTO Ruta VALUES (047,14,23,9.2,0,0);

INSERT INTO Ruta VALUES (019,14,24,14,0,0);
INSERT INTO Ruta VALUES (020,14,25,17,0,0);
INSERT INTO Ruta VALUES (021,14,26,18,0,0);
INSERT INTO Ruta VALUES (022,14,27,23,0,0);
INSERT INTO Ruta VALUES (023,14,28,23,0,0);

INSERT INTO Ruta VALUES (024,14,29,17,0,0);
INSERT INTO Ruta VALUES (025,14,30,19,0,0);
INSERT INTO Ruta VALUES (026,14,31,21,0,0);
INSERT INTO Ruta VALUES (027,14,32,16,0,0);
INSERT INTO Ruta VALUES (028,14,33,16,0,0);

INSERT INTO Ruta VALUES (029,14,34,16,0,0);
INSERT INTO Ruta VALUES (030,14,35,19,0,0);
INSERT INTO Ruta VALUES (031,14,36,21,0,0);
INSERT INTO Ruta VALUES (048,14,37,21,0,0);


INSERT INTO Ruta VALUES (032,14,38,28.8,0,0);
INSERT INTO Ruta VALUES (033,14,39,30.8,0,0);

INSERT INTO Ruta VALUES (034,14,40,28.6,0,0);

INSERT INTO Ruta VALUES (035,14,41,20,0,0);

-- Huehuetenango
INSERT INTO Ruta VALUES (036,42,43,138,0,0);

-- Izabal
INSERT INTO Ruta VALUES (037,45,44,54,0,0);

-- Jalapa
INSERT INTO Ruta VALUES (038,46,47,15,0,0);

-- Jutiapa
INSERT INTO Ruta VALUES (039,48,49,23,0,0);

-- Quetzaltenango
INSERT INTO Ruta VALUES (040,51,52,8,0,0);

INSERT INTO Ruta VALUES (041,51,53,62,0,0);

-- Quiche
INSERT INTO Ruta VALUES (042,54,55,338,0,0);

INSERT INTO Ruta VALUES (043,54,56,52,0,0);

INSERT INTO Ruta VALUES (044,54,57,17,0,0);

-- Totonicapan
INSERT INTO Ruta VALUES (045,61,62,28,0,0);

-- Retorno para doble via De internas a Principal
-- Alta Verapaz
INSERT INTO Ruta VALUES (049,1,4,9.2,0,0);
INSERT INTO Ruta VALUES (050,2,4,10.2,0,0);
INSERT INTO Ruta VALUES (051,3,4,11.2,0,0);
INSERT INTO Ruta VALUES (052,5,4,3,0,0);
INSERT INTO Ruta VALUES (054,6,4,75.5,0,0);
INSERT INTO Ruta VALUES (055,7,4,127,0,0);

-- Chimaltenango
INSERT INTO Ruta VALUES (056,8,9,34,0,0);

-- Escuintla
INSERT INTO Ruta VALUES (057,12,11,5,0,0);

INSERT INTO Ruta VALUES (058,13,11,38.8,0,0);

-- Guatemala
INSERT INTO Ruta VALUES (059,15,14,2,0,0);
INSERT INTO Ruta VALUES (060,16,14,3,0,0);
INSERT INTO Ruta VALUES (061,17,14,2,0,0);
INSERT INTO Ruta VALUES (062,18,14,6,0,0);
INSERT INTO Ruta VALUES (063,19,14,6,0,0);
INSERT INTO Ruta VALUES (064,20,14,8,0,0);
INSERT INTO Ruta VALUES (065,21,14,1,0,0);
INSERT INTO Ruta VALUES (066,22,14,12,0,0);
INSERT INTO Ruta VALUES (067,23,14,9.2,0,0);

INSERT INTO Ruta VALUES (068,24,14,14,0,0);
INSERT INTO Ruta VALUES (069,25,14,17,0,0);
INSERT INTO Ruta VALUES (070,26,14,18,0,0);
INSERT INTO Ruta VALUES (071,27,14,23,0,0);
INSERT INTO Ruta VALUES (072,28,14,23,0,0);

INSERT INTO Ruta VALUES (073,29,14,17,0,0);
INSERT INTO Ruta VALUES (074,30,14,19,0,0);
INSERT INTO Ruta VALUES (075,31,14,21,0,0);
INSERT INTO Ruta VALUES (076,32,14,16,0,0);
INSERT INTO Ruta VALUES (077,33,14,16,0,0);

INSERT INTO Ruta VALUES (078,34,14,16,0,0);
INSERT INTO Ruta VALUES (079,35,14,19,0,0);
INSERT INTO Ruta VALUES (080,36,14,21,0,0);
INSERT INTO Ruta VALUES (081,37,14,21,0,0);


INSERT INTO Ruta VALUES (082,38,14,28.8,0,0);
INSERT INTO Ruta VALUES (083,39,14,30.8,0,0);

INSERT INTO Ruta VALUES (084,40,14,28.6,0,0);

INSERT INTO Ruta VALUES (085,41,14,20,0,0);

-- Huehuetenango
INSERT INTO Ruta VALUES (086,43,42,138,0,0);

-- Izabal
INSERT INTO Ruta VALUES (087,44,45,54,0,0);

-- Jalapa
INSERT INTO Ruta VALUES (088,47,46,15,0,0);

-- Jutiapa
INSERT INTO Ruta VALUES (089,49,48,23,0,0);

-- Quetzaltenango
INSERT INTO Ruta VALUES (090,52,51,8,0,0);

INSERT INTO Ruta VALUES (091,53,51,62,0,0);

-- Quiche
INSERT INTO Ruta VALUES (092,55,54,338,0,0);

INSERT INTO Ruta VALUES (093,56,54,52,0,0);

INSERT INTO Ruta VALUES (094,57,54,17,0,0);

-- Totonicapan
INSERT INTO Ruta VALUES (095,62,61,28,0,0);

-- Rutas para comunicacion entre sucursales departamentales

-- Alta verapaz
    -- >a flores peten
INSERT INTO Ruta VALUES (096,4,50,150,0,0);
    -- >a guatemala
INSERT INTO Ruta VALUES (097,4,14,211,0,0);

-- Chimaltenango
    -- >Quetzaltenango
INSERT INTO Ruta VALUES (098,9,51,148,0,0);
    -- >Guatemala
INSERT INTO Ruta VALUES (099,9,14,51,0,0);

-- Chiquimula
    -- >Jutiapa
INSERT INTO Ruta VALUES (100,10,48,92,0,0);
    -- >Izabal (Morales)
INSERT INTO Ruta VALUES (101,10,45,142,0,0);

-- Escuintla
    -- >Reu
INSERT INTO Ruta VALUES (102,11,58,132,0,0);
    -- >Guatemala
INSERT INTO Ruta VALUES (103,11,14,67,0,0);

-- Guatemala
    -- >Chimaltenango
INSERT INTO Ruta VALUES (104,14,9,51,0,0);
    -- >Escuintla
INSERT INTO Ruta VALUES (105,14,11,67,0,0);
    -- >Jutiapa
INSERT INTO Ruta VALUES (106,14,48,123,0,0);
    -- >Jalapa
INSERT INTO Ruta VALUES (107,14,48,100,0,0);
    -- >Alta verapaz
INSERT INTO Ruta VALUES (108,14,4,211,0,0);

-- Huehuetenango
    -- >Quetzaltenango
INSERT INTO Ruta VALUES (109,42,51,90,0,0);

-- Izabal (Morales)
    -- >Chiquimula
INSERT INTO Ruta VALUES (110,45,10,142,0,0);
    -- >Peten
INSERT INTO Ruta VALUES (111,45,50,142,0,0);

-- Jalapa
    -- >Guatemala
INSERT INTO Ruta VALUES (112,46,14,100,0,0);
    -- >Jutiapa
INSERT INTO Ruta VALUES (113,46,48,55.6,0,0);

-- Jutiapa
    -- >Guatemala
INSERT INTO Ruta VALUES (114,48,14,123,0,0);
    -- >Jalapa
INSERT INTO Ruta VALUES (115,48,46,55.6,0,0);
    -- >Chiquimula
INSERT INTO Ruta VALUES (116,48,46,92,0,0);

-- Peten
    -- >Alta Verapaz
INSERT INTO Ruta VALUES (117,50,4,150,0,0);
    -- >Izabal
INSERT INTO Ruta VALUES (118,50,45,142,0,0);

-- Quetzaltenango
    -- >San Marcos (Malacatan)
INSERT INTO Ruta VALUES (119,51,59,50,0,0);
    -- >Reu
INSERT INTO Ruta VALUES (120,51,58,75,0,0);
    -- >Guatemala
INSERT INTO Ruta VALUES (121,51,14,213,0,0);
    -- >Totonicapan
INSERT INTO Ruta VALUES (122,51,61,27,0,0);
    -- Huehuetenango
INSERT INTO Ruta VALUES (123,51,42,90,0,0);

-- Quiche (Chichicastenango)
    -- >Totonicapan
INSERT INTO Ruta VALUES (124,54,51,52,0,0);

-- Reu
    -- >Escuintla
INSERT INTO Ruta VALUES (125,58,11,132,0,0);
    -- >Quetzaltenango
INSERT INTO Ruta VALUES (126,58,51,75,0,0);

-- San Marcos (Malacatan)
    -- >Quetzaltenango
INSERT INTO Ruta VALUES (127,59,51,50,0,0);

-- Totonicapan
    -- >Quetzaltenango
INSERT INTO Ruta VALUES (128,61,51,27,0,0);
    -- >Quiche
INSERT INTO Ruta VALUES (129,61,54,52,0,0);






--ROLES
INSERT INTO Rol (`nombre`, `descripcion`) VALUES
('Gerente de Operaciones Logísticas', 'Responsable de supervisar y optimizar las operaciones diarias de recepción, almacenamiento y envío de paquetes. Coordina equipos para garantizar eficiencia y cumplimiento de plazos.'),
('Especialista en Rastreo y Seguimiento', 'Encargado de monitorear el movimiento de los paquetes en tiempo real. Responde a consultas de clientes sobre la ubicación y el estado de sus envíos.'),
('Coordinador de Distribución', 'Organiza y gestiona la entrega de paquetes a destinatarios finales, asegurando la puntualidad y la integridad de los envíos.'),
('Inspector de Calidad de Empaques', 'Evalúa y asegura la calidad del embalaje de los paquetes para prevenir daños durante el transporte y garantizar la satisfacción del cliente.'),
('Agente de Atención al Cliente', 'Brinda asistencia y resuelve consultas de clientes relacionadas con envíos, horarios, tarifas y otros servicios de paquetería.'),
('Especialista en Aduanas', 'Encargado de gestionar los trámites aduaneros para envíos internacionales, asegurando el cumplimiento de regulaciones y normativas.'),
('Conductor de Entregas', 'Responsable de conducir vehículos de reparto y entregar paquetes de manera segura y oportuna a los destinatarios finales.'),
('Técnico de Mantenimiento de Vehículos', 'Realiza el mantenimiento preventivo y correctivo de la flota de vehículos de la empresa de paquetería.'),
('Analista de Datos Logísticos', 'Recopila y analiza datos relacionados con las operaciones logísticas para identificar áreas de mejora y aumentar la eficiencia.'),
('Especialista en Seguridad de Almacén', 'Garantiza la seguridad física y de datos en los almacenes de la empresa de paquetería, implementando medidas preventivas y de control.');


--PERSONAS

INSERT INTO Persona 
(`idPersona`,`nombre`, `edad`, `domicilio`, `celular`, `nit`, `password`) VALUES
('1','Persona 1', 30, 'Calle 1 Ciudad A', '123456789', 10001, 'admin123'),
('2','Persona 2', 25, 'Calle 2 Ciudad B', '123456789', 10002, 'admin123'),
('3','Persona 3', 25, 'Calle 3 Ciudad C', '123456789', 10003, 'admin123'),
('4','Persona 4', 25, 'Calle 4 Ciudad D', '123456789', 10004, 'admin123'),
('5','Persona 5', 25, 'Calle 5 Ciudad E', '123456789', 10005, 'admin123'),
('6','Persona 6', 25, 'Calle 6 Ciudad F', '123456789', 10006, 'admin123'),
('7','Persona 7', 25, 'Calle 7 Ciudad G', '123456789', 10007, 'admin123'),
('8','Persona 8', 25, 'Calle 8 Ciudad H', '123456789', 10008, 'admin123'),
('9','Persona 9', 25, 'Calle 9 Ciudad I', '123456789', 10009, 'admin123'),
('10','Persona 10', 25, 'Calle 0 Ciudad J', '123456789', 100010, 'admin123'),
('11','Persona 11', 30, 'Calle 1 Ciudad A', '123456789', 100011, 'admin123'),
('12','Persona 12', 25, 'Calle 2 Ciudad B', '123456789', 100012, 'admin123'),
('13','Persona 13', 25, 'Calle 3 Ciudad C', '123456789', 100013, 'admin123'),
('14','Persona 14', 25, 'Calle 4 Ciudad D', '123456789', 100014, 'admin123'),
('15','Persona 15', 25, 'Calle 5 Ciudad E', '123456789', 100015, 'admin123'),
('16','Persona 16', 25, 'Calle 6 Ciudad F', '123456789', 100016, 'admin123'),
('17','Persona 17', 25, 'Calle 7 Ciudad G', '123456789', 100017, 'admin123'),
('18','Persona 18', 25, 'Calle 8 Ciudad H', '123456789', 100018, 'admin123'),
('19','Persona 19', 25, 'Calle 9 Ciudad I', '123456789', 100019, 'admin123'),
('20','Persona 20', 25, 'Calle 0 Ciudad J', '123456789', 100020, 'admin123'),
('21','Persona 21', 30, 'Calle 1 Ciudad A', '123456789', 100021, 'admin123'),
('22','Persona 22', 25, 'Calle 2 Ciudad B', '123456789', 100022, 'admin123'),
('23','Persona 23', 25, 'Calle 3 Ciudad C', '123456789', 100023, 'admin123'),
('24','Persona 24', 25, 'Calle 4 Ciudad D', '123456789', 100024, 'admin123'),
('25','Persona 25', 25, 'Calle 5 Ciudad E', '123456789', 100025, 'admin123'),
('26','Persona 26', 25, 'Calle 6 Ciudad F', '123456789', 100026, 'admin123'),
('27','Persona 27', 25, 'Calle 7 Ciudad G', '123456789', 100027, 'admin123'),
('28','Persona 28', 25, 'Calle 8 Ciudad H', '123456789', 100028, 'admin123'),
('29','Persona 29', 25, 'Calle 9 Ciudad I', '123456789', 100029, 'admin123'),
('30','Persona 30', 25, 'Calle 0 Ciudad J', '123456789', 100030, 'admin123'),
('31','Persona 31', 30, 'Calle 1 Ciudad A', '123456789', 100031, 'admin123'),
('32','Persona 32', 25, 'Calle 2 Ciudad B', '123456789', 100032, 'admin123'),
('33','Persona 33', 25, 'Calle 3 Ciudad C', '123456789', 100033, 'admin123'),
('34','Persona 34', 25, 'Calle 4 Ciudad D', '123456789', 100034, 'admin123'),
('35','Persona 35', 25, 'Calle 5 Ciudad E', '123456789', 100035, 'admin123'),
('36','Persona 36', 25, 'Calle 6 Ciudad F', '123456789', 100036, 'admin123'),
('37','Persona 37', 25, 'Calle 7 Ciudad G', '123456789', 100037, 'admin123'),
('38','Persona 38', 25, 'Calle 8 Ciudad H', '123456789', 100038, 'admin123'),
('39','Persona 39', 25, 'Calle 9 Ciudad I', '123456789', 100039, 'admin123'),
('40','Persona 40', 25, 'Calle 0 Ciudad J', '123456789', 100040, 'admin123'),
('41','Persona 41', 30, 'Calle 1 Ciudad A', '123456789', 100041, 'admin123'),
('42','Persona 42', 25, 'Calle 2 Ciudad B', '123456789', 100042, 'admin123'),
('43','Persona 43', 25, 'Calle 3 Ciudad C', '123456789', 100043, 'admin123'),
('44','Persona 44', 25, 'Calle 4 Ciudad D', '123456789', 100044, 'admin123'),
('45','Persona 45', 25, 'Calle 5 Ciudad E', '123456789', 100045, 'admin123'),
('46','Persona 46', 25, 'Calle 6 Ciudad F', '123456789', 100046, 'admin123'),
('47','Persona 47', 25, 'Calle 7 Ciudad G', '123456789', 100047, 'admin123'),
('48','Persona 48', 25, 'Calle 8 Ciudad H', '123456789', 100048, 'admin123'),
('49','Persona 49', 25, 'Calle 9 Ciudad I', '123456789', 100049, 'admin123'),
('50','Persona 50', 25, 'Calle 0 Ciudad J', '123456789', 100050, 'admin123');


--Personal
insert into Personal (idPersonal, idPersona, idRol, idSucursal) values (1, 1, 4, 58);
insert into Personal (idPersonal, idPersona, idRol, idSucursal) values (2, 2, 1, 51);
insert into Personal (idPersonal, idPersona, idRol, idSucursal) values (3, 3, 9, 11);
insert into Personal (idPersonal, idPersona, idRol, idSucursal) values (4, 4, 8, 9);
insert into Personal (idPersonal, idPersona, idRol, idSucursal) values (5, 5, 1, 9);
insert into Personal (idPersonal, idPersona, idRol, idSucursal) values (6, 6, 7, 42);
insert into Personal (idPersonal, idPersona, idRol, idSucursal) values (7, 7, 1, 50);
insert into Personal (idPersonal, idPersona, idRol, idSucursal) values (8, 8, 3, 59);
insert into Personal (idPersonal, idPersona, idRol, idSucursal) values (9, 9, 2, 59);
insert into Personal (idPersonal, idPersona, idRol, idSucursal) values (10, 10, 10, 9);
insert into Personal (idPersonal, idPersona, idRol, idSucursal) values (11, 11, 10, 9);
insert into Personal (idPersonal, idPersona, idRol, idSucursal) values (12, 12, 1, 9);
insert into Personal (idPersonal, idPersona, idRol, idSucursal) values (13, 13, 2, 11);
insert into Personal (idPersonal, idPersona, idRol, idSucursal) values (14, 14, 4, 8);
insert into Personal (idPersonal, idPersona, idRol, idSucursal) values (15, 15, 2, 51);
insert into Personal (idPersonal, idPersona, idRol, idSucursal) values (16, 16, 3, 50);
insert into Personal (idPersonal, idPersona, idRol, idSucursal) values (17, 17, 8, 9);
insert into Personal (idPersonal, idPersona, idRol, idSucursal) values (18, 18, 1, 58);
insert into Personal (idPersonal, idPersona, idRol, idSucursal) values (19, 19, 5, 58);
insert into Personal (idPersonal, idPersona, idRol, idSucursal) values (20, 20, 3, 59);
insert into Personal (idPersonal, idPersona, idRol, idSucursal) values (21, 21, 3, 11);
insert into Personal (idPersonal, idPersona, idRol, idSucursal) values (22, 22, 7, 14);
insert into Personal (idPersonal, idPersona, idRol, idSucursal) values (23, 23, 5, 42);
insert into Personal (idPersonal, idPersona, idRol, idSucursal) values (24, 24, 7, 14);
insert into Personal (idPersonal, idPersona, idRol, idSucursal) values (25, 25, 1, 50);
insert into Personal (idPersonal, idPersona, idRol, idSucursal) values (26, 26, 10, 42);
insert into Personal (idPersonal, idPersona, idRol, idSucursal) values (27, 27, 9, 11);
insert into Personal (idPersonal, idPersona, idRol, idSucursal) values (28, 28, 7, 14);
insert into Personal (idPersonal, idPersona, idRol, idSucursal) values (29, 29, 4, 1);
insert into Personal (idPersonal, idPersona, idRol, idSucursal) values (30, 30, 3, 14);
insert into Personal (idPersonal, idPersona, idRol, idSucursal) values (31, 31, 8, 50);
insert into Personal (idPersonal, idPersona, idRol, idSucursal) values (32, 32, 7, 1);
insert into Personal (idPersonal, idPersona, idRol, idSucursal) values (33, 33, 7, 11);
insert into Personal (idPersonal, idPersona, idRol, idSucursal) values (34, 34, 4, 42);
insert into Personal (idPersonal, idPersona, idRol, idSucursal) values (35, 35, 3, 8);
insert into Personal (idPersonal, idPersona, idRol, idSucursal) values (36, 36, 5, 9);
insert into Personal (idPersonal, idPersona, idRol, idSucursal) values (37, 37, 1, 1);
insert into Personal (idPersonal, idPersona, idRol, idSucursal) values (38, 38, 3, 9);
insert into Personal (idPersonal, idPersona, idRol, idSucursal) values (39, 39, 7, 4);
insert into Personal (idPersonal, idPersona, idRol, idSucursal) values (40, 40, 6, 4);
insert into Personal (idPersonal, idPersona, idRol, idSucursal) values (41, 41, 9, 58);
insert into Personal (idPersonal, idPersona, idRol, idSucursal) values (42, 42, 6, 9);
insert into Personal (idPersonal, idPersona, idRol, idSucursal) values (43, 43, 3, 51);
insert into Personal (idPersonal, idPersona, idRol, idSucursal) values (44, 44, 3, 1);
insert into Personal (idPersonal, idPersona, idRol, idSucursal) values (45, 45, 8, 14);
insert into Personal (idPersonal, idPersona, idRol, idSucursal) values (46, 46, 3, 11);
insert into Personal (idPersonal, idPersona, idRol, idSucursal) values (47, 47, 9, 58);
insert into Personal (idPersonal, idPersona, idRol, idSucursal) values (48, 48, 10, 50);
insert into Personal (idPersonal, idPersona, idRol, idSucursal) values (49, 49, 4, 59);
insert into Personal (idPersonal, idPersona, idRol, idSucursal) values (50, 50, 2, 59);

--Asambleas
--Se realiza 1 asamblea al mes por 2 anios
--24 Asambleas, todas realizadas el primer dia del mes
-- yyyy-mm-dd hh:mm:ss

insert into Asamblea (idAsamblea, fechaRealizada, lugarRealizada) values (1, '2021-01-01 00:00:00', 'Newton');
insert into Asamblea (idAsamblea, fechaRealizada, lugarRealizada) values (2, '2021-02-01 00:00:00', 'Blois');
insert into Asamblea (idAsamblea, fechaRealizada, lugarRealizada) values (3, '2021-03-01 00:00:00', 'Somovo');
insert into Asamblea (idAsamblea, fechaRealizada, lugarRealizada) values (4, '2021-04-01 00:00:00', 'Selishche');
insert into Asamblea (idAsamblea, fechaRealizada, lugarRealizada) values (5, '2021-05-01 00:00:00', 'La Caleta Culebras');
insert into Asamblea (idAsamblea, fechaRealizada, lugarRealizada) values (6, '2021-06-01 00:00:00', 'Yayao');
insert into Asamblea (idAsamblea, fechaRealizada, lugarRealizada) values (7, '2021-07-01 00:00:00', 'Dimitrovgrad');
insert into Asamblea (idAsamblea, fechaRealizada, lugarRealizada) values (8, '2021-08-01 00:00:00', 'Tigbinan');
insert into Asamblea (idAsamblea, fechaRealizada, lugarRealizada) values (9, '2021-09-01 00:00:00', 'Bara Datu');
insert into Asamblea (idAsamblea, fechaRealizada, lugarRealizada) values (10, '2021-10-01 00:00:00', 'Candon');
insert into Asamblea (idAsamblea, fechaRealizada, lugarRealizada) values (11, '2021-11-01 00:00:00', 'Kristianstad');
insert into Asamblea (idAsamblea, fechaRealizada, lugarRealizada) values (12, '2021-12-01 00:00:00', 'Arroyo Salado');
insert into Asamblea (idAsamblea, fechaRealizada, lugarRealizada) values (13, '2021-01-01 00:00:00', 'Zhaozhen');
insert into Asamblea (idAsamblea, fechaRealizada, lugarRealizada) values (14, '2021-02-01 00:00:00', 'Agdangan');
insert into Asamblea (idAsamblea, fechaRealizada, lugarRealizada) values (15, '2021-03-01 00:00:00', 'Gedaliang');
insert into Asamblea (idAsamblea, fechaRealizada, lugarRealizada) values (16, '2021-04-01 00:00:00', 'Saño');
insert into Asamblea (idAsamblea, fechaRealizada, lugarRealizada) values (17, '2021-05-01 00:00:00', 'Cimişlia');
insert into Asamblea (idAsamblea, fechaRealizada, lugarRealizada) values (18, '2021-06-01 00:00:00', 'Ferme-Neuve');
insert into Asamblea (idAsamblea, fechaRealizada, lugarRealizada) values (19, '2021-07-01 00:00:00', 'Castrovirreyna');
insert into Asamblea (idAsamblea, fechaRealizada, lugarRealizada) values (20, '2021-08-01 00:00:00', 'Poste du Lac');
insert into Asamblea (idAsamblea, fechaRealizada, lugarRealizada) values (21, '2021-09-01 00:00:00', 'Chenārān');
insert into Asamblea (idAsamblea, fechaRealizada, lugarRealizada) values (22, '2021-10-01 00:00:00', 'Listvyanskiy');
insert into Asamblea (idAsamblea, fechaRealizada, lugarRealizada) values (23, '2021-11-01 00:00:00', 'Sitrah');
insert into Asamblea (idAsamblea, fechaRealizada, lugarRealizada) values (24, '2021-12-01 00:00:00', 'Gandu');


--Gastos
--Los gastos de tipo fijo son los que no tendras asamblea por lo que no cambiaran en 2 anios
--Mientras que los especiales van a cambiar durante el tiempo, y se deciden en la asamblea.

--Gastos fijos
insert into Gasto (idSucursal, descripcion, monto, tipo) values (1, 'Internet',      0454, 'FIJO');
insert into Gasto (idSucursal, descripcion, monto, tipo) values (1, 'Luz',           0300, 'FIJO');
insert into Gasto (idSucursal, descripcion, monto, tipo) values (1, 'Agua',          0300, 'FIJO');
insert into Gasto (idSucursal, descripcion, monto, tipo) values (1, 'Telefono',      0600, 'FIJO');
insert into Gasto (idSucursal, descripcion, monto, tipo) values (1, 'Alquiler',      2500, 'FIJO');
insert into Gasto (idSucursal, descripcion, monto, tipo) values (1, 'Mantenimiento', 0700, 'FIJO');
insert into Gasto (idSucursal, descripcion, monto, tipo) values (1, 'Gasolina',      5000, 'FIJO');
insert into Gasto (idSucursal, descripcion, monto, tipo) values (1, 'Seguro',        1500, 'FIJO');

insert into Gasto (idSucursal, descripcion, monto, tipo) values (4, 'Internet',      0454, 'FIJO');
insert into Gasto (idSucursal, descripcion, monto, tipo) values (4, 'Luz',           0300, 'FIJO');
insert into Gasto (idSucursal, descripcion, monto, tipo) values (4, 'Agua',          0300, 'FIJO');
insert into Gasto (idSucursal, descripcion, monto, tipo) values (4, 'Telefono',      0600, 'FIJO');
insert into Gasto (idSucursal, descripcion, monto, tipo) values (4, 'Alquiler',      2500, 'FIJO');
insert into Gasto (idSucursal, descripcion, monto, tipo) values (4, 'Mantenimiento', 0700, 'FIJO');
insert into Gasto (idSucursal, descripcion, monto, tipo) values (4, 'Gasolina',      5000, 'FIJO');
insert into Gasto (idSucursal, descripcion, monto, tipo) values (4, 'Seguro',        1500, 'FIJO');

insert into Gasto (idSucursal, descripcion, monto, tipo) values (8, 'Internet',      0454, 'FIJO');
insert into Gasto (idSucursal, descripcion, monto, tipo) values (8, 'Luz',           0300, 'FIJO');
insert into Gasto (idSucursal, descripcion, monto, tipo) values (8, 'Agua',          0300, 'FIJO');
insert into Gasto (idSucursal, descripcion, monto, tipo) values (8, 'Telefono',      0600, 'FIJO');
insert into Gasto (idSucursal, descripcion, monto, tipo) values (8, 'Alquiler',      2500, 'FIJO');
insert into Gasto (idSucursal, descripcion, monto, tipo) values (8, 'Mantenimiento', 0700, 'FIJO');
insert into Gasto (idSucursal, descripcion, monto, tipo) values (8, 'Gasolina',      5000, 'FIJO');
insert into Gasto (idSucursal, descripcion, monto, tipo) values (8, 'Seguro',        1500, 'FIJO');

insert into Gasto (idSucursal, descripcion, monto, tipo) values (9, 'Internet',      0454, 'FIJO');
insert into Gasto (idSucursal, descripcion, monto, tipo) values (9, 'Luz',           0300, 'FIJO');
insert into Gasto (idSucursal, descripcion, monto, tipo) values (9, 'Agua',          0300, 'FIJO');
insert into Gasto (idSucursal, descripcion, monto, tipo) values (9, 'Telefono',      0600, 'FIJO');
insert into Gasto (idSucursal, descripcion, monto, tipo) values (9, 'Alquiler',      2500, 'FIJO');
insert into Gasto (idSucursal, descripcion, monto, tipo) values (9, 'Mantenimiento', 0700, 'FIJO');
insert into Gasto (idSucursal, descripcion, monto, tipo) values (9, 'Gasolina',      5000, 'FIJO');
insert into Gasto (idSucursal, descripcion, monto, tipo) values (9, 'Seguro',        1500, 'FIJO');

insert into Gasto (idSucursal, descripcion, monto, tipo) values (11, 'Internet',      0454, 'FIJO');
insert into Gasto (idSucursal, descripcion, monto, tipo) values (11, 'Luz',           0300, 'FIJO');
insert into Gasto (idSucursal, descripcion, monto, tipo) values (11, 'Agua',          0300, 'FIJO');
insert into Gasto (idSucursal, descripcion, monto, tipo) values (11, 'Telefono',      0600, 'FIJO');
insert into Gasto (idSucursal, descripcion, monto, tipo) values (11, 'Alquiler',      2500, 'FIJO');
insert into Gasto (idSucursal, descripcion, monto, tipo) values (11, 'Mantenimiento', 0700, 'FIJO');
insert into Gasto (idSucursal, descripcion, monto, tipo) values (11, 'Gasolina',      5000, 'FIJO');
insert into Gasto (idSucursal, descripcion, monto, tipo) values (11, 'Seguro',        1500, 'FIJO');

insert into Gasto (idSucursal, descripcion, monto, tipo) values (14, 'Internet',      0454, 'FIJO');
insert into Gasto (idSucursal, descripcion, monto, tipo) values (14, 'Luz',           0300, 'FIJO');
insert into Gasto (idSucursal, descripcion, monto, tipo) values (14, 'Agua',          0300, 'FIJO');
insert into Gasto (idSucursal, descripcion, monto, tipo) values (14, 'Telefono',      0600, 'FIJO');
insert into Gasto (idSucursal, descripcion, monto, tipo) values (14, 'Alquiler',      2500, 'FIJO');
insert into Gasto (idSucursal, descripcion, monto, tipo) values (14, 'Mantenimiento', 0700, 'FIJO');
insert into Gasto (idSucursal, descripcion, monto, tipo) values (14, 'Gasolina',      5000, 'FIJO');
insert into Gasto (idSucursal, descripcion, monto, tipo) values (14, 'Seguro',        1500, 'FIJO');

insert into Gasto (idSucursal, descripcion, monto, tipo) values (42, 'Internet',      0454, 'FIJO');
insert into Gasto (idSucursal, descripcion, monto, tipo) values (42, 'Luz',           0300, 'FIJO');
insert into Gasto (idSucursal, descripcion, monto, tipo) values (42, 'Agua',          0300, 'FIJO');
insert into Gasto (idSucursal, descripcion, monto, tipo) values (42, 'Telefono',      0600, 'FIJO');
insert into Gasto (idSucursal, descripcion, monto, tipo) values (42, 'Alquiler',      2500, 'FIJO');
insert into Gasto (idSucursal, descripcion, monto, tipo) values (42, 'Mantenimiento', 0700, 'FIJO');
insert into Gasto (idSucursal, descripcion, monto, tipo) values (42, 'Gasolina',      5000, 'FIJO');
insert into Gasto (idSucursal, descripcion, monto, tipo) values (42, 'Seguro',        1500, 'FIJO');

insert into Gasto (idSucursal, descripcion, monto, tipo) values (50, 'Internet',      0454, 'FIJO');
insert into Gasto (idSucursal, descripcion, monto, tipo) values (50, 'Luz',           0300, 'FIJO');
insert into Gasto (idSucursal, descripcion, monto, tipo) values (50, 'Agua',          0300, 'FIJO');
insert into Gasto (idSucursal, descripcion, monto, tipo) values (50, 'Telefono',      0600, 'FIJO');
insert into Gasto (idSucursal, descripcion, monto, tipo) values (50, 'Alquiler',      2500, 'FIJO');
insert into Gasto (idSucursal, descripcion, monto, tipo) values (50, 'Mantenimiento', 0700, 'FIJO');
insert into Gasto (idSucursal, descripcion, monto, tipo) values (50, 'Gasolina',      5000, 'FIJO');
insert into Gasto (idSucursal, descripcion, monto, tipo) values (50, 'Seguro',        1500, 'FIJO');

insert into Gasto (idSucursal, descripcion, monto, tipo) values (51, 'Internet',      0454, 'FIJO');
insert into Gasto (idSucursal, descripcion, monto, tipo) values (51, 'Luz',           0300, 'FIJO');
insert into Gasto (idSucursal, descripcion, monto, tipo) values (51, 'Agua',          0300, 'FIJO');
insert into Gasto (idSucursal, descripcion, monto, tipo) values (51, 'Telefono',      0600, 'FIJO');
insert into Gasto (idSucursal, descripcion, monto, tipo) values (51, 'Alquiler',      2500, 'FIJO');
insert into Gasto (idSucursal, descripcion, monto, tipo) values (51, 'Mantenimiento', 0700, 'FIJO');
insert into Gasto (idSucursal, descripcion, monto, tipo) values (51, 'Gasolina',      5000, 'FIJO');
insert into Gasto (idSucursal, descripcion, monto, tipo) values (51, 'Seguro',        1500, 'FIJO');

insert into Gasto (idSucursal, descripcion, monto, tipo) values (58, 'Internet',      0454, 'FIJO');
insert into Gasto (idSucursal, descripcion, monto, tipo) values (58, 'Luz',           0300, 'FIJO');
insert into Gasto (idSucursal, descripcion, monto, tipo) values (58, 'Agua',          0300, 'FIJO');
insert into Gasto (idSucursal, descripcion, monto, tipo) values (58, 'Telefono',      0600, 'FIJO');
insert into Gasto (idSucursal, descripcion, monto, tipo) values (58, 'Alquiler',      2500, 'FIJO');
insert into Gasto (idSucursal, descripcion, monto, tipo) values (58, 'Mantenimiento', 0700, 'FIJO');
insert into Gasto (idSucursal, descripcion, monto, tipo) values (58, 'Gasolina',      5000, 'FIJO');
insert into Gasto (idSucursal, descripcion, monto, tipo) values (58, 'Seguro',        1500, 'FIJO');

insert into Gasto (idSucursal, descripcion, monto, tipo) values (59, 'Internet',      0454, 'FIJO');
insert into Gasto (idSucursal, descripcion, monto, tipo) values (59, 'Luz',           0300, 'FIJO');
insert into Gasto (idSucursal, descripcion, monto, tipo) values (59, 'Agua',          0300, 'FIJO');
insert into Gasto (idSucursal, descripcion, monto, tipo) values (59, 'Telefono',      0600, 'FIJO');
insert into Gasto (idSucursal, descripcion, monto, tipo) values (59, 'Alquiler',      2500, 'FIJO');
insert into Gasto (idSucursal, descripcion, monto, tipo) values (59, 'Mantenimiento', 0700, 'FIJO');
insert into Gasto (idSucursal, descripcion, monto, tipo) values (59, 'Gasolina',      5000, 'FIJO');
insert into Gasto (idSucursal, descripcion, monto, tipo) values (59, 'Seguro',        1500, 'FIJO');

--Gastos especiales
--Estos gastos se ven contabilizan al final de la asamblea
-- Por lo que el gasto de la asamblea con fecha 01 de febrero de 2021 corresponde a un gasto especial de enero de 2021



insert into Gasto (idSucursal, tipo, Asamblea_idAsamblea, monto, descripcion) values (1, 'ESPECIAL', 5, 117, 'Jewelry');
insert into Gasto (idSucursal, tipo, Asamblea_idAsamblea, monto, descripcion) values (1, 'ESPECIAL', 10, 1676, 'Tools');
insert into Gasto (idSucursal, tipo, Asamblea_idAsamblea, monto, descripcion) values (1, 'ESPECIAL', 24, 1051, 'Sports');
insert into Gasto (idSucursal, tipo, Asamblea_idAsamblea, monto, descripcion) values (1, 'ESPECIAL', 4, 786, 'Grocery');
insert into Gasto (idSucursal, tipo, Asamblea_idAsamblea, monto, descripcion) values (1, 'ESPECIAL', 9, 2453, 'Beauty');
insert into Gasto (idSucursal, tipo, Asamblea_idAsamblea, monto, descripcion) values (1, 'ESPECIAL', 4, 2280, 'Health');
insert into Gasto (idSucursal, tipo, Asamblea_idAsamblea, monto, descripcion) values (1, 'ESPECIAL', 9, 680, 'Automotive');
insert into Gasto (idSucursal, tipo, Asamblea_idAsamblea, monto, descripcion) values (1, 'ESPECIAL', 2, 2178, 'Jewelry');
insert into Gasto (idSucursal, tipo, Asamblea_idAsamblea, monto, descripcion) values (1, 'ESPECIAL', 5, 187, 'Sports');
insert into Gasto (idSucursal, tipo, Asamblea_idAsamblea, monto, descripcion) values (1, 'ESPECIAL', 21, 1928, 'Baby');
insert into Gasto (idSucursal, tipo, Asamblea_idAsamblea, monto, descripcion) values (1, 'ESPECIAL', 20, 1944, 'Shoes');
insert into Gasto (idSucursal, tipo, Asamblea_idAsamblea, monto, descripcion) values (1, 'ESPECIAL', 7, 778, 'Garden');
insert into Gasto (idSucursal, tipo, Asamblea_idAsamblea, monto, descripcion) values (1, 'ESPECIAL', 15, 764, 'Clothing');
insert into Gasto (idSucursal, tipo, Asamblea_idAsamblea, monto, descripcion) values (1, 'ESPECIAL', 12, 2473, 'Books');
insert into Gasto (idSucursal, tipo, Asamblea_idAsamblea, monto, descripcion) values (1, 'ESPECIAL', 19, 1515, 'Kids');
insert into Gasto (idSucursal, tipo, Asamblea_idAsamblea, monto, descripcion) values (1, 'ESPECIAL', 17, 2354, 'Home');
insert into Gasto (idSucursal, tipo, Asamblea_idAsamblea, monto, descripcion) values (1, 'ESPECIAL', 23, 746, 'Health');
insert into Gasto (idSucursal, tipo, Asamblea_idAsamblea, monto, descripcion) values (1, 'ESPECIAL', 9, 1493, 'Movies');
insert into Gasto (idSucursal, tipo, Asamblea_idAsamblea, monto, descripcion) values (1, 'ESPECIAL', 11, 1775, 'Garden');
insert into Gasto (idSucursal, tipo, Asamblea_idAsamblea, monto, descripcion) values (1, 'ESPECIAL', 8, 329, 'Home');
insert into Gasto (idSucursal, tipo, Asamblea_idAsamblea, monto, descripcion) values (1, 'ESPECIAL', 10, 1035, 'Beauty');
insert into Gasto (idSucursal, tipo, Asamblea_idAsamblea, monto, descripcion) values (1, 'ESPECIAL', 22, 2488, 'Home');
insert into Gasto (idSucursal, tipo, Asamblea_idAsamblea, monto, descripcion) values (1, 'ESPECIAL', 3, 402, 'Music');
insert into Gasto (idSucursal, tipo, Asamblea_idAsamblea, monto, descripcion) values (1, 'ESPECIAL', 17, 2148, 'Kids');
insert into Gasto (idSucursal, tipo, Asamblea_idAsamblea, monto, descripcion) values (1, 'ESPECIAL', 7, 1316, 'Clothing');
insert into Gasto (idSucursal, tipo, Asamblea_idAsamblea, monto, descripcion) values (1, 'ESPECIAL', 13, 1713, 'Movies');
insert into Gasto (idSucursal, tipo, Asamblea_idAsamblea, monto, descripcion) values (1, 'ESPECIAL', 17, 2220, 'Beauty');
insert into Gasto (idSucursal, tipo, Asamblea_idAsamblea, monto, descripcion) values (1, 'ESPECIAL', 10, 1756, 'Jewelry');
insert into Gasto (idSucursal, tipo, Asamblea_idAsamblea, monto, descripcion) values (1, 'ESPECIAL', 7, 493, 'Industrial');
insert into Gasto (idSucursal, tipo, Asamblea_idAsamblea, monto, descripcion) values (1, 'ESPECIAL', 5, 1321, 'Baby');
insert into Gasto (idSucursal, tipo, Asamblea_idAsamblea, monto, descripcion) values (1, 'ESPECIAL', 20, 2365, 'Industrial');
insert into Gasto (idSucursal, tipo, Asamblea_idAsamblea, monto, descripcion) values (1, 'ESPECIAL', 17, 1566, 'Kids');
insert into Gasto (idSucursal, tipo, Asamblea_idAsamblea, monto, descripcion) values (1, 'ESPECIAL', 5, 1931, 'Outdoors');
insert into Gasto (idSucursal, tipo, Asamblea_idAsamblea, monto, descripcion) values (1, 'ESPECIAL', 9, 2338, 'Tools');
insert into Gasto (idSucursal, tipo, Asamblea_idAsamblea, monto, descripcion) values (1, 'ESPECIAL', 5, 1224, 'Sports');
insert into Gasto (idSucursal, tipo, Asamblea_idAsamblea, monto, descripcion) values (1, 'ESPECIAL', 13, 1920, 'Tools');
insert into Gasto (idSucursal, tipo, Asamblea_idAsamblea, monto, descripcion) values (1, 'ESPECIAL', 22, 1578, 'Home');
insert into Gasto (idSucursal, tipo, Asamblea_idAsamblea, monto, descripcion) values (1, 'ESPECIAL', 12, 1480, 'Toys');
insert into Gasto (idSucursal, tipo, Asamblea_idAsamblea, monto, descripcion) values (1, 'ESPECIAL', 3, 2213, 'Games');
insert into Gasto (idSucursal, tipo, Asamblea_idAsamblea, monto, descripcion) values (1, 'ESPECIAL', 5, 227, 'Grocery');
insert into Gasto (idSucursal, tipo, Asamblea_idAsamblea, monto, descripcion) values (1, 'ESPECIAL', 11, 510, 'Beauty');
insert into Gasto (idSucursal, tipo, Asamblea_idAsamblea, monto, descripcion) values (1, 'ESPECIAL', 6, 299, 'Toys');
insert into Gasto (idSucursal, tipo, Asamblea_idAsamblea, monto, descripcion) values (1, 'ESPECIAL', 9, 1917, 'Outdoors');
insert into Gasto (idSucursal, tipo, Asamblea_idAsamblea, monto, descripcion) values (1, 'ESPECIAL', 22, 262, 'Beauty');
insert into Gasto (idSucursal, tipo, Asamblea_idAsamblea, monto, descripcion) values (1, 'ESPECIAL', 9, 1505, 'Books');
insert into Gasto (idSucursal, tipo, Asamblea_idAsamblea, monto, descripcion) values (1, 'ESPECIAL', 9, 1233, 'Music');
insert into Gasto (idSucursal, tipo, Asamblea_idAsamblea, monto, descripcion) values (1, 'ESPECIAL', 4, 1643, 'Computers');
insert into Gasto (idSucursal, tipo, Asamblea_idAsamblea, monto, descripcion) values (1, 'ESPECIAL', 2, 1651, 'Kids');
insert into Gasto (idSucursal, tipo, Asamblea_idAsamblea, monto, descripcion) values (1, 'ESPECIAL', 4, 1531, 'Electronics');
insert into Gasto (idSucursal, tipo, Asamblea_idAsamblea, monto, descripcion) values (1, 'ESPECIAL', 10, 1755, 'Home');
insert into Gasto (idSucursal, tipo, Asamblea_idAsamblea, monto, descripcion) values (1, 'ESPECIAL', 21, 1129, 'Games');
insert into Gasto (idSucursal, tipo, Asamblea_idAsamblea, monto, descripcion) values (1, 'ESPECIAL', 11, 1403, 'Toys');
insert into Gasto (idSucursal, tipo, Asamblea_idAsamblea, monto, descripcion) values (1, 'ESPECIAL', 20, 2079, 'Automotive');
insert into Gasto (idSucursal, tipo, Asamblea_idAsamblea, monto, descripcion) values (1, 'ESPECIAL', 8, 1724, 'Music');
insert into Gasto (idSucursal, tipo, Asamblea_idAsamblea, monto, descripcion) values (1, 'ESPECIAL', 9, 1462, 'Tools');
insert into Gasto (idSucursal, tipo, Asamblea_idAsamblea, monto, descripcion) values (1, 'ESPECIAL', 12, 1702, 'Books');
insert into Gasto (idSucursal, tipo, Asamblea_idAsamblea, monto, descripcion) values (1, 'ESPECIAL', 15, 1229, 'Music');
insert into Gasto (idSucursal, tipo, Asamblea_idAsamblea, monto, descripcion) values (1, 'ESPECIAL', 21, 2492, 'Clothing');
insert into Gasto (idSucursal, tipo, Asamblea_idAsamblea, monto, descripcion) values (1, 'ESPECIAL', 20, 2493, 'Home');
insert into Gasto (idSucursal, tipo, Asamblea_idAsamblea, monto, descripcion) values (1, 'ESPECIAL', 23, 181, 'Clothing');
insert into Gasto (idSucursal, tipo, Asamblea_idAsamblea, monto, descripcion) values (1, 'ESPECIAL', 21, 226, 'Kids');
insert into Gasto (idSucursal, tipo, Asamblea_idAsamblea, monto, descripcion) values (1, 'ESPECIAL', 6, 732, 'Shoes');
insert into Gasto (idSucursal, tipo, Asamblea_idAsamblea, monto, descripcion) values (1, 'ESPECIAL', 21, 2097, 'Music');
insert into Gasto (idSucursal, tipo, Asamblea_idAsamblea, monto, descripcion) values (1, 'ESPECIAL', 9, 337, 'Music');
insert into Gasto (idSucursal, tipo, Asamblea_idAsamblea, monto, descripcion) values (1, 'ESPECIAL', 6, 680, 'Tools');
insert into Gasto (idSucursal, tipo, Asamblea_idAsamblea, monto, descripcion) values (1, 'ESPECIAL', 10, 2078, 'Baby');
insert into Gasto (idSucursal, tipo, Asamblea_idAsamblea, monto, descripcion) values (1, 'ESPECIAL', 15, 887, 'Automotive');
insert into Gasto (idSucursal, tipo, Asamblea_idAsamblea, monto, descripcion) values (1, 'ESPECIAL', 18, 1704, 'Sports');
insert into Gasto (idSucursal, tipo, Asamblea_idAsamblea, monto, descripcion) values (1, 'ESPECIAL', 9, 1713, 'Home');
insert into Gasto (idSucursal, tipo, Asamblea_idAsamblea, monto, descripcion) values (1, 'ESPECIAL', 14, 2267, 'Beauty');
insert into Gasto (idSucursal, tipo, Asamblea_idAsamblea, monto, descripcion) values (1, 'ESPECIAL', 20, 1991, 'Computers');
insert into Gasto (idSucursal, tipo, Asamblea_idAsamblea, monto, descripcion) values (1, 'ESPECIAL', 8, 1749, 'Games');
insert into Gasto (idSucursal, tipo, Asamblea_idAsamblea, monto, descripcion) values (1, 'ESPECIAL', 3, 389, 'Computers');

insert into Gasto (idSucursal, tipo, Asamblea_idAsamblea, monto, descripcion) values (4, 'ESPECIAL', 6, 530, 'Tools');
insert into Gasto (idSucursal, tipo, Asamblea_idAsamblea, monto, descripcion) values (4, 'ESPECIAL', 15, 1842, 'Sports');
insert into Gasto (idSucursal, tipo, Asamblea_idAsamblea, monto, descripcion) values (4, 'ESPECIAL', 2, 164, 'Garden');
insert into Gasto (idSucursal, tipo, Asamblea_idAsamblea, monto, descripcion) values (4, 'ESPECIAL', 12, 769, 'Games');
insert into Gasto (idSucursal, tipo, Asamblea_idAsamblea, monto, descripcion) values (4, 'ESPECIAL', 24, 2440, 'Outdoors');
insert into Gasto (idSucursal, tipo, Asamblea_idAsamblea, monto, descripcion) values (4, 'ESPECIAL', 15, 2085, 'Outdoors');
insert into Gasto (idSucursal, tipo, Asamblea_idAsamblea, monto, descripcion) values (4, 'ESPECIAL', 8, 171, 'Automotive');
insert into Gasto (idSucursal, tipo, Asamblea_idAsamblea, monto, descripcion) values (4, 'ESPECIAL', 19, 320, 'Jewelry');
insert into Gasto (idSucursal, tipo, Asamblea_idAsamblea, monto, descripcion) values (4, 'ESPECIAL', 24, 1209, 'Kids');
insert into Gasto (idSucursal, tipo, Asamblea_idAsamblea, monto, descripcion) values (4, 'ESPECIAL', 23, 1632, 'Clothing');
insert into Gasto (idSucursal, tipo, Asamblea_idAsamblea, monto, descripcion) values (4, 'ESPECIAL', 7, 1758, 'Home');
insert into Gasto (idSucursal, tipo, Asamblea_idAsamblea, monto, descripcion) values (4, 'ESPECIAL', 5, 2194, 'Clothing');
insert into Gasto (idSucursal, tipo, Asamblea_idAsamblea, monto, descripcion) values (4, 'ESPECIAL', 15, 913, 'Grocery');
insert into Gasto (idSucursal, tipo, Asamblea_idAsamblea, monto, descripcion) values (4, 'ESPECIAL', 10, 216, 'Industrial');
insert into Gasto (idSucursal, tipo, Asamblea_idAsamblea, monto, descripcion) values (4, 'ESPECIAL', 10, 1540, 'Beauty');
insert into Gasto (idSucursal, tipo, Asamblea_idAsamblea, monto, descripcion) values (4, 'ESPECIAL', 11, 125, 'Tools');
insert into Gasto (idSucursal, tipo, Asamblea_idAsamblea, monto, descripcion) values (4, 'ESPECIAL', 16, 2220, 'Health');
insert into Gasto (idSucursal, tipo, Asamblea_idAsamblea, monto, descripcion) values (4, 'ESPECIAL', 9, 571, 'Books');
insert into Gasto (idSucursal, tipo, Asamblea_idAsamblea, monto, descripcion) values (4, 'ESPECIAL', 20, 320, 'Movies');
insert into Gasto (idSucursal, tipo, Asamblea_idAsamblea, monto, descripcion) values (4, 'ESPECIAL', 17, 275, 'Toys');
insert into Gasto (idSucursal, tipo, Asamblea_idAsamblea, monto, descripcion) values (4, 'ESPECIAL', 12, 775, 'Home');
insert into Gasto (idSucursal, tipo, Asamblea_idAsamblea, monto, descripcion) values (4, 'ESPECIAL', 16, 1839, 'Shoes');
insert into Gasto (idSucursal, tipo, Asamblea_idAsamblea, monto, descripcion) values (4, 'ESPECIAL', 22, 1509, 'Shoes');
insert into Gasto (idSucursal, tipo, Asamblea_idAsamblea, monto, descripcion) values (4, 'ESPECIAL', 24, 335, 'Electronics');
insert into Gasto (idSucursal, tipo, Asamblea_idAsamblea, monto, descripcion) values (4, 'ESPECIAL', 11, 798, 'Home');
insert into Gasto (idSucursal, tipo, Asamblea_idAsamblea, monto, descripcion) values (4, 'ESPECIAL', 8, 1759, 'Industrial');
insert into Gasto (idSucursal, tipo, Asamblea_idAsamblea, monto, descripcion) values (4, 'ESPECIAL', 6, 719, 'Shoes');
insert into Gasto (idSucursal, tipo, Asamblea_idAsamblea, monto, descripcion) values (4, 'ESPECIAL', 14, 2362, 'Music');
insert into Gasto (idSucursal, tipo, Asamblea_idAsamblea, monto, descripcion) values (4, 'ESPECIAL', 4, 2033, 'Music');
insert into Gasto (idSucursal, tipo, Asamblea_idAsamblea, monto, descripcion) values (4, 'ESPECIAL', 22, 2285, 'Tools');
insert into Gasto (idSucursal, tipo, Asamblea_idAsamblea, monto, descripcion) values (4, 'ESPECIAL', 4, 819, 'Electronics');
insert into Gasto (idSucursal, tipo, Asamblea_idAsamblea, monto, descripcion) values (4, 'ESPECIAL', 3, 588, 'Books');
insert into Gasto (idSucursal, tipo, Asamblea_idAsamblea, monto, descripcion) values (4, 'ESPECIAL', 12, 1052, 'Tools');
insert into Gasto (idSucursal, tipo, Asamblea_idAsamblea, monto, descripcion) values (4, 'ESPECIAL', 22, 661, 'Jewelry');
insert into Gasto (idSucursal, tipo, Asamblea_idAsamblea, monto, descripcion) values (4, 'ESPECIAL', 11, 247, 'Kids');
insert into Gasto (idSucursal, tipo, Asamblea_idAsamblea, monto, descripcion) values (4, 'ESPECIAL', 4, 1328, 'Jewelry');
insert into Gasto (idSucursal, tipo, Asamblea_idAsamblea, monto, descripcion) values (4, 'ESPECIAL', 5, 1483, 'Computers');
insert into Gasto (idSucursal, tipo, Asamblea_idAsamblea, monto, descripcion) values (4, 'ESPECIAL', 19, 1202, 'Jewelry');
insert into Gasto (idSucursal, tipo, Asamblea_idAsamblea, monto, descripcion) values (4, 'ESPECIAL', 6, 1040, 'Kids');
insert into Gasto (idSucursal, tipo, Asamblea_idAsamblea, monto, descripcion) values (4, 'ESPECIAL', 9, 515, 'Movies');
insert into Gasto (idSucursal, tipo, Asamblea_idAsamblea, monto, descripcion) values (4, 'ESPECIAL', 21, 1943, 'Movies');
insert into Gasto (idSucursal, tipo, Asamblea_idAsamblea, monto, descripcion) values (4, 'ESPECIAL', 7, 2413, 'Electronics');
insert into Gasto (idSucursal, tipo, Asamblea_idAsamblea, monto, descripcion) values (4, 'ESPECIAL', 21, 908, 'Tools');
insert into Gasto (idSucursal, tipo, Asamblea_idAsamblea, monto, descripcion) values (4, 'ESPECIAL', 5, 2467, 'Beauty');
insert into Gasto (idSucursal, tipo, Asamblea_idAsamblea, monto, descripcion) values (4, 'ESPECIAL', 7, 677, 'Industrial');
insert into Gasto (idSucursal, tipo, Asamblea_idAsamblea, monto, descripcion) values (4, 'ESPECIAL', 16, 72, 'Kids');
insert into Gasto (idSucursal, tipo, Asamblea_idAsamblea, monto, descripcion) values (4, 'ESPECIAL', 2, 475, 'Books');
insert into Gasto (idSucursal, tipo, Asamblea_idAsamblea, monto, descripcion) values (4, 'ESPECIAL', 23, 2290, 'Health');
insert into Gasto (idSucursal, tipo, Asamblea_idAsamblea, monto, descripcion) values (4, 'ESPECIAL', 2, 2435, 'Computers');

insert into Gasto (idSucursal, tipo, Asamblea_idAsamblea, monto, descripcion) values (8, 'ESPECIAL', 10, 496, 'Baby');
insert into Gasto (idSucursal, tipo, Asamblea_idAsamblea, monto, descripcion) values (8, 'ESPECIAL', 14, 1921, 'Outdoors');
insert into Gasto (idSucursal, tipo, Asamblea_idAsamblea, monto, descripcion) values (8, 'ESPECIAL', 23, 1439, 'Jewelry');
insert into Gasto (idSucursal, tipo, Asamblea_idAsamblea, monto, descripcion) values (8, 'ESPECIAL', 2, 1212, 'Movies');
insert into Gasto (idSucursal, tipo, Asamblea_idAsamblea, monto, descripcion) values (8, 'ESPECIAL', 12, 817, 'Industrial');
insert into Gasto (idSucursal, tipo, Asamblea_idAsamblea, monto, descripcion) values (8, 'ESPECIAL', 2, 1740, 'Automotive');
insert into Gasto (idSucursal, tipo, Asamblea_idAsamblea, monto, descripcion) values (8, 'ESPECIAL', 11, 1030, 'Books');
insert into Gasto (idSucursal, tipo, Asamblea_idAsamblea, monto, descripcion) values (8, 'ESPECIAL', 5, 445, 'Tools');
insert into Gasto (idSucursal, tipo, Asamblea_idAsamblea, monto, descripcion) values (8, 'ESPECIAL', 9, 675, 'Computers');
insert into Gasto (idSucursal, tipo, Asamblea_idAsamblea, monto, descripcion) values (8, 'ESPECIAL', 11, 503, 'Outdoors');
insert into Gasto (idSucursal, tipo, Asamblea_idAsamblea, monto, descripcion) values (8, 'ESPECIAL', 5, 1719, 'Books');
insert into Gasto (idSucursal, tipo, Asamblea_idAsamblea, monto, descripcion) values (8, 'ESPECIAL', 11, 1190, 'Sports');
insert into Gasto (idSucursal, tipo, Asamblea_idAsamblea, monto, descripcion) values (8, 'ESPECIAL', 17, 2134, 'Movies');
insert into Gasto (idSucursal, tipo, Asamblea_idAsamblea, monto, descripcion) values (8, 'ESPECIAL', 18, 550, 'Health');
insert into Gasto (idSucursal, tipo, Asamblea_idAsamblea, monto, descripcion) values (8, 'ESPECIAL', 7, 920, 'Health');
insert into Gasto (idSucursal, tipo, Asamblea_idAsamblea, monto, descripcion) values (8, 'ESPECIAL', 16, 220, 'Movies');
insert into Gasto (idSucursal, tipo, Asamblea_idAsamblea, monto, descripcion) values (8, 'ESPECIAL', 15, 2259, 'Books');
insert into Gasto (idSucursal, tipo, Asamblea_idAsamblea, monto, descripcion) values (8, 'ESPECIAL', 2, 2062, 'Shoes');
insert into Gasto (idSucursal, tipo, Asamblea_idAsamblea, monto, descripcion) values (8, 'ESPECIAL', 6, 532, 'Industrial');
insert into Gasto (idSucursal, tipo, Asamblea_idAsamblea, monto, descripcion) values (8, 'ESPECIAL', 23, 1175, 'Movies');
insert into Gasto (idSucursal, tipo, Asamblea_idAsamblea, monto, descripcion) values (8, 'ESPECIAL', 12, 1146, 'Sports');
insert into Gasto (idSucursal, tipo, Asamblea_idAsamblea, monto, descripcion) values (8, 'ESPECIAL', 19, 1089, 'Shoes');
insert into Gasto (idSucursal, tipo, Asamblea_idAsamblea, monto, descripcion) values (8, 'ESPECIAL', 7, 166, 'Shoes');
insert into Gasto (idSucursal, tipo, Asamblea_idAsamblea, monto, descripcion) values (8, 'ESPECIAL', 18, 2080, 'Kids');
insert into Gasto (idSucursal, tipo, Asamblea_idAsamblea, monto, descripcion) values (8, 'ESPECIAL', 22, 2436, 'Sports');
insert into Gasto (idSucursal, tipo, Asamblea_idAsamblea, monto, descripcion) values (8, 'ESPECIAL', 24, 492, 'Music');
insert into Gasto (idSucursal, tipo, Asamblea_idAsamblea, monto, descripcion) values (8, 'ESPECIAL', 18, 723, 'Music');
insert into Gasto (idSucursal, tipo, Asamblea_idAsamblea, monto, descripcion) values (8, 'ESPECIAL', 16, 1499, 'Jewelry');
insert into Gasto (idSucursal, tipo, Asamblea_idAsamblea, monto, descripcion) values (8, 'ESPECIAL', 19, 683, 'Garden');
insert into Gasto (idSucursal, tipo, Asamblea_idAsamblea, monto, descripcion) values (8, 'ESPECIAL', 8, 749, 'Clothing');

insert into Gasto (idSucursal, tipo, Asamblea_idAsamblea, monto, descripcion) values (9, 'ESPECIAL', 10, 1720, 'Computers');
insert into Gasto (idSucursal, tipo, Asamblea_idAsamblea, monto, descripcion) values (9, 'ESPECIAL', 5, 2048, 'Sports');
insert into Gasto (idSucursal, tipo, Asamblea_idAsamblea, monto, descripcion) values (9, 'ESPECIAL', 21, 1862, 'Tools');
insert into Gasto (idSucursal, tipo, Asamblea_idAsamblea, monto, descripcion) values (9, 'ESPECIAL', 20, 1002, 'Electronics');
insert into Gasto (idSucursal, tipo, Asamblea_idAsamblea, monto, descripcion) values (9, 'ESPECIAL', 17, 2306, 'Games');
insert into Gasto (idSucursal, tipo, Asamblea_idAsamblea, monto, descripcion) values (9, 'ESPECIAL', 14, 892, 'Electronics');
insert into Gasto (idSucursal, tipo, Asamblea_idAsamblea, monto, descripcion) values (9, 'ESPECIAL', 8, 1020, 'Movies');
insert into Gasto (idSucursal, tipo, Asamblea_idAsamblea, monto, descripcion) values (9, 'ESPECIAL', 13, 2428, 'Home');
insert into Gasto (idSucursal, tipo, Asamblea_idAsamblea, monto, descripcion) values (9, 'ESPECIAL', 17, 2490, 'Toys');
insert into Gasto (idSucursal, tipo, Asamblea_idAsamblea, monto, descripcion) values (9, 'ESPECIAL', 21, 1924, 'Kids');
insert into Gasto (idSucursal, tipo, Asamblea_idAsamblea, monto, descripcion) values (9, 'ESPECIAL', 6, 1200, 'Outdoors');
insert into Gasto (idSucursal, tipo, Asamblea_idAsamblea, monto, descripcion) values (9, 'ESPECIAL', 16, 2233, 'Outdoors');
insert into Gasto (idSucursal, tipo, Asamblea_idAsamblea, monto, descripcion) values (9, 'ESPECIAL', 12, 2390, 'Garden');
insert into Gasto (idSucursal, tipo, Asamblea_idAsamblea, monto, descripcion) values (9, 'ESPECIAL', 14, 96, 'Garden');
insert into Gasto (idSucursal, tipo, Asamblea_idAsamblea, monto, descripcion) values (9, 'ESPECIAL', 6, 978, 'Jewelry');
insert into Gasto (idSucursal, tipo, Asamblea_idAsamblea, monto, descripcion) values (9, 'ESPECIAL', 10, 708, 'Tools');
insert into Gasto (idSucursal, tipo, Asamblea_idAsamblea, monto, descripcion) values (9, 'ESPECIAL', 5, 1517, 'Clothing');
insert into Gasto (idSucursal, tipo, Asamblea_idAsamblea, monto, descripcion) values (9, 'ESPECIAL', 16, 127, 'Kids');
insert into Gasto (idSucursal, tipo, Asamblea_idAsamblea, monto, descripcion) values (9, 'ESPECIAL', 4, 1727, 'Games');
insert into Gasto (idSucursal, tipo, Asamblea_idAsamblea, monto, descripcion) values (9, 'ESPECIAL', 11, 1052, 'Movies');
insert into Gasto (idSucursal, tipo, Asamblea_idAsamblea, monto, descripcion) values (9, 'ESPECIAL', 11, 113, 'Garden');
insert into Gasto (idSucursal, tipo, Asamblea_idAsamblea, monto, descripcion) values (9, 'ESPECIAL', 9, 1008, 'Clothing');
insert into Gasto (idSucursal, tipo, Asamblea_idAsamblea, monto, descripcion) values (9, 'ESPECIAL', 18, 2397, 'Outdoors');
insert into Gasto (idSucursal, tipo, Asamblea_idAsamblea, monto, descripcion) values (9, 'ESPECIAL', 21, 357, 'Industrial');
insert into Gasto (idSucursal, tipo, Asamblea_idAsamblea, monto, descripcion) values (9, 'ESPECIAL', 10, 1800, 'Computers');
insert into Gasto (idSucursal, tipo, Asamblea_idAsamblea, monto, descripcion) values (9, 'ESPECIAL', 13, 71, 'Outdoors');
insert into Gasto (idSucursal, tipo, Asamblea_idAsamblea, monto, descripcion) values (9, 'ESPECIAL', 17, 1125, 'Industrial');
insert into Gasto (idSucursal, tipo, Asamblea_idAsamblea, monto, descripcion) values (9, 'ESPECIAL', 2, 1001, 'Toys');
insert into Gasto (idSucursal, tipo, Asamblea_idAsamblea, monto, descripcion) values (9, 'ESPECIAL', 8, 2465, 'Games');
insert into Gasto (idSucursal, tipo, Asamblea_idAsamblea, monto, descripcion) values (9, 'ESPECIAL', 8, 2222, 'Beauty');

insert into Gasto (idSucursal, tipo, Asamblea_idAsamblea, monto, descripcion) values (11, 'ESPECIAL', 11, 994, 'Tools');
insert into Gasto (idSucursal, tipo, Asamblea_idAsamblea, monto, descripcion) values (11, 'ESPECIAL', 20, 198, 'Outdoors');
insert into Gasto (idSucursal, tipo, Asamblea_idAsamblea, monto, descripcion) values (11, 'ESPECIAL', 9, 1344, 'Grocery');
insert into Gasto (idSucursal, tipo, Asamblea_idAsamblea, monto, descripcion) values (11, 'ESPECIAL', 5, 1433, 'Music');
insert into Gasto (idSucursal, tipo, Asamblea_idAsamblea, monto, descripcion) values (11, 'ESPECIAL', 14, 778, 'Garden');
insert into Gasto (idSucursal, tipo, Asamblea_idAsamblea, monto, descripcion) values (11, 'ESPECIAL', 18, 2500, 'Books');
insert into Gasto (idSucursal, tipo, Asamblea_idAsamblea, monto, descripcion) values (11, 'ESPECIAL', 3, 267, 'Jewelry');
insert into Gasto (idSucursal, tipo, Asamblea_idAsamblea, monto, descripcion) values (11, 'ESPECIAL', 18, 987, 'Garden');
insert into Gasto (idSucursal, tipo, Asamblea_idAsamblea, monto, descripcion) values (11, 'ESPECIAL', 23, 1667, 'Electronics');
insert into Gasto (idSucursal, tipo, Asamblea_idAsamblea, monto, descripcion) values (11, 'ESPECIAL', 16, 2284, 'Books');
insert into Gasto (idSucursal, tipo, Asamblea_idAsamblea, monto, descripcion) values (11, 'ESPECIAL', 10, 2206, 'Baby');
insert into Gasto (idSucursal, tipo, Asamblea_idAsamblea, monto, descripcion) values (11, 'ESPECIAL', 22, 152, 'Electronics');
insert into Gasto (idSucursal, tipo, Asamblea_idAsamblea, monto, descripcion) values (11, 'ESPECIAL', 15, 700, 'Music');
insert into Gasto (idSucursal, tipo, Asamblea_idAsamblea, monto, descripcion) values (11, 'ESPECIAL', 20, 1971, 'Jewelry');
insert into Gasto (idSucursal, tipo, Asamblea_idAsamblea, monto, descripcion) values (11, 'ESPECIAL', 15, 792, 'Outdoors');
insert into Gasto (idSucursal, tipo, Asamblea_idAsamblea, monto, descripcion) values (11, 'ESPECIAL', 13, 1963, 'Home');
insert into Gasto (idSucursal, tipo, Asamblea_idAsamblea, monto, descripcion) values (11, 'ESPECIAL', 7, 1542, 'Movies');
insert into Gasto (idSucursal, tipo, Asamblea_idAsamblea, monto, descripcion) values (11, 'ESPECIAL', 2, 911, 'Kids');
insert into Gasto (idSucursal, tipo, Asamblea_idAsamblea, monto, descripcion) values (11, 'ESPECIAL', 4, 1917, 'Toys');
insert into Gasto (idSucursal, tipo, Asamblea_idAsamblea, monto, descripcion) values (11, 'ESPECIAL', 20, 2185, 'Health');
insert into Gasto (idSucursal, tipo, Asamblea_idAsamblea, monto, descripcion) values (11, 'ESPECIAL', 23, 2031, 'Computers');
insert into Gasto (idSucursal, tipo, Asamblea_idAsamblea, monto, descripcion) values (11, 'ESPECIAL', 13, 833, 'Books');
insert into Gasto (idSucursal, tipo, Asamblea_idAsamblea, monto, descripcion) values (11, 'ESPECIAL', 13, 2287, 'Electronics');
insert into Gasto (idSucursal, tipo, Asamblea_idAsamblea, monto, descripcion) values (11, 'ESPECIAL', 14, 632, 'Jewelry');
insert into Gasto (idSucursal, tipo, Asamblea_idAsamblea, monto, descripcion) values (11, 'ESPECIAL', 4, 1556, 'Kids');
insert into Gasto (idSucursal, tipo, Asamblea_idAsamblea, monto, descripcion) values (11, 'ESPECIAL', 24, 148, 'Shoes');
insert into Gasto (idSucursal, tipo, Asamblea_idAsamblea, monto, descripcion) values (11, 'ESPECIAL', 7, 31, 'Computers');
insert into Gasto (idSucursal, tipo, Asamblea_idAsamblea, monto, descripcion) values (11, 'ESPECIAL', 21, 1102, 'Health');
insert into Gasto (idSucursal, tipo, Asamblea_idAsamblea, monto, descripcion) values (11, 'ESPECIAL', 6, 37, 'Beauty');
insert into Gasto (idSucursal, tipo, Asamblea_idAsamblea, monto, descripcion) values (11, 'ESPECIAL', 16, 2374, 'Beauty');

insert into Gasto (idSucursal, tipo, Asamblea_idAsamblea, monto, descripcion) values (14, 'ESPECIAL', 16, 475, 'Outdoors');
insert into Gasto (idSucursal, tipo, Asamblea_idAsamblea, monto, descripcion) values (14, 'ESPECIAL', 18, 2471, 'Health');
insert into Gasto (idSucursal, tipo, Asamblea_idAsamblea, monto, descripcion) values (14, 'ESPECIAL', 14, 378, 'Shoes');
insert into Gasto (idSucursal, tipo, Asamblea_idAsamblea, monto, descripcion) values (14, 'ESPECIAL', 23, 1191, 'Toys');
insert into Gasto (idSucursal, tipo, Asamblea_idAsamblea, monto, descripcion) values (14, 'ESPECIAL', 12, 2412, 'Automotive');
insert into Gasto (idSucursal, tipo, Asamblea_idAsamblea, monto, descripcion) values (14, 'ESPECIAL', 2, 1176, 'Movies');
insert into Gasto (idSucursal, tipo, Asamblea_idAsamblea, monto, descripcion) values (14, 'ESPECIAL', 3, 1463, 'Home');
insert into Gasto (idSucursal, tipo, Asamblea_idAsamblea, monto, descripcion) values (14, 'ESPECIAL', 9, 813, 'Automotive');
insert into Gasto (idSucursal, tipo, Asamblea_idAsamblea, monto, descripcion) values (14, 'ESPECIAL', 10, 2118, 'Computers');
insert into Gasto (idSucursal, tipo, Asamblea_idAsamblea, monto, descripcion) values (14, 'ESPECIAL', 24, 1494, 'Garden');
insert into Gasto (idSucursal, tipo, Asamblea_idAsamblea, monto, descripcion) values (14, 'ESPECIAL', 23, 762, 'Books');
insert into Gasto (idSucursal, tipo, Asamblea_idAsamblea, monto, descripcion) values (14, 'ESPECIAL', 24, 1530, 'Garden');
insert into Gasto (idSucursal, tipo, Asamblea_idAsamblea, monto, descripcion) values (14, 'ESPECIAL', 12, 611, 'Jewelry');
insert into Gasto (idSucursal, tipo, Asamblea_idAsamblea, monto, descripcion) values (14, 'ESPECIAL', 24, 2493, 'Outdoors');
insert into Gasto (idSucursal, tipo, Asamblea_idAsamblea, monto, descripcion) values (14, 'ESPECIAL', 18, 881, 'Music');
insert into Gasto (idSucursal, tipo, Asamblea_idAsamblea, monto, descripcion) values (14, 'ESPECIAL', 2, 2063, 'Outdoors');
insert into Gasto (idSucursal, tipo, Asamblea_idAsamblea, monto, descripcion) values (14, 'ESPECIAL', 18, 191, 'Books');
insert into Gasto (idSucursal, tipo, Asamblea_idAsamblea, monto, descripcion) values (14, 'ESPECIAL', 3, 614, 'Industrial');
insert into Gasto (idSucursal, tipo, Asamblea_idAsamblea, monto, descripcion) values (14, 'ESPECIAL', 14, 1602, 'Electronics');
insert into Gasto (idSucursal, tipo, Asamblea_idAsamblea, monto, descripcion) values (14, 'ESPECIAL', 24, 1695, 'Sports');
insert into Gasto (idSucursal, tipo, Asamblea_idAsamblea, monto, descripcion) values (14, 'ESPECIAL', 12, 657, 'Beauty');
insert into Gasto (idSucursal, tipo, Asamblea_idAsamblea, monto, descripcion) values (14, 'ESPECIAL', 24, 1999, 'Baby');
insert into Gasto (idSucursal, tipo, Asamblea_idAsamblea, monto, descripcion) values (14, 'ESPECIAL', 12, 1774, 'Movies');
insert into Gasto (idSucursal, tipo, Asamblea_idAsamblea, monto, descripcion) values (14, 'ESPECIAL', 22, 49, 'Automotive');
insert into Gasto (idSucursal, tipo, Asamblea_idAsamblea, monto, descripcion) values (14, 'ESPECIAL', 21, 1981, 'Health');
insert into Gasto (idSucursal, tipo, Asamblea_idAsamblea, monto, descripcion) values (14, 'ESPECIAL', 14, 2450, 'Baby');
insert into Gasto (idSucursal, tipo, Asamblea_idAsamblea, monto, descripcion) values (14, 'ESPECIAL', 9, 447, 'Games');
insert into Gasto (idSucursal, tipo, Asamblea_idAsamblea, monto, descripcion) values (14, 'ESPECIAL', 14, 86, 'Beauty');
insert into Gasto (idSucursal, tipo, Asamblea_idAsamblea, monto, descripcion) values (14, 'ESPECIAL', 22, 123, 'Garden');
insert into Gasto (idSucursal, tipo, Asamblea_idAsamblea, monto, descripcion) values (14, 'ESPECIAL', 19, 1731, 'Jewelry');

insert into Gasto (idSucursal, tipo, Asamblea_idAsamblea, monto, descripcion) values (42, 'ESPECIAL', 17, 1161, 'Books');
insert into Gasto (idSucursal, tipo, Asamblea_idAsamblea, monto, descripcion) values (42, 'ESPECIAL', 3, 627, 'Garden');
insert into Gasto (idSucursal, tipo, Asamblea_idAsamblea, monto, descripcion) values (42, 'ESPECIAL', 8, 1093, 'Toys');
insert into Gasto (idSucursal, tipo, Asamblea_idAsamblea, monto, descripcion) values (42, 'ESPECIAL', 24, 1658, 'Outdoors');
insert into Gasto (idSucursal, tipo, Asamblea_idAsamblea, monto, descripcion) values (42, 'ESPECIAL', 12, 1214, 'Shoes');
insert into Gasto (idSucursal, tipo, Asamblea_idAsamblea, monto, descripcion) values (42, 'ESPECIAL', 17, 953, 'Sports');
insert into Gasto (idSucursal, tipo, Asamblea_idAsamblea, monto, descripcion) values (42, 'ESPECIAL', 15, 524, 'Computers');
insert into Gasto (idSucursal, tipo, Asamblea_idAsamblea, monto, descripcion) values (42, 'ESPECIAL', 2, 376, 'Baby');
insert into Gasto (idSucursal, tipo, Asamblea_idAsamblea, monto, descripcion) values (42, 'ESPECIAL', 14, 169, 'Clothing');
insert into Gasto (idSucursal, tipo, Asamblea_idAsamblea, monto, descripcion) values (42, 'ESPECIAL', 23, 1272, 'Music');
insert into Gasto (idSucursal, tipo, Asamblea_idAsamblea, monto, descripcion) values (42, 'ESPECIAL', 16, 591, 'Games');
insert into Gasto (idSucursal, tipo, Asamblea_idAsamblea, monto, descripcion) values (42, 'ESPECIAL', 2, 1092, 'Garden');
insert into Gasto (idSucursal, tipo, Asamblea_idAsamblea, monto, descripcion) values (42, 'ESPECIAL', 16, 558, 'Tools');
insert into Gasto (idSucursal, tipo, Asamblea_idAsamblea, monto, descripcion) values (42, 'ESPECIAL', 18, 1353, 'Outdoors');
insert into Gasto (idSucursal, tipo, Asamblea_idAsamblea, monto, descripcion) values (42, 'ESPECIAL', 13, 2193, 'Outdoors');
insert into Gasto (idSucursal, tipo, Asamblea_idAsamblea, monto, descripcion) values (42, 'ESPECIAL', 4, 2375, 'Computers');
insert into Gasto (idSucursal, tipo, Asamblea_idAsamblea, monto, descripcion) values (42, 'ESPECIAL', 6, 2406, 'Outdoors');
insert into Gasto (idSucursal, tipo, Asamblea_idAsamblea, monto, descripcion) values (42, 'ESPECIAL', 10, 659, 'Toys');
insert into Gasto (idSucursal, tipo, Asamblea_idAsamblea, monto, descripcion) values (42, 'ESPECIAL', 23, 1300, 'Garden');
insert into Gasto (idSucursal, tipo, Asamblea_idAsamblea, monto, descripcion) values (42, 'ESPECIAL', 8, 2312, 'Garden');
insert into Gasto (idSucursal, tipo, Asamblea_idAsamblea, monto, descripcion) values (42, 'ESPECIAL', 18, 2407, 'Jewelry');
insert into Gasto (idSucursal, tipo, Asamblea_idAsamblea, monto, descripcion) values (42, 'ESPECIAL', 6, 78, 'Shoes');
insert into Gasto (idSucursal, tipo, Asamblea_idAsamblea, monto, descripcion) values (42, 'ESPECIAL', 20, 1683, 'Tools');
insert into Gasto (idSucursal, tipo, Asamblea_idAsamblea, monto, descripcion) values (42, 'ESPECIAL', 12, 2191, 'Beauty');
insert into Gasto (idSucursal, tipo, Asamblea_idAsamblea, monto, descripcion) values (42, 'ESPECIAL', 23, 1343, 'Games');
insert into Gasto (idSucursal, tipo, Asamblea_idAsamblea, monto, descripcion) values (42, 'ESPECIAL', 3, 2479, 'Grocery');
insert into Gasto (idSucursal, tipo, Asamblea_idAsamblea, monto, descripcion) values (42, 'ESPECIAL', 23, 2428, 'Industrial');
insert into Gasto (idSucursal, tipo, Asamblea_idAsamblea, monto, descripcion) values (42, 'ESPECIAL', 11, 1895, 'Books');
insert into Gasto (idSucursal, tipo, Asamblea_idAsamblea, monto, descripcion) values (42, 'ESPECIAL', 3, 1690, 'Movies');
insert into Gasto (idSucursal, tipo, Asamblea_idAsamblea, monto, descripcion) values (42, 'ESPECIAL', 11, 2284, 'Outdoors');

insert into Gasto (idSucursal, tipo, Asamblea_idAsamblea, monto, descripcion) values (50, 'ESPECIAL', 10, 42, 'Industrial');
insert into Gasto (idSucursal, tipo, Asamblea_idAsamblea, monto, descripcion) values (50, 'ESPECIAL', 22, 1785, 'Music');
insert into Gasto (idSucursal, tipo, Asamblea_idAsamblea, monto, descripcion) values (50, 'ESPECIAL', 21, 775, 'Toys');
insert into Gasto (idSucursal, tipo, Asamblea_idAsamblea, monto, descripcion) values (50, 'ESPECIAL', 10, 955, 'Beauty');
insert into Gasto (idSucursal, tipo, Asamblea_idAsamblea, monto, descripcion) values (50, 'ESPECIAL', 8, 1540, 'Tools');
insert into Gasto (idSucursal, tipo, Asamblea_idAsamblea, monto, descripcion) values (50, 'ESPECIAL', 6, 1996, 'Music');
insert into Gasto (idSucursal, tipo, Asamblea_idAsamblea, monto, descripcion) values (50, 'ESPECIAL', 3, 790, 'Automotive');
insert into Gasto (idSucursal, tipo, Asamblea_idAsamblea, monto, descripcion) values (50, 'ESPECIAL', 17, 823, 'Shoes');
insert into Gasto (idSucursal, tipo, Asamblea_idAsamblea, monto, descripcion) values (50, 'ESPECIAL', 8, 2443, 'Electronics');
insert into Gasto (idSucursal, tipo, Asamblea_idAsamblea, monto, descripcion) values (50, 'ESPECIAL', 20, 1730, 'Kids');
insert into Gasto (idSucursal, tipo, Asamblea_idAsamblea, monto, descripcion) values (50, 'ESPECIAL', 5, 1918, 'Computers');
insert into Gasto (idSucursal, tipo, Asamblea_idAsamblea, monto, descripcion) values (50, 'ESPECIAL', 6, 1387, 'Health');
insert into Gasto (idSucursal, tipo, Asamblea_idAsamblea, monto, descripcion) values (50, 'ESPECIAL', 22, 420, 'Health');
insert into Gasto (idSucursal, tipo, Asamblea_idAsamblea, monto, descripcion) values (50, 'ESPECIAL', 2, 1813, 'Health');
insert into Gasto (idSucursal, tipo, Asamblea_idAsamblea, monto, descripcion) values (50, 'ESPECIAL', 5, 252, 'Kids');
insert into Gasto (idSucursal, tipo, Asamblea_idAsamblea, monto, descripcion) values (50, 'ESPECIAL', 13, 1504, 'Grocery');
insert into Gasto (idSucursal, tipo, Asamblea_idAsamblea, monto, descripcion) values (50, 'ESPECIAL', 7, 1636, 'Shoes');
insert into Gasto (idSucursal, tipo, Asamblea_idAsamblea, monto, descripcion) values (50, 'ESPECIAL', 15, 1709, 'Jewelry');
insert into Gasto (idSucursal, tipo, Asamblea_idAsamblea, monto, descripcion) values (50, 'ESPECIAL', 8, 1753, 'Clothing');
insert into Gasto (idSucursal, tipo, Asamblea_idAsamblea, monto, descripcion) values (50, 'ESPECIAL', 22, 455, 'Movies');
insert into Gasto (idSucursal, tipo, Asamblea_idAsamblea, monto, descripcion) values (50, 'ESPECIAL', 24, 630, 'Health');
insert into Gasto (idSucursal, tipo, Asamblea_idAsamblea, monto, descripcion) values (50, 'ESPECIAL', 10, 830, 'Shoes');
insert into Gasto (idSucursal, tipo, Asamblea_idAsamblea, monto, descripcion) values (50, 'ESPECIAL', 13, 599, 'Tools');
insert into Gasto (idSucursal, tipo, Asamblea_idAsamblea, monto, descripcion) values (50, 'ESPECIAL', 13, 1261, 'Baby');
insert into Gasto (idSucursal, tipo, Asamblea_idAsamblea, monto, descripcion) values (50, 'ESPECIAL', 9, 1436, 'Electronics');
insert into Gasto (idSucursal, tipo, Asamblea_idAsamblea, monto, descripcion) values (50, 'ESPECIAL', 21, 863, 'Electronics');
insert into Gasto (idSucursal, tipo, Asamblea_idAsamblea, monto, descripcion) values (50, 'ESPECIAL', 22, 1377, 'Toys');
insert into Gasto (idSucursal, tipo, Asamblea_idAsamblea, monto, descripcion) values (50, 'ESPECIAL', 16, 2438, 'Music');
insert into Gasto (idSucursal, tipo, Asamblea_idAsamblea, monto, descripcion) values (50, 'ESPECIAL', 8, 1058, 'Clothing');
insert into Gasto (idSucursal, tipo, Asamblea_idAsamblea, monto, descripcion) values (50, 'ESPECIAL', 4, 1911, 'Sports');

insert into Gasto (idSucursal, tipo, Asamblea_idAsamblea, monto, descripcion) values (51, 'ESPECIAL', 7, 1756, 'Beauty');
insert into Gasto (idSucursal, tipo, Asamblea_idAsamblea, monto, descripcion) values (51, 'ESPECIAL', 11, 1414, 'Automotive');
insert into Gasto (idSucursal, tipo, Asamblea_idAsamblea, monto, descripcion) values (51, 'ESPECIAL', 15, 1225, 'Computers');
insert into Gasto (idSucursal, tipo, Asamblea_idAsamblea, monto, descripcion) values (51, 'ESPECIAL', 22, 1338, 'Books');
insert into Gasto (idSucursal, tipo, Asamblea_idAsamblea, monto, descripcion) values (51, 'ESPECIAL', 6, 347, 'Grocery');
insert into Gasto (idSucursal, tipo, Asamblea_idAsamblea, monto, descripcion) values (51, 'ESPECIAL', 24, 2084, 'Computers');
insert into Gasto (idSucursal, tipo, Asamblea_idAsamblea, monto, descripcion) values (51, 'ESPECIAL', 22, 839, 'Industrial');
insert into Gasto (idSucursal, tipo, Asamblea_idAsamblea, monto, descripcion) values (51, 'ESPECIAL', 2, 1722, 'Beauty');
insert into Gasto (idSucursal, tipo, Asamblea_idAsamblea, monto, descripcion) values (51, 'ESPECIAL', 24, 931, 'Computers');
insert into Gasto (idSucursal, tipo, Asamblea_idAsamblea, monto, descripcion) values (51, 'ESPECIAL', 2, 831, 'Toys');
insert into Gasto (idSucursal, tipo, Asamblea_idAsamblea, monto, descripcion) values (51, 'ESPECIAL', 22, 524, 'Toys');
insert into Gasto (idSucursal, tipo, Asamblea_idAsamblea, monto, descripcion) values (51, 'ESPECIAL', 24, 1003, 'Electronics');
insert into Gasto (idSucursal, tipo, Asamblea_idAsamblea, monto, descripcion) values (51, 'ESPECIAL', 18, 223, 'Jewelry');
insert into Gasto (idSucursal, tipo, Asamblea_idAsamblea, monto, descripcion) values (51, 'ESPECIAL', 22, 1352, 'Kids');
insert into Gasto (idSucursal, tipo, Asamblea_idAsamblea, monto, descripcion) values (51, 'ESPECIAL', 15, 56, 'Jewelry');
insert into Gasto (idSucursal, tipo, Asamblea_idAsamblea, monto, descripcion) values (51, 'ESPECIAL', 20, 1088, 'Computers');
insert into Gasto (idSucursal, tipo, Asamblea_idAsamblea, monto, descripcion) values (51, 'ESPECIAL', 16, 458, 'Shoes');
insert into Gasto (idSucursal, tipo, Asamblea_idAsamblea, monto, descripcion) values (51, 'ESPECIAL', 7, 2096, 'Kids');
insert into Gasto (idSucursal, tipo, Asamblea_idAsamblea, monto, descripcion) values (51, 'ESPECIAL', 2, 980, 'Shoes');
insert into Gasto (idSucursal, tipo, Asamblea_idAsamblea, monto, descripcion) values (51, 'ESPECIAL', 21, 1548, 'Music');
insert into Gasto (idSucursal, tipo, Asamblea_idAsamblea, monto, descripcion) values (51, 'ESPECIAL', 10, 1360, 'Beauty');
insert into Gasto (idSucursal, tipo, Asamblea_idAsamblea, monto, descripcion) values (51, 'ESPECIAL', 13, 1043, 'Electronics');
insert into Gasto (idSucursal, tipo, Asamblea_idAsamblea, monto, descripcion) values (51, 'ESPECIAL', 9, 437, 'Health');
insert into Gasto (idSucursal, tipo, Asamblea_idAsamblea, monto, descripcion) values (51, 'ESPECIAL', 11, 2225, 'Clothing');
insert into Gasto (idSucursal, tipo, Asamblea_idAsamblea, monto, descripcion) values (51, 'ESPECIAL', 19, 827, 'Computers');
insert into Gasto (idSucursal, tipo, Asamblea_idAsamblea, monto, descripcion) values (51, 'ESPECIAL', 16, 1688, 'Home');
insert into Gasto (idSucursal, tipo, Asamblea_idAsamblea, monto, descripcion) values (51, 'ESPECIAL', 2, 144, 'Computers');
insert into Gasto (idSucursal, tipo, Asamblea_idAsamblea, monto, descripcion) values (51, 'ESPECIAL', 5, 214, 'Outdoors');
insert into Gasto (idSucursal, tipo, Asamblea_idAsamblea, monto, descripcion) values (51, 'ESPECIAL', 23, 1160, 'Books');
insert into Gasto (idSucursal, tipo, Asamblea_idAsamblea, monto, descripcion) values (51, 'ESPECIAL', 11, 1732, 'Grocery');

insert into Gasto (idSucursal, tipo, Asamblea_idAsamblea, monto, descripcion) values (58, 'ESPECIAL', 16, 2014, 'Sports');
insert into Gasto (idSucursal, tipo, Asamblea_idAsamblea, monto, descripcion) values (58, 'ESPECIAL', 22, 726, 'Electronics');
insert into Gasto (idSucursal, tipo, Asamblea_idAsamblea, monto, descripcion) values (58, 'ESPECIAL', 24, 1085, 'Beauty');
insert into Gasto (idSucursal, tipo, Asamblea_idAsamblea, monto, descripcion) values (58, 'ESPECIAL', 12, 1989, 'Music');
insert into Gasto (idSucursal, tipo, Asamblea_idAsamblea, monto, descripcion) values (58, 'ESPECIAL', 3, 1095, 'Jewelry');
insert into Gasto (idSucursal, tipo, Asamblea_idAsamblea, monto, descripcion) values (58, 'ESPECIAL', 7, 1483, 'Beauty');
insert into Gasto (idSucursal, tipo, Asamblea_idAsamblea, monto, descripcion) values (58, 'ESPECIAL', 11, 1894, 'Games');
insert into Gasto (idSucursal, tipo, Asamblea_idAsamblea, monto, descripcion) values (58, 'ESPECIAL', 21, 1669, 'Baby');
insert into Gasto (idSucursal, tipo, Asamblea_idAsamblea, monto, descripcion) values (58, 'ESPECIAL', 5, 845, 'Grocery');
insert into Gasto (idSucursal, tipo, Asamblea_idAsamblea, monto, descripcion) values (58, 'ESPECIAL', 16, 80, 'Health');
insert into Gasto (idSucursal, tipo, Asamblea_idAsamblea, monto, descripcion) values (58, 'ESPECIAL', 22, 420, 'Computers');
insert into Gasto (idSucursal, tipo, Asamblea_idAsamblea, monto, descripcion) values (58, 'ESPECIAL', 19, 44, 'Tools');
insert into Gasto (idSucursal, tipo, Asamblea_idAsamblea, monto, descripcion) values (58, 'ESPECIAL', 7, 634, 'Electronics');
insert into Gasto (idSucursal, tipo, Asamblea_idAsamblea, monto, descripcion) values (58, 'ESPECIAL', 6, 2238, 'Games');
insert into Gasto (idSucursal, tipo, Asamblea_idAsamblea, monto, descripcion) values (58, 'ESPECIAL', 21, 74, 'Shoes');
insert into Gasto (idSucursal, tipo, Asamblea_idAsamblea, monto, descripcion) values (58, 'ESPECIAL', 4, 1820, 'Automotive');
insert into Gasto (idSucursal, tipo, Asamblea_idAsamblea, monto, descripcion) values (58, 'ESPECIAL', 19, 1967, 'Clothing');
insert into Gasto (idSucursal, tipo, Asamblea_idAsamblea, monto, descripcion) values (58, 'ESPECIAL', 19, 880, 'Jewelry');
insert into Gasto (idSucursal, tipo, Asamblea_idAsamblea, monto, descripcion) values (58, 'ESPECIAL', 6, 1722, 'Electronics');
insert into Gasto (idSucursal, tipo, Asamblea_idAsamblea, monto, descripcion) values (58, 'ESPECIAL', 3, 1618, 'Kids');
insert into Gasto (idSucursal, tipo, Asamblea_idAsamblea, monto, descripcion) values (58, 'ESPECIAL', 4, 1478, 'Electronics');
insert into Gasto (idSucursal, tipo, Asamblea_idAsamblea, monto, descripcion) values (58, 'ESPECIAL', 12, 753, 'Beauty');
insert into Gasto (idSucursal, tipo, Asamblea_idAsamblea, monto, descripcion) values (58, 'ESPECIAL', 7, 1633, 'Music');
insert into Gasto (idSucursal, tipo, Asamblea_idAsamblea, monto, descripcion) values (58, 'ESPECIAL', 3, 1432, 'Home');
insert into Gasto (idSucursal, tipo, Asamblea_idAsamblea, monto, descripcion) values (58, 'ESPECIAL', 12, 1483, 'Games');
insert into Gasto (idSucursal, tipo, Asamblea_idAsamblea, monto, descripcion) values (58, 'ESPECIAL', 2, 572, 'Beauty');
insert into Gasto (idSucursal, tipo, Asamblea_idAsamblea, monto, descripcion) values (58, 'ESPECIAL', 9, 1853, 'Shoes');
insert into Gasto (idSucursal, tipo, Asamblea_idAsamblea, monto, descripcion) values (58, 'ESPECIAL', 5, 388, 'Industrial');
insert into Gasto (idSucursal, tipo, Asamblea_idAsamblea, monto, descripcion) values (58, 'ESPECIAL', 24, 245, 'Automotive');
insert into Gasto (idSucursal, tipo, Asamblea_idAsamblea, monto, descripcion) values (58, 'ESPECIAL', 12, 125, 'Grocery');

insert into Gasto (idSucursal, tipo, Asamblea_idAsamblea, monto, descripcion) values (59, 'ESPECIAL', 12, 105, 'Toys');
insert into Gasto (idSucursal, tipo, Asamblea_idAsamblea, monto, descripcion) values (59, 'ESPECIAL', 13, 1013, 'Automotive');
insert into Gasto (idSucursal, tipo, Asamblea_idAsamblea, monto, descripcion) values (59, 'ESPECIAL', 7, 1358, 'Jewelry');
insert into Gasto (idSucursal, tipo, Asamblea_idAsamblea, monto, descripcion) values (59, 'ESPECIAL', 16, 286, 'Electronics');
insert into Gasto (idSucursal, tipo, Asamblea_idAsamblea, monto, descripcion) values (59, 'ESPECIAL', 18, 143, 'Health');
insert into Gasto (idSucursal, tipo, Asamblea_idAsamblea, monto, descripcion) values (59, 'ESPECIAL', 8, 967, 'Clothing');
insert into Gasto (idSucursal, tipo, Asamblea_idAsamblea, monto, descripcion) values (59, 'ESPECIAL', 2, 206, 'Sports');
insert into Gasto (idSucursal, tipo, Asamblea_idAsamblea, monto, descripcion) values (59, 'ESPECIAL', 18, 1442, 'Industrial');
insert into Gasto (idSucursal, tipo, Asamblea_idAsamblea, monto, descripcion) values (59, 'ESPECIAL', 2, 561, 'Jewelry');
insert into Gasto (idSucursal, tipo, Asamblea_idAsamblea, monto, descripcion) values (59, 'ESPECIAL', 8, 1207, 'Sports');
insert into Gasto (idSucursal, tipo, Asamblea_idAsamblea, monto, descripcion) values (59, 'ESPECIAL', 8, 1229, 'Sports');
insert into Gasto (idSucursal, tipo, Asamblea_idAsamblea, monto, descripcion) values (59, 'ESPECIAL', 22, 644, 'Tools');
insert into Gasto (idSucursal, tipo, Asamblea_idAsamblea, monto, descripcion) values (59, 'ESPECIAL', 23, 2360, 'Baby');
insert into Gasto (idSucursal, tipo, Asamblea_idAsamblea, monto, descripcion) values (59, 'ESPECIAL', 11, 2363, 'Industrial');
insert into Gasto (idSucursal, tipo, Asamblea_idAsamblea, monto, descripcion) values (59, 'ESPECIAL', 2, 207, 'Sports');
insert into Gasto (idSucursal, tipo, Asamblea_idAsamblea, monto, descripcion) values (59, 'ESPECIAL', 6, 759, 'Industrial');
insert into Gasto (idSucursal, tipo, Asamblea_idAsamblea, monto, descripcion) values (59, 'ESPECIAL', 13, 1894, 'Shoes');
insert into Gasto (idSucursal, tipo, Asamblea_idAsamblea, monto, descripcion) values (59, 'ESPECIAL', 5, 240, 'Tools');
insert into Gasto (idSucursal, tipo, Asamblea_idAsamblea, monto, descripcion) values (59, 'ESPECIAL', 18, 2143, 'Shoes');
insert into Gasto (idSucursal, tipo, Asamblea_idAsamblea, monto, descripcion) values (59, 'ESPECIAL', 8, 2073, 'Home');
insert into Gasto (idSucursal, tipo, Asamblea_idAsamblea, monto, descripcion) values (59, 'ESPECIAL', 13, 2294, 'Computers');
insert into Gasto (idSucursal, tipo, Asamblea_idAsamblea, monto, descripcion) values (59, 'ESPECIAL', 3, 1626, 'Industrial');
insert into Gasto (idSucursal, tipo, Asamblea_idAsamblea, monto, descripcion) values (59, 'ESPECIAL', 4, 1987, 'Grocery');
insert into Gasto (idSucursal, tipo, Asamblea_idAsamblea, monto, descripcion) values (59, 'ESPECIAL', 12, 1804, 'Shoes');
insert into Gasto (idSucursal, tipo, Asamblea_idAsamblea, monto, descripcion) values (59, 'ESPECIAL', 20, 1451, 'Computers');
insert into Gasto (idSucursal, tipo, Asamblea_idAsamblea, monto, descripcion) values (59, 'ESPECIAL', 17, 1418, 'Beauty');
insert into Gasto (idSucursal, tipo, Asamblea_idAsamblea, monto, descripcion) values (59, 'ESPECIAL', 18, 564, 'Home');
insert into Gasto (idSucursal, tipo, Asamblea_idAsamblea, monto, descripcion) values (59, 'ESPECIAL', 3, 1607, 'Tools');
insert into Gasto (idSucursal, tipo, Asamblea_idAsamblea, monto, descripcion) values (59, 'ESPECIAL', 17, 1727, 'Home');
insert into Gasto (idSucursal, tipo, Asamblea_idAsamblea, monto, descripcion) values (59, 'ESPECIAL', 24, 1459, 'Beauty');


--Envios PreCargados 
--SM > GT
insert into Envio values (1,59,14,10001,10003,'2023-01-01',45,5,0,0,'enRuta');
--QT > (GT & TO)
insert into Envio values (2,51,14,10001,10003,'2023-01-01',45,5,0,0,'enRuta');
insert into Envio values (3,51,61,10001,10003,'2023-01-01',45,5,0,0,'enRuta');

insert into Pasos_Envio values(1,1,59);
insert into Pasos_Envio values(2,1,51);
insert into Pasos_Envio values(3,1,14);

insert into Pasos_Envio values(4,2,51);
insert into Pasos_Envio values(5,2,14);

insert into Pasos_Envio values(6,3,51);
insert into Pasos_Envio values(7,3,61);

insert into Historico_Sucursales values (1,1,59,0,'2023-01-01');
insert into Historico_Sucursales values (2,1,51,0,'2023-01-04');
insert into Historico_Sucursales values (3,1,14,0,'2023-01-06');

insert into Historico_Sucursales values (4,2,51,0,'2023-01-01');
insert into Historico_Sucursales values (5,3,51,0,'2023-01-01');