-- departamentos G


INSERT INTO Departamento VALUES (01,"Guatemala","GU");
INSERT INTO Departamento VALUES (02,"El Progreso","PR");
INSERT INTO Departamento VALUES (03,"Sacatepéquez","SA");
INSERT INTO Departamento VALUES (04,"Chimaltenango","CM");
INSERT INTO Departamento VALUES (05,"Escuintla","ES");
INSERT INTO Departamento VALUES (06,"Santa Rosa","SR");
INSERT INTO Departamento VALUES (07,"Sololá","SO");
INSERT INTO Departamento VALUES (08,"Totonicapán","TO");
INSERT INTO Departamento VALUES (09,"Quetzaltenango","QZ");
INSERT INTO Departamento VALUES (10,"Suchitepéquez","SU");
INSERT INTO Departamento VALUES (11,"Retalhuleu","RE");
INSERT INTO Departamento VALUES (12,"San Marcos","SM");
INSERT INTO Departamento VALUES (13,"Huehuetenango","HU");
INSERT INTO Departamento VALUES (14,"Quiché","QC");
INSERT INTO Departamento VALUES (15,"Baja Verapaz","BV");
INSERT INTO Departamento VALUES (16,"Alta Verapaz","AV");
INSERT INTO Departamento VALUES (17,"Petén","PE");
INSERT INTO Departamento VALUES (18,"Izabal","IZ");
INSERT INTO Departamento VALUES (19,"Zacapa","ZA");
INSERT INTO Departamento VALUES (20,"Chiquimula","CQ");
INSERT INTO Departamento VALUES (21,"Jalapa","JA");
INSERT INTO Departamento VALUES (22,"Jutiapa","JU");

-- Municipios Total 338

INSERT INTO Municipio VALUES (01001, 01,"Guatemala");
INSERT INTO Municipio VALUES (01002, 01,"Santa Catarina Pinula");
INSERT INTO Municipio VALUES (01003, 01,"San José Pinula");
INSERT INTO Municipio VALUES (01004, 01,"San José del Golfo");
INSERT INTO Municipio VALUES (01005, 01,"Palencia");
INSERT INTO Municipio VALUES (01006, 01,"Chinautla");
INSERT INTO Municipio VALUES (01007, 01,"San Pedro Ayampuc");
INSERT INTO Municipio VALUES (01008, 01,"Mixco");
INSERT INTO Municipio VALUES (01009, 01,"San Pedro Sacatepéquez");
INSERT INTO Municipio VALUES (01010, 01,"San Juan Sacatepéquez");
INSERT INTO Municipio VALUES (01011, 01,"San Raymundo");
INSERT INTO Municipio VALUES (01012, 01,"Chuarrancho");
INSERT INTO Municipio VALUES (01013, 01,"Fraijanes");
INSERT INTO Municipio VALUES (01014, 01,"Amatitlán");
INSERT INTO Municipio VALUES (01015, 01,"Villa Nueva");
INSERT INTO Municipio VALUES (01016, 01,"Villa Canales");
INSERT INTO Municipio VALUES (01017, 01,"Petapa");
INSERT INTO Municipio VALUES (02001, 02,"Guastatoya");
INSERT INTO Municipio VALUES (02002, 02,"Morazán");
INSERT INTO Municipio VALUES (02003, 02,"San Agustín Acasaguastlán");
INSERT INTO Municipio VALUES (02004, 02,"San Cristóbal Acasaguastlán");
INSERT INTO Municipio VALUES (02005, 02,"El Jícaro");
INSERT INTO Municipio VALUES (02006, 02,"Sansare");
INSERT INTO Municipio VALUES (02007, 02,"Sanarate");
INSERT INTO Municipio VALUES (02008, 02,"San Antonio la Paz");
INSERT INTO Municipio VALUES (03001, 03,"Antigua Guatemala");
INSERT INTO Municipio VALUES (03002, 03,"Jocotenango");
INSERT INTO Municipio VALUES (03003, 03,"Pastores");
INSERT INTO Municipio VALUES (03004, 03,"Sumpango");
INSERT INTO Municipio VALUES (03005, 03,"Santo Domingo Xenacoj");
INSERT INTO Municipio VALUES (03006, 03,"Santiago Sacatepéquez");
INSERT INTO Municipio VALUES (03007, 03,"San Bartolomé Milpas Altas");
INSERT INTO Municipio VALUES (03008, 03,"San Lucas Sacatepéquez");
INSERT INTO Municipio VALUES (03009, 03,"Santa Lucía Milpas Altas");
INSERT INTO Municipio VALUES (03010, 03,"Magdalena Milpas Altas");
INSERT INTO Municipio VALUES (03011, 03,"Santa María de Jesús");
INSERT INTO Municipio VALUES (03012, 03,"Ciudad Vieja");
INSERT INTO Municipio VALUES (03013, 03,"San Miguel Dueñas");
INSERT INTO Municipio VALUES (03014, 03,"Alotenango");
INSERT INTO Municipio VALUES (03015, 03,"San Antonio Aguas Calientes");
INSERT INTO Municipio VALUES (03016, 03,"Santa Catarina Barahona");
INSERT INTO Municipio VALUES (04001, 04,"Chimaltenango");
INSERT INTO Municipio VALUES (04002, 04,"San José Poaquil");
INSERT INTO Municipio VALUES (04003, 04,"San Martín Jilotepeque");
INSERT INTO Municipio VALUES (04004, 04,"Comalapa");
INSERT INTO Municipio VALUES (04005, 04,"Santa Apolonia");
INSERT INTO Municipio VALUES (04006, 04,"Tecpán Guatemala");
INSERT INTO Municipio VALUES (04007, 04,"Patzún");
INSERT INTO Municipio VALUES (04008, 04,"Pochuta");
INSERT INTO Municipio VALUES (04009, 04,"Patzicía");
INSERT INTO Municipio VALUES (04010, 04,"Santa Cruz Balanyá");
INSERT INTO Municipio VALUES (04011, 04,"Acatenango");
INSERT INTO Municipio VALUES (04012, 04,"Yepocapa");
INSERT INTO Municipio VALUES (04013, 04,"San Andrés Itzapa");
INSERT INTO Municipio VALUES (04014, 04,"Parramos");
INSERT INTO Municipio VALUES (04015, 04,"Zaragoza");
INSERT INTO Municipio VALUES (04016, 04,"El Tejar");
INSERT INTO Municipio VALUES (05001, 05,"Escuintla");
INSERT INTO Municipio VALUES (05002, 05,"Santa Lucía Cotzumalguapa");
INSERT INTO Municipio VALUES (05003, 05,"La Democracia");
INSERT INTO Municipio VALUES (05004, 05,"Siquinalá");
INSERT INTO Municipio VALUES (05005, 05,"Masagua");
INSERT INTO Municipio VALUES (05006, 05,"Tiquisate");
INSERT INTO Municipio VALUES (05007, 05,"La Gomera");
INSERT INTO Municipio VALUES (05008, 05,"Guanagazapa");
INSERT INTO Municipio VALUES (05009, 05,"San José");
INSERT INTO Municipio VALUES (05010, 05,"Iztapa");
INSERT INTO Municipio VALUES (05011, 05,"Palín");
INSERT INTO Municipio VALUES (05012, 05,"San Vicente Pacaya");
INSERT INTO Municipio VALUES (05013, 05,"Nueva Concepción");
INSERT INTO Municipio VALUES (06001, 06,"Cuilapa");
INSERT INTO Municipio VALUES (06002, 06,"Barberena");
INSERT INTO Municipio VALUES (06003, 06,"Santa Rosa de Lima");
INSERT INTO Municipio VALUES (06004, 06,"Casillas");
INSERT INTO Municipio VALUES (06005, 06,"San Rafael las Flores");
INSERT INTO Municipio VALUES (06006, 06,"Oratorio");
INSERT INTO Municipio VALUES (06007, 06,"San Juan Tecuaco");
INSERT INTO Municipio VALUES (06008, 06,"Chiquimulilla");
INSERT INTO Municipio VALUES (06009, 06,"Taxisco");
INSERT INTO Municipio VALUES (06010, 06,"Santa María Ixhuatán");
INSERT INTO Municipio VALUES (06011, 06,"Guazacapán");
INSERT INTO Municipio VALUES (06012, 06,"Santa Cruz Naranjo");
INSERT INTO Municipio VALUES (06013, 06,"Pueblo Nuevo Viñas");
INSERT INTO Municipio VALUES (06014, 06,"Nueva Santa Rosa");
INSERT INTO Municipio VALUES (07001, 07,"Sololá");
INSERT INTO Municipio VALUES (07002, 07,"San José Chacayá");
INSERT INTO Municipio VALUES (07003, 07,"Santa María Visitación");
INSERT INTO Municipio VALUES (07004, 07,"Santa Lucía Utatlán");
INSERT INTO Municipio VALUES (07005, 07,"Nahualá");
INSERT INTO Municipio VALUES (07006, 07,"Santa Catarina Ixtahuacán");
INSERT INTO Municipio VALUES (07007, 07,"Santa Clara la Laguna");
INSERT INTO Municipio VALUES (07008, 07,"Concepción");
INSERT INTO Municipio VALUES (07009, 07,"San Andrés Semetabaj");
INSERT INTO Municipio VALUES (07010, 07,"Panajachel");
INSERT INTO Municipio VALUES (07011, 07,"Santa Catarina Palopó");
INSERT INTO Municipio VALUES (07012, 07,"San Antonio Palopó");
INSERT INTO Municipio VALUES (07013, 07,"San Lucas Tolimán");
INSERT INTO Municipio VALUES (07014, 07,"Santa Cruz la Laguna");
INSERT INTO Municipio VALUES (07015, 07,"San Pablo la Laguna");
INSERT INTO Municipio VALUES (07016, 07,"San Marcos la Laguna");
INSERT INTO Municipio VALUES (07017, 07,"San Juan la Laguna");
INSERT INTO Municipio VALUES (07018, 07,"San Pedro la Laguna");
INSERT INTO Municipio VALUES (07019, 07,"Santiago Atitlán");
INSERT INTO Municipio VALUES (08001, 08,"Totonicapán");
INSERT INTO Municipio VALUES (08002, 08,"San Cristóbal Totonicapán");
INSERT INTO Municipio VALUES (08003, 08,"San Francisco el Alto");
INSERT INTO Municipio VALUES (08004, 08,"San Andrés Xecul");
INSERT INTO Municipio VALUES (08005, 08,"Momostenango");
INSERT INTO Municipio VALUES (08006, 08,"Santa María Chiquimula");
INSERT INTO Municipio VALUES (08007, 08,"Santa Lucía la Reforma");
INSERT INTO Municipio VALUES (08008, 08,"San Bartolo");
INSERT INTO Municipio VALUES (09001, 09,"Quetzaltenango");
INSERT INTO Municipio VALUES (09002, 09,"Salcajá");
INSERT INTO Municipio VALUES (09003, 09,"Olintepeque");
INSERT INTO Municipio VALUES (09004, 09,"San Carlos Sija");
INSERT INTO Municipio VALUES (09005, 09,"Sibilia");
INSERT INTO Municipio VALUES (09006, 09,"Cabricán");
INSERT INTO Municipio VALUES (09007, 09,"Cajolá");
INSERT INTO Municipio VALUES (09008, 09,"San Miguel Siguilá");
INSERT INTO Municipio VALUES (09009, 09,"Ostuncalco");
INSERT INTO Municipio VALUES (09010, 09,"San Mateo");
INSERT INTO Municipio VALUES (09011, 09,"Concepción Chiquirichapa");
INSERT INTO Municipio VALUES (09012, 09,"San Martín Sacatepéquez");
INSERT INTO Municipio VALUES (09013, 09,"Almolonga");
INSERT INTO Municipio VALUES (09014, 09,"Cantel");
INSERT INTO Municipio VALUES (09015, 09,"Huitán");
INSERT INTO Municipio VALUES (09016, 09,"Zunil");
INSERT INTO Municipio VALUES (09017, 09,"Colomba");
INSERT INTO Municipio VALUES (09018, 09,"San Francisco la Unión");
INSERT INTO Municipio VALUES (09019, 09,"El Palmar");
INSERT INTO Municipio VALUES (09020, 09,"Coatepeque");
INSERT INTO Municipio VALUES (09021, 09,"Génova");
INSERT INTO Municipio VALUES (09022, 09,"Flores Costa Cuca");
INSERT INTO Municipio VALUES (09023, 09,"La Esperanza");
INSERT INTO Municipio VALUES (09024, 09,"Palestina de los Altos");
INSERT INTO Municipio VALUES (10001, 10,"Mazatenango");
INSERT INTO Municipio VALUES (10002, 10,"Cuyotenango");
INSERT INTO Municipio VALUES (10003, 10,"San Francisco Zapotitlán");
INSERT INTO Municipio VALUES (10004, 10,"San Bernardino");
INSERT INTO Municipio VALUES (10005, 10,"San José el Idolo");
INSERT INTO Municipio VALUES (10006, 10,"Santo Domingo Suchitepéquez");
INSERT INTO Municipio VALUES (10007, 10,"San Lorenzo");
INSERT INTO Municipio VALUES (10008, 10,"Samayac");
INSERT INTO Municipio VALUES (10009, 10,"San Pablo Jocopilas");
INSERT INTO Municipio VALUES (10010, 10,"San Antonio Suchitepéquez");
INSERT INTO Municipio VALUES (10011, 10,"San Miguel Panán");
INSERT INTO Municipio VALUES (10012, 10,"San Gabriel");
INSERT INTO Municipio VALUES (10013, 10,"Chicacao");
INSERT INTO Municipio VALUES (10014, 10,"Patulul");
INSERT INTO Municipio VALUES (10015, 10,"Santa Bárbara");
INSERT INTO Municipio VALUES (10016, 10,"San Juan Bautista");
INSERT INTO Municipio VALUES (10017, 10,"Santo Tomás la Unión");
INSERT INTO Municipio VALUES (10018, 10,"Zunilito");
INSERT INTO Municipio VALUES (10019, 10,"Pueblo Nuevo");
INSERT INTO Municipio VALUES (10020, 10,"Río Bravo");
INSERT INTO Municipio VALUES (10021, 10,"San José La Máquina");
INSERT INTO Municipio VALUES (11001, 11,"Retalhuleu");
INSERT INTO Municipio VALUES (11002, 11,"San Sebastián");
INSERT INTO Municipio VALUES (11003, 11,"Santa Cruz Muluá");
INSERT INTO Municipio VALUES (11004, 11,"San Martín Zapotitlán");
INSERT INTO Municipio VALUES (11005, 11,"San Felipe");
INSERT INTO Municipio VALUES (11006, 11,"San Andrés Villa Seca");
INSERT INTO Municipio VALUES (11007, 11,"Champerico");
INSERT INTO Municipio VALUES (11008, 11,"Nuevo San Carlos");
INSERT INTO Municipio VALUES (11009, 11,"El Asintal");
INSERT INTO Municipio VALUES (12001, 12,"San Marcos");
INSERT INTO Municipio VALUES (12002, 12,"San Pedro Sacatepéquez");
INSERT INTO Municipio VALUES (12003, 12,"San Antonio Sacatepéquez");
INSERT INTO Municipio VALUES (12004, 12,"Comitancillo");
INSERT INTO Municipio VALUES (12005, 12,"San Miguel Ixtahuacán");
INSERT INTO Municipio VALUES (12006, 12,"Concepción Tutuapa");
INSERT INTO Municipio VALUES (12007, 12,"Tacaná");
INSERT INTO Municipio VALUES (12008, 12,"Sibinal");
INSERT INTO Municipio VALUES (12009, 12,"Tajumulco");
INSERT INTO Municipio VALUES (12010, 12,"Tejutla");
INSERT INTO Municipio VALUES (12011, 12,"San Rafael Pié de la Cuesta");
INSERT INTO Municipio VALUES (12012, 12,"Nuevo Progreso");
INSERT INTO Municipio VALUES (12013, 12,"El Tumbador");
INSERT INTO Municipio VALUES (12014, 12,"El Rodeo");
INSERT INTO Municipio VALUES (12015, 12,"Malacatán");
INSERT INTO Municipio VALUES (12016, 12,"Catarina");
INSERT INTO Municipio VALUES (12017, 12,"Ayutla");
INSERT INTO Municipio VALUES (12018, 12,"Ocós");
INSERT INTO Municipio VALUES (12019, 12,"San Pablo");
INSERT INTO Municipio VALUES (12020, 12,"El Quetzal");
INSERT INTO Municipio VALUES (12021, 12,"La Reforma");
INSERT INTO Municipio VALUES (12022, 12,"Pajapita");
INSERT INTO Municipio VALUES (12023, 12,"Ixchiguán");
INSERT INTO Municipio VALUES (12024, 12,"San José Ojetenán");
INSERT INTO Municipio VALUES (12025, 12,"San Cristóbal Cucho");
INSERT INTO Municipio VALUES (12026, 12,"Sipacapa");
INSERT INTO Municipio VALUES (12027, 12,"Esquipulas Palo Gordo");
INSERT INTO Municipio VALUES (12028, 12,"Río Blanco");
INSERT INTO Municipio VALUES (12029, 12,"San Lorenzo");
INSERT INTO Municipio VALUES (12030, 12,"La Blanca");
INSERT INTO Municipio VALUES (13001, 13,"Huehuetenango");
INSERT INTO Municipio VALUES (13002, 13,"Chiantla");
INSERT INTO Municipio VALUES (13003, 13,"Malacatancito");
INSERT INTO Municipio VALUES (13004, 13,"Cuilco");
INSERT INTO Municipio VALUES (13005, 13,"Nentón");
INSERT INTO Municipio VALUES (13006, 13,"San Pedro Necta");
INSERT INTO Municipio VALUES (13007, 13,"Jacaltenango");
INSERT INTO Municipio VALUES (13008, 13,"Soloma");
INSERT INTO Municipio VALUES (13009, 13,"Ixtahuacán");
INSERT INTO Municipio VALUES (13010, 13,"Santa Bárbara");
INSERT INTO Municipio VALUES (13011, 13,"La Libertad");
INSERT INTO Municipio VALUES (13012, 13,"La Democracia");
INSERT INTO Municipio VALUES (13013, 13,"San Miguel Acatán");
INSERT INTO Municipio VALUES (13014, 13,"San Rafael la Independencia");
INSERT INTO Municipio VALUES (13015, 13,"Todos Santos Cuchumatán");
INSERT INTO Municipio VALUES (13016, 13,"San Juan Atitán");
INSERT INTO Municipio VALUES (13017, 13,"Santa Eulalia");
INSERT INTO Municipio VALUES (13018, 13,"San Mateo Ixtatán");
INSERT INTO Municipio VALUES (13019, 13,"Colotenango");
INSERT INTO Municipio VALUES (13020, 13,"San Sebastián Huehuetenango");
INSERT INTO Municipio VALUES (13021, 13,"Tectitán");
INSERT INTO Municipio VALUES (13022, 13,"Concepción Huista");
INSERT INTO Municipio VALUES (13023, 13,"San Juan Ixcoy");
INSERT INTO Municipio VALUES (13024, 13,"San Antonio Huista");
INSERT INTO Municipio VALUES (13025, 13,"San Sebastián Coatán");
INSERT INTO Municipio VALUES (13026, 13,"Barillas");
INSERT INTO Municipio VALUES (13027, 13,"Aguacatán");
INSERT INTO Municipio VALUES (13028, 13,"San Rafael Petzal");
INSERT INTO Municipio VALUES (13029, 13,"San Gaspar Ixchil");
INSERT INTO Municipio VALUES (13030, 13,"Santiago Chimaltenango");
INSERT INTO Municipio VALUES (13031, 13,"Santa Ana Huista");
INSERT INTO Municipio VALUES (13032, 13,"Unión Cantinil");
INSERT INTO Municipio VALUES (14001, 14,"Santa Cruz del Quiché");
INSERT INTO Municipio VALUES (14002, 14,"Chiché");
INSERT INTO Municipio VALUES (14003, 14,"Chinique");
INSERT INTO Municipio VALUES (14004, 14,"Zacualpa");
INSERT INTO Municipio VALUES (14005, 14,"Chajul");
INSERT INTO Municipio VALUES (14006, 14,"Chichicastenango");
INSERT INTO Municipio VALUES (14007, 14,"Patzité");
INSERT INTO Municipio VALUES (14008, 14,"San Antonio Ilotenango");
INSERT INTO Municipio VALUES (14009, 14,"San Pedro Jocopilas");
INSERT INTO Municipio VALUES (14010, 14,"Cunén");
INSERT INTO Municipio VALUES (14011, 14,"San Juan Cotzal");
INSERT INTO Municipio VALUES (14012, 14,"Joyabaj");
INSERT INTO Municipio VALUES (14013, 14,"Nebaj");
INSERT INTO Municipio VALUES (14014, 14,"San Andrés Sajcabajá");
INSERT INTO Municipio VALUES (14015, 14,"Uspantán");
INSERT INTO Municipio VALUES (14016, 14,"Sacapulas");
INSERT INTO Municipio VALUES (14017, 14,"San Bartolomé Jocotenango");
INSERT INTO Municipio VALUES (14018, 14,"Canillá");
INSERT INTO Municipio VALUES (14019, 14,"Chicamán");
INSERT INTO Municipio VALUES (14020, 14,"Ixcán");
INSERT INTO Municipio VALUES (14021, 14,"Pachalum");
INSERT INTO Municipio VALUES (15001, 15,"Salamá");
INSERT INTO Municipio VALUES (15002, 15,"San Miguel Chicaj");
INSERT INTO Municipio VALUES (15003, 15,"Rabinal");
INSERT INTO Municipio VALUES (15004, 15,"Cubulco");
INSERT INTO Municipio VALUES (15005, 15,"Granados");
INSERT INTO Municipio VALUES (15006, 15,"El Chol");
INSERT INTO Municipio VALUES (15007, 15,"San Jerónimo");
INSERT INTO Municipio VALUES (15008, 15,"Purulhá");
INSERT INTO Municipio VALUES (16001, 16,"Cobán");
INSERT INTO Municipio VALUES (16002, 16,"Santa Cruz Verapaz");
INSERT INTO Municipio VALUES (16003, 16,"San Cristóbal Verapaz");
INSERT INTO Municipio VALUES (16004, 16,"Tactic");
INSERT INTO Municipio VALUES (16005, 16,"Tamahú");
INSERT INTO Municipio VALUES (16006, 16,"Tucurú");
INSERT INTO Municipio VALUES (16007, 16,"Panzós");
INSERT INTO Municipio VALUES (16008, 16,"Senahú");
INSERT INTO Municipio VALUES (16009, 16,"San Pedro Carchá");
INSERT INTO Municipio VALUES (16010, 16,"San Juan Chamelco");
INSERT INTO Municipio VALUES (16011, 16,"Lanquín");
INSERT INTO Municipio VALUES (16012, 16,"Cahabón");
INSERT INTO Municipio VALUES (16013, 16,"Chisec");
INSERT INTO Municipio VALUES (16014, 16,"Chahal");
INSERT INTO Municipio VALUES (16015, 16,"Fray Bartolomé de las Casas");
INSERT INTO Municipio VALUES (16016, 16,"Santa Catalina la Tinta");
INSERT INTO Municipio VALUES (16017, 16,"Raxruhá");
INSERT INTO Municipio VALUES (17001, 17,"Flores");
INSERT INTO Municipio VALUES (17002, 17,"San José");
INSERT INTO Municipio VALUES (17003, 17,"San Benito");
INSERT INTO Municipio VALUES (17004, 17,"San Andrés");
INSERT INTO Municipio VALUES (17005, 17,"La Libertad");
INSERT INTO Municipio VALUES (17006, 17,"San Francisco");
INSERT INTO Municipio VALUES (17007, 17,"Santa Ana");
INSERT INTO Municipio VALUES (17008, 17,"Dolores");
INSERT INTO Municipio VALUES (17009, 17,"San Luis");
INSERT INTO Municipio VALUES (17010, 17,"Sayaxché");
INSERT INTO Municipio VALUES (17011, 17,"Melchor de Mencos");
INSERT INTO Municipio VALUES (17012, 17,"Poptún");
INSERT INTO Municipio VALUES (17013, 17,"Las Cruces");
INSERT INTO Municipio VALUES (17014, 17,"El Chal");
INSERT INTO Municipio VALUES (18001, 18,"Puerto Barrios");
INSERT INTO Municipio VALUES (18002, 18,"Livingston");
INSERT INTO Municipio VALUES (18003, 18,"El Estor");
INSERT INTO Municipio VALUES (18004, 18,"Morales");
INSERT INTO Municipio VALUES (18005, 18,"Los Amates");
INSERT INTO Municipio VALUES (19001, 19,"Zacapa");
INSERT INTO Municipio VALUES (19002, 19,"Estanzuela");
INSERT INTO Municipio VALUES (19003, 19,"Río Hondo");
INSERT INTO Municipio VALUES (19004, 19,"Gualán");
INSERT INTO Municipio VALUES (19005, 19,"Teculután");
INSERT INTO Municipio VALUES (19006, 19,"Usumatlán");
INSERT INTO Municipio VALUES (19007, 19,"Cabañas");
INSERT INTO Municipio VALUES (19008, 19,"San Diego");
INSERT INTO Municipio VALUES (19009, 19,"La Unión");
INSERT INTO Municipio VALUES (19010, 19,"Huité");
INSERT INTO Municipio VALUES (19011, 19,"San Jorge");
INSERT INTO Municipio VALUES (20001, 20,"Chiquimula");
INSERT INTO Municipio VALUES (20002, 20,"San José La Arada");
INSERT INTO Municipio VALUES (20003, 20,"San Juan Ermita");
INSERT INTO Municipio VALUES (20004, 20,"Jocotán");
INSERT INTO Municipio VALUES (20005, 20,"Camotán");
INSERT INTO Municipio VALUES (20006, 20,"Olopa");
INSERT INTO Municipio VALUES (20007, 20,"Esquipulas");
INSERT INTO Municipio VALUES (20008, 20,"Concepción Las Minas");
INSERT INTO Municipio VALUES (20009, 20,"Quetzaltepeque");
INSERT INTO Municipio VALUES (20010, 20,"San Jacinto");
INSERT INTO Municipio VALUES (20011, 20,"Ipala");
INSERT INTO Municipio VALUES (21001, 21,"Jalapa");
INSERT INTO Municipio VALUES (21002, 21,"San Pedro Pinula");
INSERT INTO Municipio VALUES (21003, 21,"San Luis Jilotepeque");
INSERT INTO Municipio VALUES (21004, 21,"San Manuel Chaparrón");
INSERT INTO Municipio VALUES (21005, 21,"San Carlos Alzatate");
INSERT INTO Municipio VALUES (21006, 21,"Monjas");
INSERT INTO Municipio VALUES (21007, 21,"Mataquescuintla");
INSERT INTO Municipio VALUES (22001, 22,"Jutiapa");
INSERT INTO Municipio VALUES (22002, 22,"El Progreso");
INSERT INTO Municipio VALUES (22003, 22,"Santa Catarina Mita");
INSERT INTO Municipio VALUES (22004, 22,"Agua Blanca");
INSERT INTO Municipio VALUES (22005, 22,"Asunción Mita");
INSERT INTO Municipio VALUES (22006, 22,"Yupiltepeque");
INSERT INTO Municipio VALUES (22007, 22,"Atescatempa");
INSERT INTO Municipio VALUES (22008, 22,"Jerez");
INSERT INTO Municipio VALUES (22009, 22,"El Adelanto");
INSERT INTO Municipio VALUES (22010, 22,"Zapotitlán");
INSERT INTO Municipio VALUES (22011, 22,"Comapa");
INSERT INTO Municipio VALUES (22012, 22,"Jalpatagua");
INSERT INTO Municipio VALUES (22013, 22,"Conguaco");
INSERT INTO Municipio VALUES (22014, 22,"Moyuta");
INSERT INTO Municipio VALUES (22015, 22,"Pasaco");
INSERT INTO Municipio VALUES (22016, 22,"San José Acatempa");
INSERT INTO Municipio VALUES (22017, 22,"Quesada");


-- Sucursales (64) 51 simples 10 con enlace 3 solo enlace
--

INSERT INTO Sucursal (idSucursal, idDepartamento, idMunicipio, direccion, nombre, esEnlace, estado, longitud, latitud) VALUES (1, 16, 16009, 'DIRECCION 1A', 'SUCURSAL ALTA VERAPAZ 1', 1, 1, 15.473058, -90311858);
INSERT INTO Sucursal (idSucursal, idDepartamento, idMunicipio, direccion, nombre, esEnlace, estado, longitud, latitud) VALUES (2, 16, 16009, 'DIRECCION 2A', 'SUCURSAL ALTA VERAPAZ 2', 1, 0, 15.478657, -90309873);
INSERT INTO Sucursal (idSucursal, idDepartamento, idMunicipio, direccion, nombre, esEnlace, estado, longitud, latitud) VALUES (3, 16, 16009, 'DIRECCION 3A', 'SUCURSAL ALTA VERAPAZ 3', 1, 0, 15.47497, -90316224);
INSERT INTO Sucursal (idSucursal, idDepartamento, idMunicipio, direccion, nombre, esEnlace, estado, longitud, latitud) VALUES (4, 16, 16001, 'DIRECCION 4A', 'SUCURSAL ALTA VERAPAZ 4', 1, 0, 15.470203, -90391952);
INSERT INTO Sucursal (idSucursal, idDepartamento, idMunicipio, direccion, nombre, esEnlace, estado, longitud, latitud) VALUES (5, 16, 16001, 'DIRECCION 5A', 'SUCURSAL ALTA VERAPAZ 5', 1, 0, 15.463119, -90398169);
INSERT INTO Sucursal (idSucursal, idDepartamento, idMunicipio, direccion, nombre, esEnlace, estado, longitud, latitud) VALUES (6, 16, 16013, 'DIRECCION 6A', 'SUCURSAL ALTA VERAPAZ 6', 1, 0, 15.80967, -90290229);
INSERT INTO Sucursal (idSucursal, idDepartamento, idMunicipio, direccion, nombre, esEnlace, estado, longitud, latitud) VALUES (7, 16, 16008, 'DIRECCION 7A', 'SUCURSAL ALTA VERAPAZ 7', 1, 0, 15.414897, -89820984);
INSERT INTO Sucursal (idSucursal, idDepartamento, idMunicipio, direccion, nombre, esEnlace, estado, longitud, latitud) VALUES (8, 4, 4001, 'DIRECCION 1C', 'SUCURSAL CHIMALTENANGO 1', 1, 1, 14.658462, -90817723);
INSERT INTO Sucursal (idSucursal, idDepartamento, idMunicipio, direccion, nombre, esEnlace, estado, longitud, latitud) VALUES (9, 4, 4006, 'DIRECCION 2C', 'SUCURSAL CHIMALTENANGO 2', 1, 0, 14.759636, -90988555);
INSERT INTO Sucursal (idSucursal, idDepartamento, idMunicipio, direccion, nombre, esEnlace, estado, longitud, latitud) VALUES (10, 20, 20001, 'DIRECCION 1C', 'SUCURSAL CHIQUIMULA 1', 1, 1, 14.796817, -89542253);
INSERT INTO Sucursal (idSucursal, idDepartamento, idMunicipio, direccion, nombre, esEnlace, estado, longitud, latitud) VALUES (11, 5, 5001, 'DIRECCION 1E', 'SUCURSAL ESCUINTLA 1', 1, 1, 14.293687, -90783052);
INSERT INTO Sucursal (idSucursal, idDepartamento, idMunicipio, direccion, nombre, esEnlace, estado, longitud, latitud) VALUES (12, 5, 5001, 'DIRECCION 2E', 'SUCURSAL ESCUINTLA 2', 1, 0, 14.281259, -90776883);
INSERT INTO Sucursal (idSucursal, idDepartamento, idMunicipio, direccion, nombre, esEnlace, estado, longitud, latitud) VALUES (13, 5, 5002, 'DIRECCION 3E', 'SUCURSAL ESCUINTLA 3', 1, 1, 14.333127, -91020019);
INSERT INTO Sucursal (idSucursal, idDepartamento, idMunicipio, direccion, nombre, esEnlace, estado, longitud, latitud) VALUES (14, 1, 1001, 'DIRECCION 1G', 'SUCURSAL GUATEMALA 1', 1, 1, 14.632534, -90509313);
INSERT INTO Sucursal (idSucursal, idDepartamento, idMunicipio, direccion, nombre, esEnlace, estado, longitud, latitud) VALUES (15, 1, 1001, 'DIRECCION 2G', 'SUCURSAL GUATEMALA 2', 1, 1, 14.618158, -90525710);
INSERT INTO Sucursal (idSucursal, idDepartamento, idMunicipio, direccion, nombre, esEnlace, estado, longitud, latitud) VALUES (16, 1, 1001, 'DIRECCION 3G', 'SUCURSAL GUATEMALA 3', 1, 0, 14.616281, -90514891);
INSERT INTO Sucursal (idSucursal, idDepartamento, idMunicipio, direccion, nombre, esEnlace, estado, longitud, latitud) VALUES (17, 1, 1001, 'DIRECCION 4G', 'SUCURSAL GUATEMALA 4', 1, 0, 14.63796, -90506929);
INSERT INTO Sucursal (idSucursal, idDepartamento, idMunicipio, direccion, nombre, esEnlace, estado, longitud, latitud) VALUES (18, 1, 1001, 'DIRECCION 5G', 'SUCURSAL GUATEMALA 5', 1, 0, 14.646107, -90508256);
INSERT INTO Sucursal (idSucursal, idDepartamento, idMunicipio, direccion, nombre, esEnlace, estado, longitud, latitud) VALUES (19, 1, 1001, 'DIRECCION 6G', 'SUCURSAL GUATEMALA 6', 1, 0, 14.655883, -90497488);
INSERT INTO Sucursal (idSucursal, idDepartamento, idMunicipio, direccion, nombre, esEnlace, estado, longitud, latitud) VALUES (20, 1, 1001, 'DIRECCION 7G', 'SUCURSAL GUATEMALA 7', 1, 0, 14.649079, -90518640);
INSERT INTO Sucursal (idSucursal, idDepartamento, idMunicipio, direccion, nombre, esEnlace, estado, longitud, latitud) VALUES (21, 1, 1001, 'DIRECCION 8G', 'SUCURSAL GUATEMALA 8', 1, 0, 14.64177, -90514858);
INSERT INTO Sucursal (idSucursal, idDepartamento, idMunicipio, direccion, nombre, esEnlace, estado, longitud, latitud) VALUES (22, 1, 1001, 'DIRECCION 9G', 'SUCURSAL GUATEMALA 9', 1, 0, 14.617292, -90530150);
INSERT INTO Sucursal (idSucursal, idDepartamento, idMunicipio, direccion, nombre, esEnlace, estado, longitud, latitud) VALUES (23, 1, 1001, 'DIRECCION 10G', 'SUCURSAL GUATEMALA 10', 1, 0, 14.598668, -90493334);
INSERT INTO Sucursal (idSucursal, idDepartamento, idMunicipio, direccion, nombre, esEnlace, estado, longitud, latitud) VALUES (24, 1, 1008, 'DIRECCION 1G', 'SUCURSAL GUATEMALA 11', 1, 0, 14.632662, -90609090);
INSERT INTO Sucursal (idSucursal, idDepartamento, idMunicipio, direccion, nombre, esEnlace, estado, longitud, latitud) VALUES (25, 1, 1008, 'DIRECCION 2G', 'SUCURSAL GUATEMALA 12', 1, 0, 14.614664, -90603414);
INSERT INTO Sucursal (idSucursal, idDepartamento, idMunicipio, direccion, nombre, esEnlace, estado, longitud, latitud) VALUES (26, 1, 1008, 'DIRECCION 3G', 'SUCURSAL GUATEMALA 13', 1, 0, 14.63002, -90597072);
INSERT INTO Sucursal (idSucursal, idDepartamento, idMunicipio, direccion, nombre, esEnlace, estado, longitud, latitud) VALUES (27, 1, 1008, 'DIRECCION 4G', 'SUCURSAL GUATEMALA 14', 1, 0, 14.620912, -90591027);
INSERT INTO Sucursal (idSucursal, idDepartamento, idMunicipio, direccion, nombre, esEnlace, estado, longitud, latitud) VALUES (28, 1, 1008, 'DIRECCION 5G', 'SUCURSAL GUATEMALA 15', 1, 0, 14.631307, -90591665);
INSERT INTO Sucursal (idSucursal, idDepartamento, idMunicipio, direccion, nombre, esEnlace, estado, longitud, latitud) VALUES (29, 1, 1015, 'DIRECCION 1G', 'SUCURSAL GUATEMALA 16', 1, 0, 14.526081, -90591218);
INSERT INTO Sucursal (idSucursal, idDepartamento, idMunicipio, direccion, nombre, esEnlace, estado, longitud, latitud) VALUES (30, 1, 1015, 'DIRECCION 2G', 'SUCURSAL GUATEMALA 17', 1, 0, 14.52599, -90578205);
INSERT INTO Sucursal (idSucursal, idDepartamento, idMunicipio, direccion, nombre, esEnlace, estado, longitud, latitud) VALUES (31, 1, 1015, 'DIRECCION 3G', 'SUCURSAL GUATEMALA 18', 1, 0, 14.533936, -90582423);
INSERT INTO Sucursal (idSucursal, idDepartamento, idMunicipio, direccion, nombre, esEnlace, estado, longitud, latitud) VALUES (32, 1, 1015, 'DIRECCION 4G', 'SUCURSAL GUATEMALA 19', 1, 0, 14.542278, -90592468);
INSERT INTO Sucursal (idSucursal, idDepartamento, idMunicipio, direccion, nombre, esEnlace, estado, longitud, latitud) VALUES (33, 1, 1015, 'DIRECCION 5G', 'SUCURSAL GUATEMALA 20', 1, 0, 14.546639, -90590333);
INSERT INTO Sucursal (idSucursal, idDepartamento, idMunicipio, direccion, nombre, esEnlace, estado, longitud, latitud) VALUES (34, 1, 1010, 'DIRECCION 1G', 'SUCURSAL GUATEMALA 21', 1, 0, 14.721291, -90647372);
INSERT INTO Sucursal (idSucursal, idDepartamento, idMunicipio, direccion, nombre, esEnlace, estado, longitud, latitud) VALUES (35, 1, 1010, 'DIRECCION 2G', 'SUCURSAL GUATEMALA 22', 1, 0, 14.723426, -90643340);
INSERT INTO Sucursal (idSucursal, idDepartamento, idMunicipio, direccion, nombre, esEnlace, estado, longitud, latitud) VALUES (36, 1, 1010, 'DIRECCION 3G', 'SUCURSAL GUATEMALA 26', 1, 0, 14.714915, -90649606);
INSERT INTO Sucursal (idSucursal, idDepartamento, idMunicipio, direccion, nombre, esEnlace, estado, longitud, latitud) VALUES (37, 1, 1010, 'DIRECCION 4G', 'SUCURSAL GUATEMALA 26', 1, 0, 14.719592, -90649498);
INSERT INTO Sucursal (idSucursal, idDepartamento, idMunicipio, direccion, nombre, esEnlace, estado, longitud, latitud) VALUES (38, 1, 1016, 'DIRECCION 1G', 'SUCURSAL GUATEMALA 23', 1, 0, 14.486527, -90536457);
INSERT INTO Sucursal (idSucursal, idDepartamento, idMunicipio, direccion, nombre, esEnlace, estado, longitud, latitud) VALUES (39, 1, 1016, 'DIRECCION 1G', 'SUCURSAL GUATEMALA 23', 1, 0, 14.477879, -90535641);
INSERT INTO Sucursal (idSucursal, idDepartamento, idMunicipio, direccion, nombre, esEnlace, estado, longitud, latitud) VALUES (40, 1, 1014, 'DIRECCION 1G', 'SUCURSAL GUATEMALA 24', 1, 0, 14.482203, -90623297);
INSERT INTO Sucursal (idSucursal, idDepartamento, idMunicipio, direccion, nombre, esEnlace, estado, longitud, latitud) VALUES (41, 1, 1017, 'DIRECCION 1G', 'SUCURSAL GUATEMALA 25', 1, 0, 14.512924, -90564282);
INSERT INTO Sucursal (idSucursal, idDepartamento, idMunicipio, direccion, nombre, esEnlace, estado, longitud, latitud) VALUES (42, 13, 13001, 'DIRECCION 1H', 'SUCURSAL HUEHUETENANGO 1', 1, 1, 15.318132, -91494273);
INSERT INTO Sucursal (idSucursal, idDepartamento, idMunicipio, direccion, nombre, esEnlace, estado, longitud, latitud) VALUES (43, 13, 13026, 'DIRECCION 2H', 'SUCURSAL HUEHUETENANGO 2', 1, 0, 15.804567, -91314717);
INSERT INTO Sucursal (idSucursal, idDepartamento, idMunicipio, direccion, nombre, esEnlace, estado, longitud, latitud) VALUES (44, 18, 18001, 'DIRECCION 1I', 'SUCURSAL IZABAL 1', 1, 1, 15.710531, -88584358);
INSERT INTO Sucursal (idSucursal, idDepartamento, idMunicipio, direccion, nombre, esEnlace, estado, longitud, latitud) VALUES (45, 18, 18004, 'DIRECCION 2I', 'SUCURSAL IZABAL 2', 1, 0, 15.473818, -88841622);
INSERT INTO Sucursal (idSucursal, idDepartamento, idMunicipio, direccion, nombre, esEnlace, estado, longitud, latitud) VALUES (46, 21, 21001, 'DIRECCION 1J', 'SUCURSAL JALAPA 1', 1, 1, 14.634018, -89994022);
INSERT INTO Sucursal (idSucursal, idDepartamento, idMunicipio, direccion, nombre, esEnlace, estado, longitud, latitud) VALUES (47, 21, 21001, 'DIRECCION 2J', 'SUCURSAL JALAPA 2', 1, 0, 14.645453, -89984377);
INSERT INTO Sucursal (idSucursal, idDepartamento, idMunicipio, direccion, nombre, esEnlace, estado, longitud, latitud) VALUES (48, 22, 22001, 'DIRECCION 1J', 'SUCURSAL JUTIAPA 1', 1, 1, 14.638964, -89974817);
INSERT INTO Sucursal (idSucursal, idDepartamento, idMunicipio, direccion, nombre, esEnlace, estado, longitud, latitud) VALUES (49, 22, 22001, 'DIRECCION 2J', 'SUCURSAL JUTIAPA 2', 1, 0, 14.630372, -89984018);
INSERT INTO Sucursal (idSucursal, idDepartamento, idMunicipio, direccion, nombre, esEnlace, estado, longitud, latitud) VALUES (50, 17, 17001, 'DIRECCION 1P', 'SUCURSAL PETEN 1', 1, 1, 16.916206, -89885350);
INSERT INTO Sucursal (idSucursal, idDepartamento, idMunicipio, direccion, nombre, esEnlace, estado, longitud, latitud) VALUES (51, 9, 9001, 'DIRECCION 1Q', 'SUCURSAL QUETZALTENANGO 1', 1, 1, 14.846059, -91535813);
INSERT INTO Sucursal (idSucursal, idDepartamento, idMunicipio, direccion, nombre, esEnlace, estado, longitud, latitud) VALUES (52, 9, 9001, 'DIRECCION 2Q', 'SUCURSAL QUETZALTENANGO 2', 1, 1, 14.843021, -91514454);
INSERT INTO Sucursal (idSucursal, idDepartamento, idMunicipio, direccion, nombre, esEnlace, estado, longitud, latitud) VALUES (53, 9, 9020, 'DIRECCION 2Q', 'SUCURSAL QUETZALTENANGO 2', 1, 0, 14.700755, -91864198);
INSERT INTO Sucursal (idSucursal, idDepartamento, idMunicipio, direccion, nombre, esEnlace, estado, longitud, latitud) VALUES (54, 14, 14006, 'DIRECCION 1Q', 'SUCURSAL QUICHE 1', 1, 1, 14.941875, -91110467);
INSERT INTO Sucursal (idSucursal, idDepartamento, idMunicipio, direccion, nombre, esEnlace, estado, longitud, latitud) VALUES (55, 14, 14020, 'DIRECCION 2Q', 'SUCURSAL QUICHE 2', 1, 0, 15.987077, -90777599);
INSERT INTO Sucursal (idSucursal, idDepartamento, idMunicipio, direccion, nombre, esEnlace, estado, longitud, latitud) VALUES (56, 14, 14012, 'DIRECCION 3Q', 'SUCURSAL QUICHE 3', 1, 0, 14.992706, -90801969);
INSERT INTO Sucursal (idSucursal, idDepartamento, idMunicipio, direccion, nombre, esEnlace, estado, longitud, latitud) VALUES (57, 14, 14001, 'DIRECCION 4Q', 'SUCURSAL QUICHE 4', 1, 0, 15.025872, -91152306);
INSERT INTO Sucursal (idSucursal, idDepartamento, idMunicipio, direccion, nombre, esEnlace, estado, longitud, latitud) VALUES (58, 11, 11001, 'DIRECCION 1R', 'SUCURSAL RETALHULEU 1', 1, 1, 14.532962, -91680599);
INSERT INTO Sucursal (idSucursal, idDepartamento, idMunicipio, direccion, nombre, esEnlace, estado, longitud, latitud) VALUES (59, 12, 12015, 'DIRECCION 1S', 'SUCURSAL SAN MARCOS 1', 1, 1, 14.911192, -92053164);
INSERT INTO Sucursal (idSucursal, idDepartamento, idMunicipio, direccion, nombre, esEnlace, estado, longitud, latitud) VALUES (60, 7, 7001, 'DIRECCION 1S', 'SUCURSAL SOLOLA 1', 1, 1, 14.767009, -91181318);
INSERT INTO Sucursal (idSucursal, idDepartamento, idMunicipio, direccion, nombre, esEnlace, estado, longitud, latitud) VALUES (61, 8, 8001, 'DIRECCION 1T', 'SUCURSAL TOTONICAPAN 1', 1, 1, 14.912026, -91358942);
INSERT INTO Sucursal (idSucursal, idDepartamento, idMunicipio, direccion, nombre, esEnlace, estado, longitud, latitud) VALUES (62, 8, 8005, 'DIRECCION 1T', 'SUCURSAL TOTONICAPAN 2', 1, 0, 15.042345, -91407239);







/*

-- id,departamento,municipio,direccion,nombre,esEnlace,estado

-- AltaVerapaz D16

INSERT INTO Sucursal VALUES (1,16,16009,"DIRECCION 1A","SUCURSAL ALTA VERAPAZ 1",1,1,15.475861, -90.312270);


 -- Chimaltenango
 INSERT INTO Sucursal VALUES (2,04,04001,"DIRECCION 1C","SUCURSAL CHIMALTENANGO 1",1,1,14.658642, -90.818620);


 -- Escuintla
 INSERT INTO Sucursal VALUES (3,05,05001,"DIRECCION 1E","SUCURSAL ESCUINTLA 1",1,1,14.290476, -90.780166);


 -- Guatemala
 INSERT INTO Sucursal VALUES (4,01,01001,"DIRECCION 1G","SUCURSAL GUATEMALA 1",1,1,14.617077, -90.513264);



 -- Huehuetenango
 INSERT INTO Sucursal VALUES (5,13,13001,"DIRECCION 1H","SUCURSAL HUEHUETENANGO 1",1,1,15.319327, -91.484763);

 INSERT INTO Sucursal VALUES (6,13,13026,"DIRECCION 2H","SUCURSAL HUEHUETENANGO 2",1,1,15.801955, -91.314562);

 -- Izabal
 INSERT INTO Sucursal VALUES (7,18,18001,"DIRECCION 1I","SUCURSAL IZABAL 1",1,1,15.694378, -88.587287);




 -- Peten
 INSERT INTO Sucursal VALUES (8,17,17001,"DIRECCION 1P","SUCURSAL PETEN 1",1,1,16.914446, -89.893148);

 -- Quetzaltenango
 INSERT INTO Sucursal VALUES (9,09,09001,"DIRECCION 1Q","SUCURSAL QUETZALTENANGO 1",1,1,14.846037, -91.535832);


 -- Quiche
 INSERT INTO Sucursal VALUES (10,14,14006,"DIRECCION 1Q","SUCURSAL QUICHE 1",1,1,14.944375, -91.108910);


 -- Retalhuleu
 INSERT INTO Sucursal VALUES (11,11,11001,"DIRECCION 1R","SUCURSAL RETALHULEU 1",1,1,14.536894, -91.678130);

 -- San Marcos
 INSERT INTO Sucursal VALUES (12,12,12015,"DIRECCION 1S","SUCURSAL SAN MARCOS 1",1,1,14.908584, -92.056549);

 -- Solola
INSERT INTO Sucursal VALUES (13,07,07001,"DIRECCION 1S","SUCURSAL SOLOLA 1",1,1,14.768691, -91.182609);

-- Totonicapan
INSERT INTO Sucursal VALUES (14,08,08001,"DIRECCION 1T","SUCURSAL TOTONICAPAN 1",1,1,14.911346, -91.360857);
*/


-- Rutas Internas
-- id,idOrigen,idDestino,distancia,dias,costo
-- Alta Verapaz

-- INSERT INTO Ruta VALUES (001,4,1,9.2,0,0);
-- INSERT INTO Ruta VALUES (002,4,2,10.2,0,0);



-- Usuarios para emisor y receptor

-- INSERT INTO Envio VALUES (1,43,44,1,2,"2023-11-24",245);

/*

INSERT INTO Vehiculo (idVehiculo, marca,tipo, placa, tonelage, anio, noAsientos, capacidadVol, capacidadTon,idSucursal)
VALUES (1,'TOYOTA','PICKUP', 'P123SDMN', '2', '2014', 2, 2, 1,14),
       (2,'HONDA','PICKUP', 'P123SDM', '2', '2010', 2, 2, 1,14),
       (3,'ISUZU','CAMION', 'C-987ABC', '2', '2010', 2, 2, 1,14),
       (4,'MERCEDEZ BENZ','CAMION', 'C-543XYZ', '2', '2013', 2, 2, 1,14),
       (5,'KIA','CAMION', 'P-654LMN', '2', '2001', 2, 2, 1,14),
       (6,'KIA','FURGONETA', 'P-321DEF', '2', '2016', 2, 2, 1,14),
       (7,'KIA','FURGONETA', 'P-789JKL', '2', '2016', 2, 2, 1,14),
       (8,'KIA','FURGONETA', 'P-234MNO', '2', '2017', 2, 2, 1,14),
       (9,'HINO','CAMION', 'C-876PQR', '2', '2021', 2, 2, 1,14),
       (10,'FORD','CAMION', 'C-432STU', '2', '2024', 2, 2, 1,14),
       (11,'FORD','CAMION', 'C-567VWX', '2', '2025', 2, 2, 1,14),
       (12,'HINO','CAMION', 'C-109YZA', '2', '2026', 2, 2, 1,14),
       (13,'NISSAN','CAMION', 'C-609JKL', '2', '2021', 2, 2, 1,14),
       (14,'MITSUBISHI FUSO','CAMION', 'C-185MNO', '2', '2024', 2, 2, 1,14),
       (15,'MITSUBISHI FUSO', 'CAMION','C-374PQR', '2', '2025', 2, 2, 1,14),
       (16,'MITSUBISHI FUSO','CAMION', 'C-527STU', '2', '2026', 2, 2, 1,14),
       (17,'HINO','CAMION', 'C-725SQU', '2', '2026', 2, 2, 1,14),
       (18,'HINO','CAMION', 'C-122ABU', '2', '2026', 2, 2, 1,14);
(2,'HONDA','PICKUP', 'P123SDM', '2', '2010', 2, 2, 1),
       (3,'ISUZU','CAMION', 'C-987ABC', '2', '2010', 2, 2, 1),
       (4,'MERCEDEZ BENZ','CAMION', 'C-543XYZ', '2', '2013', 2, 2, 1),
       (5,'KIA','CAMION', 'P-654LMN', '2', '2001', 2, 2, 1),
       (6,'KIA','FURGONETA', 'P-321DEF', '2', '2016', 2, 2, 1),
       (7,'KIA','FURGONETA', 'P-789JKL', '2', '2016', 2, 2, 1),
       (8,'KIA','FURGONETA', 'P-234MNO', '2', '2017', 2, 2, 1),
       (9,'HINO','CAMION', 'C-876PQR', '2', '2021', 2, 2, 1),
       (10,'FORD','CAMION', 'C-432STU', '2', '2024', 2, 2, 1),
       (11,'FORD','CAMION', 'C-567VWX', '2', '2025', 2, 2, 1),
       (12,'HINO','CAMION', 'C-109YZA', '2', '2026', 2, 2, 1),
       (13,'NISSAN','CAMION', 'C-609JKL', '2', '2021', 2, 2, 1),
       
       (15,'Mitsubishi Fuso', 'CAMION','C-374PQR', '2', '2025', 2, 2, 1),
       (16,'Mitsubishi Fuso','CAMION', 'C-527STU', '2', '2026', 2, 2, 1),
       (17,'HINO','CAMION', 'C-725SQU', '2', '2026', 2, 2, 1),
       (18,'Hino','CAMION', 'C-122ABU', '2', '2026', 2, 2, 1)

       (2,1,'Mitsubishi Fuso','CAMION', 'C-185MNO', '2', '2024', 2, 2, 10),
*/
INSERT INTO Vehiculo (idVehiculo,idSucursal, marca,tipo, placa, tonelage, anio, noAsientos, capacidadVol, capacidadTon)
VALUES 
      (1 , 1,'TOYOTA','PICKUP', 'P1231SDMN',  '2', '2014', 2, 2, 1),
      (2 , 2,'TOYOTA','PICKUP', 'P1232SDMN',  '2', '2014', 2, 2, 1),
      (3 , 3,'TOYOTA','PICKUP', 'P1233SDMN',  '2', '2014', 2, 2, 1),
      (4 , 4,'TOYOTA','PICKUP', 'P1234SDMN',  '2', '2014', 2, 2, 1),
      (5 , 5,'TOYOTA','PICKUP', 'P1235SDMN',  '2', '2014', 2, 2, 1),
      (6 , 6,'TOYOTA','PICKUP', 'P1236SDMN',  '2', '2014', 2, 2, 1),
      (7 , 7,'TOYOTA','PICKUP', 'P1237SDMN',  '2', '2014', 2, 2, 1),
      (8 , 8,'TOYOTA','PICKUP', 'P1238SDMN',  '2', '2014', 2, 2, 1),
      (9 , 9,'TOYOTA','PICKUP', 'P1239SDMN',  '2', '2014', 2, 2, 1),
      (10,10,'TOYOTA','PICKUP', 'P12310SDMN', '2', '2014', 2, 2, 1),
      (11,11,'TOYOTA','PICKUP', 'P12311SDMN', '2', '2014', 2, 2, 1),
      (12,12,'TOYOTA','PICKUP', 'P12312SDMN', '2', '2014', 2, 2, 1),
      (13,13,'TOYOTA','PICKUP', 'P12313SDMN', '2', '2014', 2, 2, 1),
      (14,14,'TOYOTA','PICKUP', 'P12314SDMN', '2', '2014', 2, 2, 1),
      (15,15,'TOYOTA','PICKUP', 'P12315SDMN', '2', '2014', 2, 2, 1),
      (16,16,'TOYOTA','PICKUP', 'P12316SDMN', '2', '2014', 2, 2, 1),
      (17,17,'TOYOTA','PICKUP', 'P12317SDMN', '2', '2014', 2, 2, 1),
      (18,18,'TOYOTA','PICKUP', 'P12318SDMN', '2', '2014', 2, 2, 1),
      (19,19,'TOYOTA','PICKUP', 'P12319SDMN', '2', '2014', 2, 2, 1),
      (20,20,'TOYOTA','PICKUP', 'P12320SDMN', '2', '2014', 2, 2, 1),
      (21,21,'TOYOTA','PICKUP', 'P12321SDMN', '2', '2014', 2, 2, 1),
      (22,22,'TOYOTA','PICKUP', 'P12322SDMN', '2', '2014', 2, 2, 1),
      (23,23,'TOYOTA','PICKUP', 'P12323SDMN', '2', '2014', 2, 2, 1),
      (24,24,'TOYOTA','PICKUP', 'P12324SDMN', '2', '2014', 2, 2, 1),
      (25,25,'TOYOTA','PICKUP', 'P12325SDMN', '2', '2014', 2, 2, 1),
      (26,26,'TOYOTA','PICKUP', 'P12326SDMN', '2', '2014', 2, 2, 1),
      (27,27,'TOYOTA','PICKUP', 'P12327SDMN', '2', '2014', 2, 2, 1),
      (28,28,'TOYOTA','PICKUP', 'P12328SDMN', '2', '2014', 2, 2, 1),
      (29,29,'TOYOTA','PICKUP', 'P12329SDMN', '2', '2014', 2, 2, 1),
      (30,30,'TOYOTA','PICKUP', 'P12330SDMN', '2', '2014', 2, 2, 1),
      (31,31,'TOYOTA','PICKUP', 'P12331SDMN', '2', '2014', 2, 2, 1),
      (32,32,'TOYOTA','PICKUP', 'P12332SDMN', '2', '2014', 2, 2, 1),
      (33,33,'TOYOTA','PICKUP', 'P12333SDMN', '2', '2014', 2, 2, 1),
      (34,34,'TOYOTA','PICKUP', 'P12334SDMN', '2', '2014', 2, 2, 1),
      (35,35,'TOYOTA','PICKUP', 'P12335SDMN', '2', '2014', 2, 2, 1),
      (36,36,'TOYOTA','PICKUP', 'P12336SDMN', '2', '2014', 2, 2, 1),
      (37,37,'TOYOTA','PICKUP', 'P12337SDMN', '2', '2014', 2, 2, 1),
      (38,38,'TOYOTA','PICKUP', 'P12338SDMN', '2', '2014', 2, 2, 1),
      (39,39,'TOYOTA','PICKUP', 'P12339SDMN', '2', '2014', 2, 2, 1),
      (40,40,'TOYOTA','PICKUP', 'P12340SDMN', '2', '2014', 2, 2, 1),
      (41,41,'TOYOTA','PICKUP', 'P12341SDMN', '2', '2014', 2, 2, 1),
      (42,42,'TOYOTA','PICKUP', 'P12342SDMN', '2', '2014', 2, 2, 1),
      (43,43,'TOYOTA','PICKUP', 'P12343SDMN', '2', '2014', 2, 2, 1),
      (44,44,'TOYOTA','PICKUP', 'P12344SDMN', '2', '2014', 2, 2, 1),
      (45,45,'TOYOTA','PICKUP', 'P12345SDMN', '2', '2014', 2, 2, 1),
      (46,46,'TOYOTA','PICKUP', 'P12346SDMN', '2', '2014', 2, 2, 1),
      (47,47,'TOYOTA','PICKUP', 'P12347SDMN', '2', '2014', 2, 2, 1),
      (48,48,'TOYOTA','PICKUP', 'P12348SDMN', '2', '2014', 2, 2, 1),
      (49,49,'TOYOTA','PICKUP', 'P12349SDMN', '2', '2014', 2, 2, 1),
      (50,50,'TOYOTA','PICKUP', 'P12350SDMN', '2', '2014', 2, 2, 1),
      (51,51,'TOYOTA','PICKUP', 'P12351SDMN', '2', '2014', 2, 2, 1),
      (52,52,'TOYOTA','PICKUP', 'P12352SDMN', '2', '2014', 2, 2, 1),
      (53,53,'TOYOTA','PICKUP', 'P12353SDMN', '2', '2014', 2, 2, 1),
      (54,54,'TOYOTA','PICKUP', 'P12354SDMN', '2', '2014', 2, 2, 1),
      (55,55,'TOYOTA','PICKUP', 'P12355SDMN', '2', '2014', 2, 2, 1),
      (56,56,'TOYOTA','PICKUP', 'P12356SDMN', '2', '2014', 2, 2, 1),
      (57,57,'TOYOTA','PICKUP', 'P12357SDMN', '2', '2014', 2, 2, 1),
      (58,58,'TOYOTA','PICKUP', 'P12358SDMN', '2', '2014', 2, 2, 1),
      (59,59,'TOYOTA','PICKUP', 'P12359SDMN', '2', '2014', 2, 2, 1),
      (60,60,'TOYOTA','PICKUP', 'P12360SDMN', '2', '2014', 2, 2, 1),
      (61,61,'TOYOTA','PICKUP', 'P12361SDMN', '2', '2014', 2, 2, 1),
      (62,62,'TOYOTA','PICKUP', 'P12362SDMN', '2', '2014', 2, 2, 1)       
    ;

INSERT INTO Historial_Sucursales_Vehiculo (idVehiculo,idSucursal,ocupacion,fecha) VALUES 
    (1,1,0,'2023-01-01'),
    (2,2,0,'2023-01-01'),
    (3,3,0,'2023-01-01'),
    (4,4,0,'2023-01-01'),
    (5,5,0,'2023-01-01'),
    (6,6,0,'2023-01-01'),
    (7,7,0,'2023-01-01'),
    (8,8,0,'2023-01-01'),
    (9,9,0,'2023-01-01'),
    (10,10,0,'2023-01-01'),
    (11,11,0,'2023-01-01'),
    (12,12,0,'2023-01-01'),
    (13,13,0,'2023-01-01'),
    (14,14,0,'2023-01-01'),
    (15,15,0,'2023-01-01'),
    (16,16,0,'2023-01-01'),
    (17,17,0,'2023-01-01'),
    (18,18,0,'2023-01-01'),
    (19,19,0,'2023-01-01'),
    (20,20,0,'2023-01-01'),
    (21,21,0,'2023-01-01'),
    (22,22,0,'2023-01-01'),
    (23,23,0,'2023-01-01'),
    (24,24,0,'2023-01-01'),
    (25,25,0,'2023-01-01'),
    (26,26,0,'2023-01-01'),
    (27,27,0,'2023-01-01'),
    (28,28,0,'2023-01-01'),
    (29,29,0,'2023-01-01'),
    (30,30,0,'2023-01-01'),
    (31,31,0,'2023-01-01'),
    (32,32,0,'2023-01-01'),
    (33,33,0,'2023-01-01'),
    (34,34,0,'2023-01-01'),
    (35,35,0,'2023-01-01'),
    (36,36,0,'2023-01-01'),
    (37,37,0,'2023-01-01'),
    (38,38,0,'2023-01-01'),
    (39,39,0,'2023-01-01'),
    (40,40,0,'2023-01-01'),
    (41,41,0,'2023-01-01'),
    (42,42,0,'2023-01-01'),
    (43,43,0,'2023-01-01'),
    (44,44,0,'2023-01-01'),
    (45,45,0,'2023-01-01'),
    (46,46,0,'2023-01-01'),
    (47,47,0,'2023-01-01'),
    (48,48,0,'2023-01-01'),
    (49,49,0,'2023-01-01'),
    (50,50,0,'2023-01-01'),
    (51,51,0,'2023-01-01'),
    (52,52,0,'2023-01-01'),
    (53,53,0,'2023-01-01'),
    (54,54,0,'2023-01-01'),
    (55,55,0,'2023-01-01'),
    (56,56,0,'2023-01-01'),
    (57,57,0,'2023-01-01'),
    (58,58,0,'2023-01-01'),
    (59,59,0,'2023-01-01'),
    (60,60,0,'2023-01-01'),
    (61,61,0,'2023-01-01'),
    (62,6,0,'2023-01-01')
    ;

/*
INSERT INTO Vehiculo_Sucursal
    (idVehiculo, idSucursal, fechaCompra) VALUES
    (1, 1, '2023-10-20 12:33:18'),
    (2, 8, '2023-10-20 12:33:18'),
    (3, 10, '2023-10-20 12:33:18'),
    (4, 11, '2023-10-20 12:33:18'),
    (5, 13, '2023-10-20 12:33:18'),
    (6, 14, '2023-10-20 12:33:18'),
    (7, 15, '2023-10-20 12:33:18'),
    (8, 42, '2023-10-20 12:33:18'),
    (9, 44, '2023-10-20 12:33:18'),
    (10, 46, '2023-10-20 12:33:18'),
    (11, 48, '2023-10-20 12:33:18'),
    (12, 50, '2023-10-20 12:33:18'),
    (13, 51, '2023-10-20 12:33:18'),
    (14, 54, '2023-10-20 12:33:18'),
    (15, 58, '2023-10-20 12:33:18'),
    (16, 59, '2023-10-20 12:33:18'),
    (17, 60, '2023-10-20 12:33:18'),
    (18, 61, '2023-10-20 12:33:18');
*/






-- Rutas Internas
-- id,idOrigen,idDestino,distancia,dias,costo
-- Alta Verapaz

INSERT INTO Ruta VALUES (001,4,1,9.2,0,0);
INSERT INTO Ruta VALUES (002,4,2,10.2,0,0);
INSERT INTO Ruta VALUES (003,4,3,11.2,0,0);
INSERT INTO Ruta VALUES (004,4,5,3,0,0);
INSERT INTO Ruta VALUES (005,4,6,75.5,0,0);
INSERT INTO Ruta VALUES (006,4,7,127,0,0);

-- Chimaltenango
INSERT INTO Ruta VALUES (007,9,8,34,0,0);

-- Escuintla
INSERT INTO Ruta VALUES (008,11,12,5,0,0);

INSERT INTO Ruta VALUES (010,11,13,38.8,0,0);

-- Guatemala
INSERT INTO Ruta VALUES (011,14,15,2,0,0);
INSERT INTO Ruta VALUES (012,14,16,3,0,0);
INSERT INTO Ruta VALUES (013,14,17,2,0,0);
INSERT INTO Ruta VALUES (014,14,18,6,0,0);
INSERT INTO Ruta VALUES (015,14,19,6,0,0);
INSERT INTO Ruta VALUES (016,14,20,8,0,0);
INSERT INTO Ruta VALUES (017,14,21,1,0,0);
INSERT INTO Ruta VALUES (018,14,22,12,0,0);
INSERT INTO Ruta VALUES (047,14,23,9.2,0,0);

INSERT INTO Ruta VALUES (019,14,24,14,0,0);
INSERT INTO Ruta VALUES (020,14,25,17,0,0);
INSERT INTO Ruta VALUES (021,14,26,18,0,0);
INSERT INTO Ruta VALUES (022,14,27,23,0,0);
INSERT INTO Ruta VALUES (023,14,28,23,0,0);

INSERT INTO Ruta VALUES (024,14,29,17,0,0);
INSERT INTO Ruta VALUES (025,14,30,19,0,0);
INSERT INTO Ruta VALUES (026,14,31,21,0,0);
INSERT INTO Ruta VALUES (027,14,32,16,0,0);
INSERT INTO Ruta VALUES (028,14,33,16,0,0);

INSERT INTO Ruta VALUES (029,14,34,16,0,0);
INSERT INTO Ruta VALUES (030,14,35,19,0,0);
INSERT INTO Ruta VALUES (031,14,36,21,0,0);
INSERT INTO Ruta VALUES (048,14,37,21,0,0);


INSERT INTO Ruta VALUES (032,14,38,28.8,0,0);
INSERT INTO Ruta VALUES (033,14,39,30.8,0,0);

INSERT INTO Ruta VALUES (034,14,40,28.6,0,0);

INSERT INTO Ruta VALUES (035,14,41,20,0,0);

-- Huehuetenango
INSERT INTO Ruta VALUES (036,42,43,138,0,0);

-- Izabal
INSERT INTO Ruta VALUES (037,45,44,54,0,0);

-- Jalapa
INSERT INTO Ruta VALUES (038,46,47,15,0,0);

-- Jutiapa
INSERT INTO Ruta VALUES (039,48,49,23,0,0);

-- Quetzaltenango
INSERT INTO Ruta VALUES (040,51,52,8,0,0);

INSERT INTO Ruta VALUES (041,51,53,62,0,0);

-- Quiche
INSERT INTO Ruta VALUES (042,54,55,338,0,0);

INSERT INTO Ruta VALUES (043,54,56,52,0,0);

INSERT INTO Ruta VALUES (044,54,57,17,0,0);

-- Totonicapan
INSERT INTO Ruta VALUES (045,61,62,28,0,0);

-- Retorno para doble via De internas a Principal
-- Alta Verapaz
INSERT INTO Ruta VALUES (049,1,4,9.2,0,0);
INSERT INTO Ruta VALUES (050,2,4,10.2,0,0);
INSERT INTO Ruta VALUES (051,3,4,11.2,0,0);
INSERT INTO Ruta VALUES (052,5,4,3,0,0);
INSERT INTO Ruta VALUES (054,6,4,75.5,0,0);
INSERT INTO Ruta VALUES (055,7,4,127,0,0);

-- Chimaltenango
INSERT INTO Ruta VALUES (056,8,9,34,0,0);

-- Escuintla
INSERT INTO Ruta VALUES (057,12,11,5,0,0);

INSERT INTO Ruta VALUES (058,13,11,38.8,0,0);

-- Guatemala
INSERT INTO Ruta VALUES (059,15,14,2,0,0);
INSERT INTO Ruta VALUES (060,16,14,3,0,0);
INSERT INTO Ruta VALUES (061,17,14,2,0,0);
INSERT INTO Ruta VALUES (062,18,14,6,0,0);
INSERT INTO Ruta VALUES (063,19,14,6,0,0);
INSERT INTO Ruta VALUES (064,20,14,8,0,0);
INSERT INTO Ruta VALUES (065,21,14,1,0,0);
INSERT INTO Ruta VALUES (066,22,14,12,0,0);
INSERT INTO Ruta VALUES (067,23,14,9.2,0,0);

INSERT INTO Ruta VALUES (068,24,14,14,0,0);
INSERT INTO Ruta VALUES (069,25,14,17,0,0);
INSERT INTO Ruta VALUES (070,26,14,18,0,0);
INSERT INTO Ruta VALUES (071,27,14,23,0,0);
INSERT INTO Ruta VALUES (072,28,14,23,0,0);

INSERT INTO Ruta VALUES (073,29,14,17,0,0);
INSERT INTO Ruta VALUES (074,30,14,19,0,0);
INSERT INTO Ruta VALUES (075,31,14,21,0,0);
INSERT INTO Ruta VALUES (076,32,14,16,0,0);
INSERT INTO Ruta VALUES (077,33,14,16,0,0);

INSERT INTO Ruta VALUES (078,34,14,16,0,0);
INSERT INTO Ruta VALUES (079,35,14,19,0,0);
INSERT INTO Ruta VALUES (080,36,14,21,0,0);
INSERT INTO Ruta VALUES (081,37,14,21,0,0);


INSERT INTO Ruta VALUES (082,38,14,28.8,0,0);
INSERT INTO Ruta VALUES (083,39,14,30.8,0,0);

INSERT INTO Ruta VALUES (084,40,14,28.6,0,0);

INSERT INTO Ruta VALUES (085,41,14,20,0,0);

-- Huehuetenango
INSERT INTO Ruta VALUES (086,43,42,138,0,0);

-- Izabal
INSERT INTO Ruta VALUES (087,44,45,54,0,0);

-- Jalapa
INSERT INTO Ruta VALUES (088,47,46,15,0,0);

-- Jutiapa
INSERT INTO Ruta VALUES (089,49,48,23,0,0);

-- Quetzaltenango
INSERT INTO Ruta VALUES (090,52,51,8,0,0);

INSERT INTO Ruta VALUES (091,53,51,62,0,0);

-- Quiche
INSERT INTO Ruta VALUES (092,55,54,338,0,0);

INSERT INTO Ruta VALUES (093,56,54,52,0,0);

INSERT INTO Ruta VALUES (094,57,54,17,0,0);

-- Totonicapan
INSERT INTO Ruta VALUES (095,62,61,28,0,0);

-- Rutas para comunicacion entre sucursales departamentales

-- Alta verapaz
    -- >a flores peten
INSERT INTO Ruta VALUES (096,4,50,150,0,0);
    -- >a guatemala
INSERT INTO Ruta VALUES (097,4,14,211,0,0);

-- Chimaltenango
    -- >Quetzaltenango
INSERT INTO Ruta VALUES (098,9,51,148,0,0);
    -- >Guatemala
INSERT INTO Ruta VALUES (099,9,14,51,0,0);

-- Chiquimula
    -- >Jutiapa
INSERT INTO Ruta VALUES (100,10,48,92,0,0);
    -- >Izabal (Morales)
INSERT INTO Ruta VALUES (101,10,45,142,0,0);

-- Escuintla
    -- >Reu
INSERT INTO Ruta VALUES (102,11,58,132,0,0);
    -- >Guatemala
INSERT INTO Ruta VALUES (103,11,14,67,0,0);

-- Guatemala
    -- >Chimaltenango
INSERT INTO Ruta VALUES (104,14,9,51,0,0);
    -- >Escuintla
INSERT INTO Ruta VALUES (105,14,11,67,0,0);
    -- >Jutiapa
INSERT INTO Ruta VALUES (106,14,48,123,0,0);
    -- >Jalapa
INSERT INTO Ruta VALUES (107,14,48,100,0,0);
    -- >Alta verapaz
INSERT INTO Ruta VALUES (108,14,4,211,0,0);

-- Huehuetenango
    -- >Quetzaltenango
INSERT INTO Ruta VALUES (109,42,51,90,0,0);

-- Izabal (Morales)
    -- >Chiquimula
INSERT INTO Ruta VALUES (110,45,10,142,0,0);
    -- >Peten
INSERT INTO Ruta VALUES (111,45,50,142,0,0);

-- Jalapa
    -- >Guatemala
INSERT INTO Ruta VALUES (112,46,14,100,0,0);
    -- >Jutiapa
INSERT INTO Ruta VALUES (113,46,48,55.6,0,0);

-- Jutiapa
    -- >Guatemala
INSERT INTO Ruta VALUES (114,48,14,123,0,0);
    -- >Jalapa
INSERT INTO Ruta VALUES (115,48,46,55.6,0,0);
    -- >Chiquimula
INSERT INTO Ruta VALUES (116,48,46,92,0,0);

-- Peten
    -- >Alta Verapaz
INSERT INTO Ruta VALUES (117,50,4,150,0,0);
    -- >Izabal
INSERT INTO Ruta VALUES (118,50,45,142,0,0);

-- Quetzaltenango
    -- >San Marcos (Malacatan)
INSERT INTO Ruta VALUES (119,51,59,50,0,0);
    -- >Reu
INSERT INTO Ruta VALUES (120,51,58,75,0,0);
    -- >Guatemala
INSERT INTO Ruta VALUES (121,51,14,213,0,0);
    -- >Totonicapan
INSERT INTO Ruta VALUES (122,51,61,27,0,0);
    -- Huehuetenango
INSERT INTO Ruta VALUES (123,51,42,90,0,0);

-- Quiche (Chichicastenango)
    -- >Totonicapan
INSERT INTO Ruta VALUES (124,54,51,52,0,0);

-- Reu
    -- >Escuintla
INSERT INTO Ruta VALUES (125,58,11,132,0,0);
    -- >Quetzaltenango
INSERT INTO Ruta VALUES (126,58,51,75,0,0);

-- San Marcos (Malacatan)
    -- >Quetzaltenango
INSERT INTO Ruta VALUES (127,59,51,50,0,0);

-- Totonicapan
    -- >Quetzaltenango
INSERT INTO Ruta VALUES (128,61,51,27,0,0);
    -- >Quiche
INSERT INTO Ruta VALUES (129,61,54,52,0,0);






--ROLES
INSERT INTO Rol (`nombre`, `descripcion`) VALUES
('Gerente de Operaciones Logísticas', 'Responsable de supervisar y optimizar las operaciones diarias de recepción, almacenamiento y envío de paquetes. Coordina equipos para garantizar eficiencia y cumplimiento de plazos.'),
('Especialista en Rastreo y Seguimiento', 'Encargado de monitorear el movimiento de los paquetes en tiempo real. Responde a consultas de clientes sobre la ubicación y el estado de sus envíos.'),
('Coordinador de Distribución', 'Organiza y gestiona la entrega de paquetes a destinatarios finales, asegurando la puntualidad y la integridad de los envíos.'),
('Inspector de Calidad de Empaques', 'Evalúa y asegura la calidad del embalaje de los paquetes para prevenir daños durante el transporte y garantizar la satisfacción del cliente.'),
('Agente de Atención al Cliente', 'Brinda asistencia y resuelve consultas de clientes relacionadas con envíos, horarios, tarifas y otros servicios de paquetería.'),
('Especialista en Aduanas', 'Encargado de gestionar los trámites aduaneros para envíos internacionales, asegurando el cumplimiento de regulaciones y normativas.'),
('Conductor de Entregas', 'Responsable de conducir vehículos de reparto y entregar paquetes de manera segura y oportuna a los destinatarios finales.'),
('Técnico de Mantenimiento de Vehículos', 'Realiza el mantenimiento preventivo y correctivo de la flota de vehículos de la empresa de paquetería.'),
('Analista de Datos Logísticos', 'Recopila y analiza datos relacionados con las operaciones logísticas para identificar áreas de mejora y aumentar la eficiencia.'),
('Especialista en Seguridad de Almacén', 'Garantiza la seguridad física y de datos en los almacenes de la empresa de paquetería, implementando medidas preventivas y de control.');


--PERSONAS

INSERT INTO Persona 
(`idPersona`,`nombre`, `edad`, `domicilio`, `celular`, `nit`, `password`,`rol`) VALUES
('1','Persona 1', 30, 'Calle 1 Ciudad A', '123456789', 10001, 'admin123','ADMIN'),
('2','Persona 2', 25, 'Calle 2 Ciudad B', '123456789', 10002, 'admin123','ADMIN'),
('3','Persona 3', 25, 'Calle 3 Ciudad C', '123456789', 10003, 'admin123','ADMIN'),
('4','Persona 4', 25, 'Calle 4 Ciudad D', '123456789', 10004, 'admin123','USER'),
('5','Persona 5', 25, 'Calle 5 Ciudad E', '123456789', 10005, 'admin123','USER'),
('6','Persona 6', 25, 'Calle 6 Ciudad F', '123456789', 10006, 'admin123','USER'),
('7','Persona 7', 25, 'Calle 7 Ciudad G', '123456789', 10007, 'admin123','USER'),
('8','Persona 8', 25, 'Calle 8 Ciudad H', '123456789', 10008, 'admin123','USER'),
('9','Persona 9', 25, 'Calle 9 Ciudad I', '123456789', 10009, 'admin123','USER'),
('10','Persona 10', 25, 'Calle 0 Ciudad J', '123456789', 100010, 'admin123','USER'),
('11','Persona 11', 30, 'Calle 1 Ciudad A', '123456789', 100011, 'admin123','USER'),
('12','Persona 12', 25, 'Calle 2 Ciudad B', '123456789', 100012, 'admin123','USER'),
('13','Persona 13', 25, 'Calle 3 Ciudad C', '123456789', 100013, 'admin123','USER'),
('14','Persona 14', 25, 'Calle 4 Ciudad D', '123456789', 100014, 'admin123','USER'),
('15','Persona 15', 25, 'Calle 5 Ciudad E', '123456789', 100015, 'admin123','USER'),
('16','Persona 16', 25, 'Calle 6 Ciudad F', '123456789', 100016, 'admin123','USER'),
('17','Persona 17', 25, 'Calle 7 Ciudad G', '123456789', 100017, 'admin123','USER'),
('18','Persona 18', 25, 'Calle 8 Ciudad H', '123456789', 100018, 'admin123','USER'),
('19','Persona 19', 25, 'Calle 9 Ciudad I', '123456789', 100019, 'admin123','USER'),
('20','Persona 20', 25, 'Calle 0 Ciudad J', '123456789', 100020, 'admin123','USER'),
('21','Persona 21', 30, 'Calle 1 Ciudad A', '123456789', 100021, 'admin123','USER'),
('22','Persona 22', 25, 'Calle 2 Ciudad B', '123456789', 100022, 'admin123','USER'),
('23','Persona 23', 25, 'Calle 3 Ciudad C', '123456789', 100023, 'admin123','USER'),
('24','Persona 24', 25, 'Calle 4 Ciudad D', '123456789', 100024, 'admin123','USER'),
('25','Persona 25', 25, 'Calle 5 Ciudad E', '123456789', 100025, 'admin123','USER'),
('26','Persona 26', 25, 'Calle 6 Ciudad F', '123456789', 100026, 'admin123','USER'),
('27','Persona 27', 25, 'Calle 7 Ciudad G', '123456789', 100027, 'admin123','USER'),
('28','Persona 28', 25, 'Calle 8 Ciudad H', '123456789', 100028, 'admin123','USER'),
('29','Persona 29', 25, 'Calle 9 Ciudad I', '123456789', 100029, 'admin123','USER'),
('30','Persona 30', 25, 'Calle 0 Ciudad J', '123456789', 100030, 'admin123','USER'),
('31','Persona 31', 30, 'Calle 1 Ciudad A', '123456789', 100031, 'admin123','USER'),
('32','Persona 32', 25, 'Calle 2 Ciudad B', '123456789', 100032, 'admin123','USER'),
('33','Persona 33', 25, 'Calle 3 Ciudad C', '123456789', 100033, 'admin123','USER'),
('34','Persona 34', 25, 'Calle 4 Ciudad D', '123456789', 100034, 'admin123','USER'),
('35','Persona 35', 25, 'Calle 5 Ciudad E', '123456789', 100035, 'admin123','USER'),
('36','Persona 36', 25, 'Calle 6 Ciudad F', '123456789', 100036, 'admin123','USER'),
('37','Persona 37', 25, 'Calle 7 Ciudad G', '123456789', 100037, 'admin123','USER'),
('38','Persona 38', 25, 'Calle 8 Ciudad H', '123456789', 100038, 'admin123','USER'),
('39','Persona 39', 25, 'Calle 9 Ciudad I', '123456789', 100039, 'admin123','USER'),
('40','Persona 40', 25, 'Calle 0 Ciudad J', '123456789', 100040, 'admin123','USER'),
('41','Persona 41', 30, 'Calle 1 Ciudad A', '123456789', 100041, 'admin123','USER'),
('42','Persona 42', 25, 'Calle 2 Ciudad B', '123456789', 100042, 'admin123','USER'),
('43','Persona 43', 25, 'Calle 3 Ciudad C', '123456789', 100043, 'admin123','USER'),
('44','Persona 44', 25, 'Calle 4 Ciudad D', '123456789', 100044, 'admin123','USER'),
('45','Persona 45', 25, 'Calle 5 Ciudad E', '123456789', 100045, 'admin123','USER'),
('46','Persona 46', 25, 'Calle 6 Ciudad F', '123456789', 100046, 'admin123','USER'),
('47','Persona 47', 25, 'Calle 7 Ciudad G', '123456789', 100047, 'admin123','USER'),
('48','Persona 48', 25, 'Calle 8 Ciudad H', '123456789', 100048, 'admin123','USER'),
('49','Persona 49', 25, 'Calle 9 Ciudad I', '123456789', 100049, 'admin123','USER'),
('50','Persona 50', 25, 'Calle 0 Ciudad J', '123456789', 100050, 'admin123','USER');


--Personal
insert into Personal (idPersonal, idPersona, idRol, idSucursal) values (1, 1, 4, 58);
insert into Personal (idPersonal, idPersona, idRol, idSucursal) values (2, 2, 1, 51);
insert into Personal (idPersonal, idPersona, idRol, idSucursal) values (3, 3, 9, 11);
insert into Personal (idPersonal, idPersona, idRol, idSucursal) values (4, 4, 8, 9);
insert into Personal (idPersonal, idPersona, idRol, idSucursal) values (5, 5, 1, 9);
insert into Personal (idPersonal, idPersona, idRol, idSucursal) values (6, 6, 7, 42);
insert into Personal (idPersonal, idPersona, idRol, idSucursal) values (7, 7, 1, 50);
insert into Personal (idPersonal, idPersona, idRol, idSucursal) values (8, 8, 3, 59);
insert into Personal (idPersonal, idPersona, idRol, idSucursal) values (9, 9, 2, 59);
insert into Personal (idPersonal, idPersona, idRol, idSucursal) values (10, 10, 10, 9);
insert into Personal (idPersonal, idPersona, idRol, idSucursal) values (11, 11, 10, 9);
insert into Personal (idPersonal, idPersona, idRol, idSucursal) values (12, 12, 1, 9);
insert into Personal (idPersonal, idPersona, idRol, idSucursal) values (13, 13, 2, 11);
insert into Personal (idPersonal, idPersona, idRol, idSucursal) values (14, 14, 4, 8);
insert into Personal (idPersonal, idPersona, idRol, idSucursal) values (15, 15, 2, 51);
insert into Personal (idPersonal, idPersona, idRol, idSucursal) values (16, 16, 3, 50);
insert into Personal (idPersonal, idPersona, idRol, idSucursal) values (17, 17, 8, 9);
insert into Personal (idPersonal, idPersona, idRol, idSucursal) values (18, 18, 1, 58);
insert into Personal (idPersonal, idPersona, idRol, idSucursal) values (19, 19, 5, 58);
insert into Personal (idPersonal, idPersona, idRol, idSucursal) values (20, 20, 3, 59);
insert into Personal (idPersonal, idPersona, idRol, idSucursal) values (21, 21, 3, 11);
insert into Personal (idPersonal, idPersona, idRol, idSucursal) values (22, 22, 7, 14);
insert into Personal (idPersonal, idPersona, idRol, idSucursal) values (23, 23, 5, 42);
insert into Personal (idPersonal, idPersona, idRol, idSucursal) values (24, 24, 7, 14);
insert into Personal (idPersonal, idPersona, idRol, idSucursal) values (25, 25, 1, 50);
insert into Personal (idPersonal, idPersona, idRol, idSucursal) values (26, 26, 10, 42);
insert into Personal (idPersonal, idPersona, idRol, idSucursal) values (27, 27, 9, 11);
insert into Personal (idPersonal, idPersona, idRol, idSucursal) values (28, 28, 7, 14);
insert into Personal (idPersonal, idPersona, idRol, idSucursal) values (29, 29, 4, 1);
insert into Personal (idPersonal, idPersona, idRol, idSucursal) values (30, 30, 3, 14);
insert into Personal (idPersonal, idPersona, idRol, idSucursal) values (31, 31, 8, 50);
insert into Personal (idPersonal, idPersona, idRol, idSucursal) values (32, 32, 7, 1);
insert into Personal (idPersonal, idPersona, idRol, idSucursal) values (33, 33, 7, 11);
insert into Personal (idPersonal, idPersona, idRol, idSucursal) values (34, 34, 4, 42);
insert into Personal (idPersonal, idPersona, idRol, idSucursal) values (35, 35, 3, 8);
insert into Personal (idPersonal, idPersona, idRol, idSucursal) values (36, 36, 5, 9);
insert into Personal (idPersonal, idPersona, idRol, idSucursal) values (37, 37, 1, 1);
insert into Personal (idPersonal, idPersona, idRol, idSucursal) values (38, 38, 3, 9);
insert into Personal (idPersonal, idPersona, idRol, idSucursal) values (39, 39, 7, 4);
insert into Personal (idPersonal, idPersona, idRol, idSucursal) values (40, 40, 6, 4);
insert into Personal (idPersonal, idPersona, idRol, idSucursal) values (41, 41, 9, 58);
insert into Personal (idPersonal, idPersona, idRol, idSucursal) values (42, 42, 6, 9);
insert into Personal (idPersonal, idPersona, idRol, idSucursal) values (43, 43, 3, 51);
insert into Personal (idPersonal, idPersona, idRol, idSucursal) values (44, 44, 3, 1);
insert into Personal (idPersonal, idPersona, idRol, idSucursal) values (45, 45, 8, 14);
insert into Personal (idPersonal, idPersona, idRol, idSucursal) values (46, 46, 3, 11);
insert into Personal (idPersonal, idPersona, idRol, idSucursal) values (47, 47, 9, 58);
insert into Personal (idPersonal, idPersona, idRol, idSucursal) values (48, 48, 10, 50);
insert into Personal (idPersonal, idPersona, idRol, idSucursal) values (49, 49, 4, 59);
insert into Personal (idPersonal, idPersona, idRol, idSucursal) values (50, 50, 2, 59);

--Asambleas
--Se realiza 1 asamblea al mes por 2 anios
--24 Asambleas, todas realizadas el primer dia del mes
-- yyyy-mm-dd hh:mm:ss

insert into Asamblea (idAsamblea, fechaRealizada, lugarRealizada) values (1, '2021-01-01 00:00:00', 'Newton');
insert into Asamblea (idAsamblea, fechaRealizada, lugarRealizada) values (2, '2021-02-01 00:00:00', 'Blois');
insert into Asamblea (idAsamblea, fechaRealizada, lugarRealizada) values (3, '2021-03-01 00:00:00', 'Somovo');
insert into Asamblea (idAsamblea, fechaRealizada, lugarRealizada) values (4, '2021-04-01 00:00:00', 'Selishche');
insert into Asamblea (idAsamblea, fechaRealizada, lugarRealizada) values (5, '2021-05-01 00:00:00', 'La Caleta Culebras');
insert into Asamblea (idAsamblea, fechaRealizada, lugarRealizada) values (6, '2021-06-01 00:00:00', 'Yayao');
insert into Asamblea (idAsamblea, fechaRealizada, lugarRealizada) values (7, '2021-07-01 00:00:00', 'Dimitrovgrad');
insert into Asamblea (idAsamblea, fechaRealizada, lugarRealizada) values (8, '2021-08-01 00:00:00', 'Tigbinan');
insert into Asamblea (idAsamblea, fechaRealizada, lugarRealizada) values (9, '2021-09-01 00:00:00', 'Bara Datu');
insert into Asamblea (idAsamblea, fechaRealizada, lugarRealizada) values (10, '2021-10-01 00:00:00', 'Candon');
insert into Asamblea (idAsamblea, fechaRealizada, lugarRealizada) values (11, '2021-11-01 00:00:00', 'Kristianstad');
insert into Asamblea (idAsamblea, fechaRealizada, lugarRealizada) values (12, '2021-12-01 00:00:00', 'Arroyo Salado');
insert into Asamblea (idAsamblea, fechaRealizada, lugarRealizada) values (13, '2022-01-01 00:00:00', 'Zhaozhen');
insert into Asamblea (idAsamblea, fechaRealizada, lugarRealizada) values (14, '2022-02-01 00:00:00', 'Agdangan');
insert into Asamblea (idAsamblea, fechaRealizada, lugarRealizada) values (15, '2022-03-01 00:00:00', 'Gedaliang');
insert into Asamblea (idAsamblea, fechaRealizada, lugarRealizada) values (16, '2022-04-01 00:00:00', 'Saño');
insert into Asamblea (idAsamblea, fechaRealizada, lugarRealizada) values (17, '2022-05-01 00:00:00', 'Cimişlia');
insert into Asamblea (idAsamblea, fechaRealizada, lugarRealizada) values (18, '2022-06-01 00:00:00', 'Ferme-Neuve');
insert into Asamblea (idAsamblea, fechaRealizada, lugarRealizada) values (19, '2022-07-01 00:00:00', 'Castrovirreyna');
insert into Asamblea (idAsamblea, fechaRealizada, lugarRealizada) values (20, '2022-08-01 00:00:00', 'Poste du Lac');
insert into Asamblea (idAsamblea, fechaRealizada, lugarRealizada) values (21, '2022-09-01 00:00:00', 'Chenārān');
insert into Asamblea (idAsamblea, fechaRealizada, lugarRealizada) values (22, '2022-10-01 00:00:00', 'Listvyanskiy');
insert into Asamblea (idAsamblea, fechaRealizada, lugarRealizada) values (23, '2022-11-01 00:00:00', 'Sitrah');
insert into Asamblea (idAsamblea, fechaRealizada, lugarRealizada) values (24, '2022-12-01 00:00:00', 'Gandu');


--Gastos
--Los gastos de tipo fijo son los que no tendras asamblea por lo que no cambiaran en 2 anios
--Mientras que los especiales van a cambiar durante el tiempo, y se deciden en la asamblea.

--Gastos fijos
insert into Gasto (idSucursal, descripcion, monto, tipo) values (1, 'Internet',      0454, 'FIJO');
insert into Gasto (idSucursal, descripcion, monto, tipo) values (1, 'Luz',           0300, 'FIJO');
insert into Gasto (idSucursal, descripcion, monto, tipo) values (1, 'Agua',          0300, 'FIJO');
insert into Gasto (idSucursal, descripcion, monto, tipo) values (1, 'Telefono',      0600, 'FIJO');
insert into Gasto (idSucursal, descripcion, monto, tipo) values (1, 'Alquiler',      2500, 'FIJO');
insert into Gasto (idSucursal, descripcion, monto, tipo) values (1, 'Mantenimiento', 0700, 'FIJO');
insert into Gasto (idSucursal, descripcion, monto, tipo) values (1, 'Gasolina',      5000, 'FIJO');
insert into Gasto (idSucursal, descripcion, monto, tipo) values (1, 'Seguro',        1500, 'FIJO');

insert into Gasto (idSucursal, descripcion, monto, tipo) values (4, 'Internet',      0454, 'FIJO');
insert into Gasto (idSucursal, descripcion, monto, tipo) values (4, 'Luz',           0300, 'FIJO');
insert into Gasto (idSucursal, descripcion, monto, tipo) values (4, 'Agua',          0300, 'FIJO');
insert into Gasto (idSucursal, descripcion, monto, tipo) values (4, 'Telefono',      0600, 'FIJO');
insert into Gasto (idSucursal, descripcion, monto, tipo) values (4, 'Alquiler',      2500, 'FIJO');
insert into Gasto (idSucursal, descripcion, monto, tipo) values (4, 'Mantenimiento', 0700, 'FIJO');
insert into Gasto (idSucursal, descripcion, monto, tipo) values (4, 'Gasolina',      5000, 'FIJO');
insert into Gasto (idSucursal, descripcion, monto, tipo) values (4, 'Seguro',        1500, 'FIJO');

insert into Gasto (idSucursal, descripcion, monto, tipo) values (8, 'Internet',      0454, 'FIJO');
insert into Gasto (idSucursal, descripcion, monto, tipo) values (8, 'Luz',           0300, 'FIJO');
insert into Gasto (idSucursal, descripcion, monto, tipo) values (8, 'Agua',          0300, 'FIJO');
insert into Gasto (idSucursal, descripcion, monto, tipo) values (8, 'Telefono',      0600, 'FIJO');
insert into Gasto (idSucursal, descripcion, monto, tipo) values (8, 'Alquiler',      2500, 'FIJO');
insert into Gasto (idSucursal, descripcion, monto, tipo) values (8, 'Mantenimiento', 0700, 'FIJO');
insert into Gasto (idSucursal, descripcion, monto, tipo) values (8, 'Gasolina',      5000, 'FIJO');
insert into Gasto (idSucursal, descripcion, monto, tipo) values (8, 'Seguro',        1500, 'FIJO');

insert into Gasto (idSucursal, descripcion, monto, tipo) values (9, 'Internet',      0454, 'FIJO');
insert into Gasto (idSucursal, descripcion, monto, tipo) values (9, 'Luz',           0300, 'FIJO');
insert into Gasto (idSucursal, descripcion, monto, tipo) values (9, 'Agua',          0300, 'FIJO');
insert into Gasto (idSucursal, descripcion, monto, tipo) values (9, 'Telefono',      0600, 'FIJO');
insert into Gasto (idSucursal, descripcion, monto, tipo) values (9, 'Alquiler',      2500, 'FIJO');
insert into Gasto (idSucursal, descripcion, monto, tipo) values (9, 'Mantenimiento', 0700, 'FIJO');
insert into Gasto (idSucursal, descripcion, monto, tipo) values (9, 'Gasolina',      5000, 'FIJO');
insert into Gasto (idSucursal, descripcion, monto, tipo) values (9, 'Seguro',        1500, 'FIJO');

insert into Gasto (idSucursal, descripcion, monto, tipo) values (11, 'Internet',      0454, 'FIJO');
insert into Gasto (idSucursal, descripcion, monto, tipo) values (11, 'Luz',           0300, 'FIJO');
insert into Gasto (idSucursal, descripcion, monto, tipo) values (11, 'Agua',          0300, 'FIJO');
insert into Gasto (idSucursal, descripcion, monto, tipo) values (11, 'Telefono',      0600, 'FIJO');
insert into Gasto (idSucursal, descripcion, monto, tipo) values (11, 'Alquiler',      2500, 'FIJO');
insert into Gasto (idSucursal, descripcion, monto, tipo) values (11, 'Mantenimiento', 0700, 'FIJO');
insert into Gasto (idSucursal, descripcion, monto, tipo) values (11, 'Gasolina',      5000, 'FIJO');
insert into Gasto (idSucursal, descripcion, monto, tipo) values (11, 'Seguro',        1500, 'FIJO');

insert into Gasto (idSucursal, descripcion, monto, tipo) values (14, 'Internet',      0454, 'FIJO');
insert into Gasto (idSucursal, descripcion, monto, tipo) values (14, 'Luz',           0300, 'FIJO');
insert into Gasto (idSucursal, descripcion, monto, tipo) values (14, 'Agua',          0300, 'FIJO');
insert into Gasto (idSucursal, descripcion, monto, tipo) values (14, 'Telefono',      0600, 'FIJO');
insert into Gasto (idSucursal, descripcion, monto, tipo) values (14, 'Alquiler',      2500, 'FIJO');
insert into Gasto (idSucursal, descripcion, monto, tipo) values (14, 'Mantenimiento', 0700, 'FIJO');
insert into Gasto (idSucursal, descripcion, monto, tipo) values (14, 'Gasolina',      5000, 'FIJO');
insert into Gasto (idSucursal, descripcion, monto, tipo) values (14, 'Seguro',        1500, 'FIJO');

insert into Gasto (idSucursal, descripcion, monto, tipo) values (42, 'Internet',      0454, 'FIJO');
insert into Gasto (idSucursal, descripcion, monto, tipo) values (42, 'Luz',           0300, 'FIJO');
insert into Gasto (idSucursal, descripcion, monto, tipo) values (42, 'Agua',          0300, 'FIJO');
insert into Gasto (idSucursal, descripcion, monto, tipo) values (42, 'Telefono',      0600, 'FIJO');
insert into Gasto (idSucursal, descripcion, monto, tipo) values (42, 'Alquiler',      2500, 'FIJO');
insert into Gasto (idSucursal, descripcion, monto, tipo) values (42, 'Mantenimiento', 0700, 'FIJO');
insert into Gasto (idSucursal, descripcion, monto, tipo) values (42, 'Gasolina',      5000, 'FIJO');
insert into Gasto (idSucursal, descripcion, monto, tipo) values (42, 'Seguro',        1500, 'FIJO');

insert into Gasto (idSucursal, descripcion, monto, tipo) values (50, 'Internet',      0454, 'FIJO');
insert into Gasto (idSucursal, descripcion, monto, tipo) values (50, 'Luz',           0300, 'FIJO');
insert into Gasto (idSucursal, descripcion, monto, tipo) values (50, 'Agua',          0300, 'FIJO');
insert into Gasto (idSucursal, descripcion, monto, tipo) values (50, 'Telefono',      0600, 'FIJO');
insert into Gasto (idSucursal, descripcion, monto, tipo) values (50, 'Alquiler',      2500, 'FIJO');
insert into Gasto (idSucursal, descripcion, monto, tipo) values (50, 'Mantenimiento', 0700, 'FIJO');
insert into Gasto (idSucursal, descripcion, monto, tipo) values (50, 'Gasolina',      5000, 'FIJO');
insert into Gasto (idSucursal, descripcion, monto, tipo) values (50, 'Seguro',        1500, 'FIJO');

insert into Gasto (idSucursal, descripcion, monto, tipo) values (51, 'Internet',      0454, 'FIJO');
insert into Gasto (idSucursal, descripcion, monto, tipo) values (51, 'Luz',           0300, 'FIJO');
insert into Gasto (idSucursal, descripcion, monto, tipo) values (51, 'Agua',          0300, 'FIJO');
insert into Gasto (idSucursal, descripcion, monto, tipo) values (51, 'Telefono',      0600, 'FIJO');
insert into Gasto (idSucursal, descripcion, monto, tipo) values (51, 'Alquiler',      2500, 'FIJO');
insert into Gasto (idSucursal, descripcion, monto, tipo) values (51, 'Mantenimiento', 0700, 'FIJO');
insert into Gasto (idSucursal, descripcion, monto, tipo) values (51, 'Gasolina',      5000, 'FIJO');
insert into Gasto (idSucursal, descripcion, monto, tipo) values (51, 'Seguro',        1500, 'FIJO');

insert into Gasto (idSucursal, descripcion, monto, tipo) values (58, 'Internet',      0454, 'FIJO');
insert into Gasto (idSucursal, descripcion, monto, tipo) values (58, 'Luz',           0300, 'FIJO');
insert into Gasto (idSucursal, descripcion, monto, tipo) values (58, 'Agua',          0300, 'FIJO');
insert into Gasto (idSucursal, descripcion, monto, tipo) values (58, 'Telefono',      0600, 'FIJO');
insert into Gasto (idSucursal, descripcion, monto, tipo) values (58, 'Alquiler',      2500, 'FIJO');
insert into Gasto (idSucursal, descripcion, monto, tipo) values (58, 'Mantenimiento', 0700, 'FIJO');
insert into Gasto (idSucursal, descripcion, monto, tipo) values (58, 'Gasolina',      5000, 'FIJO');
insert into Gasto (idSucursal, descripcion, monto, tipo) values (58, 'Seguro',        1500, 'FIJO');

insert into Gasto (idSucursal, descripcion, monto, tipo) values (59, 'Internet',      0454, 'FIJO');
insert into Gasto (idSucursal, descripcion, monto, tipo) values (59, 'Luz',           0300, 'FIJO');
insert into Gasto (idSucursal, descripcion, monto, tipo) values (59, 'Agua',          0300, 'FIJO');
insert into Gasto (idSucursal, descripcion, monto, tipo) values (59, 'Telefono',      0600, 'FIJO');
insert into Gasto (idSucursal, descripcion, monto, tipo) values (59, 'Alquiler',      2500, 'FIJO');
insert into Gasto (idSucursal, descripcion, monto, tipo) values (59, 'Mantenimiento', 0700, 'FIJO');
insert into Gasto (idSucursal, descripcion, monto, tipo) values (59, 'Gasolina',      5000, 'FIJO');
insert into Gasto (idSucursal, descripcion, monto, tipo) values (59, 'Seguro',        1500, 'FIJO');

--Gastos especiales
--Estos gastos se ven contabilizan al final de la asamblea
-- Por lo que el gasto de la asamblea con fecha 01 de febrero de 2021 corresponde a un gasto especial de enero de 2021



insert into Gasto (idSucursal, tipo, Asamblea_idAsamblea, monto, descripcion) values (1, 'ESPECIAL', 5, 117, 'Jewelry');
insert into Gasto (idSucursal, tipo, Asamblea_idAsamblea, monto, descripcion) values (1, 'ESPECIAL', 10, 1676, 'Tools');
insert into Gasto (idSucursal, tipo, Asamblea_idAsamblea, monto, descripcion) values (1, 'ESPECIAL', 24, 1051, 'Sports');
insert into Gasto (idSucursal, tipo, Asamblea_idAsamblea, monto, descripcion) values (1, 'ESPECIAL', 4, 786, 'Grocery');
insert into Gasto (idSucursal, tipo, Asamblea_idAsamblea, monto, descripcion) values (1, 'ESPECIAL', 9, 2453, 'Beauty');
insert into Gasto (idSucursal, tipo, Asamblea_idAsamblea, monto, descripcion) values (1, 'ESPECIAL', 4, 2280, 'Health');
insert into Gasto (idSucursal, tipo, Asamblea_idAsamblea, monto, descripcion) values (1, 'ESPECIAL', 9, 680, 'Automotive');
insert into Gasto (idSucursal, tipo, Asamblea_idAsamblea, monto, descripcion) values (1, 'ESPECIAL', 2, 2178, 'Jewelry');
insert into Gasto (idSucursal, tipo, Asamblea_idAsamblea, monto, descripcion) values (1, 'ESPECIAL', 5, 187, 'Sports');
insert into Gasto (idSucursal, tipo, Asamblea_idAsamblea, monto, descripcion) values (1, 'ESPECIAL', 21, 1928, 'Baby');
insert into Gasto (idSucursal, tipo, Asamblea_idAsamblea, monto, descripcion) values (1, 'ESPECIAL', 20, 1944, 'Shoes');
insert into Gasto (idSucursal, tipo, Asamblea_idAsamblea, monto, descripcion) values (1, 'ESPECIAL', 7, 778, 'Garden');
insert into Gasto (idSucursal, tipo, Asamblea_idAsamblea, monto, descripcion) values (1, 'ESPECIAL', 15, 764, 'Clothing');
insert into Gasto (idSucursal, tipo, Asamblea_idAsamblea, monto, descripcion) values (1, 'ESPECIAL', 12, 2473, 'Books');
insert into Gasto (idSucursal, tipo, Asamblea_idAsamblea, monto, descripcion) values (1, 'ESPECIAL', 19, 1515, 'Kids');
insert into Gasto (idSucursal, tipo, Asamblea_idAsamblea, monto, descripcion) values (1, 'ESPECIAL', 17, 2354, 'Home');
insert into Gasto (idSucursal, tipo, Asamblea_idAsamblea, monto, descripcion) values (1, 'ESPECIAL', 23, 746, 'Health');
insert into Gasto (idSucursal, tipo, Asamblea_idAsamblea, monto, descripcion) values (1, 'ESPECIAL', 9, 1493, 'Movies');
insert into Gasto (idSucursal, tipo, Asamblea_idAsamblea, monto, descripcion) values (1, 'ESPECIAL', 11, 1775, 'Garden');
insert into Gasto (idSucursal, tipo, Asamblea_idAsamblea, monto, descripcion) values (1, 'ESPECIAL', 8, 329, 'Home');
insert into Gasto (idSucursal, tipo, Asamblea_idAsamblea, monto, descripcion) values (1, 'ESPECIAL', 10, 1035, 'Beauty');
insert into Gasto (idSucursal, tipo, Asamblea_idAsamblea, monto, descripcion) values (1, 'ESPECIAL', 22, 2488, 'Home');
insert into Gasto (idSucursal, tipo, Asamblea_idAsamblea, monto, descripcion) values (1, 'ESPECIAL', 3, 402, 'Music');
insert into Gasto (idSucursal, tipo, Asamblea_idAsamblea, monto, descripcion) values (1, 'ESPECIAL', 17, 2148, 'Kids');
insert into Gasto (idSucursal, tipo, Asamblea_idAsamblea, monto, descripcion) values (1, 'ESPECIAL', 7, 1316, 'Clothing');
insert into Gasto (idSucursal, tipo, Asamblea_idAsamblea, monto, descripcion) values (1, 'ESPECIAL', 13, 1713, 'Movies');
insert into Gasto (idSucursal, tipo, Asamblea_idAsamblea, monto, descripcion) values (1, 'ESPECIAL', 17, 2220, 'Beauty');
insert into Gasto (idSucursal, tipo, Asamblea_idAsamblea, monto, descripcion) values (1, 'ESPECIAL', 10, 1756, 'Jewelry');
insert into Gasto (idSucursal, tipo, Asamblea_idAsamblea, monto, descripcion) values (1, 'ESPECIAL', 7, 493, 'Industrial');
insert into Gasto (idSucursal, tipo, Asamblea_idAsamblea, monto, descripcion) values (1, 'ESPECIAL', 5, 1321, 'Baby');
insert into Gasto (idSucursal, tipo, Asamblea_idAsamblea, monto, descripcion) values (1, 'ESPECIAL', 20, 2365, 'Industrial');
insert into Gasto (idSucursal, tipo, Asamblea_idAsamblea, monto, descripcion) values (1, 'ESPECIAL', 17, 1566, 'Kids');
insert into Gasto (idSucursal, tipo, Asamblea_idAsamblea, monto, descripcion) values (1, 'ESPECIAL', 5, 1931, 'Outdoors');
insert into Gasto (idSucursal, tipo, Asamblea_idAsamblea, monto, descripcion) values (1, 'ESPECIAL', 9, 2338, 'Tools');
insert into Gasto (idSucursal, tipo, Asamblea_idAsamblea, monto, descripcion) values (1, 'ESPECIAL', 5, 1224, 'Sports');
insert into Gasto (idSucursal, tipo, Asamblea_idAsamblea, monto, descripcion) values (1, 'ESPECIAL', 13, 1920, 'Tools');
insert into Gasto (idSucursal, tipo, Asamblea_idAsamblea, monto, descripcion) values (1, 'ESPECIAL', 22, 1578, 'Home');
insert into Gasto (idSucursal, tipo, Asamblea_idAsamblea, monto, descripcion) values (1, 'ESPECIAL', 12, 1480, 'Toys');
insert into Gasto (idSucursal, tipo, Asamblea_idAsamblea, monto, descripcion) values (1, 'ESPECIAL', 3, 2213, 'Games');
insert into Gasto (idSucursal, tipo, Asamblea_idAsamblea, monto, descripcion) values (1, 'ESPECIAL', 5, 227, 'Grocery');
insert into Gasto (idSucursal, tipo, Asamblea_idAsamblea, monto, descripcion) values (1, 'ESPECIAL', 11, 510, 'Beauty');
insert into Gasto (idSucursal, tipo, Asamblea_idAsamblea, monto, descripcion) values (1, 'ESPECIAL', 6, 299, 'Toys');
insert into Gasto (idSucursal, tipo, Asamblea_idAsamblea, monto, descripcion) values (1, 'ESPECIAL', 9, 1917, 'Outdoors');
insert into Gasto (idSucursal, tipo, Asamblea_idAsamblea, monto, descripcion) values (1, 'ESPECIAL', 22, 262, 'Beauty');
insert into Gasto (idSucursal, tipo, Asamblea_idAsamblea, monto, descripcion) values (1, 'ESPECIAL', 9, 1505, 'Books');
insert into Gasto (idSucursal, tipo, Asamblea_idAsamblea, monto, descripcion) values (1, 'ESPECIAL', 9, 1233, 'Music');
insert into Gasto (idSucursal, tipo, Asamblea_idAsamblea, monto, descripcion) values (1, 'ESPECIAL', 4, 1643, 'Computers');
insert into Gasto (idSucursal, tipo, Asamblea_idAsamblea, monto, descripcion) values (1, 'ESPECIAL', 2, 1651, 'Kids');
insert into Gasto (idSucursal, tipo, Asamblea_idAsamblea, monto, descripcion) values (1, 'ESPECIAL', 4, 1531, 'Electronics');
insert into Gasto (idSucursal, tipo, Asamblea_idAsamblea, monto, descripcion) values (1, 'ESPECIAL', 10, 1755, 'Home');
insert into Gasto (idSucursal, tipo, Asamblea_idAsamblea, monto, descripcion) values (1, 'ESPECIAL', 21, 1129, 'Games');
insert into Gasto (idSucursal, tipo, Asamblea_idAsamblea, monto, descripcion) values (1, 'ESPECIAL', 11, 1403, 'Toys');
insert into Gasto (idSucursal, tipo, Asamblea_idAsamblea, monto, descripcion) values (1, 'ESPECIAL', 20, 2079, 'Automotive');
insert into Gasto (idSucursal, tipo, Asamblea_idAsamblea, monto, descripcion) values (1, 'ESPECIAL', 8, 1724, 'Music');
insert into Gasto (idSucursal, tipo, Asamblea_idAsamblea, monto, descripcion) values (1, 'ESPECIAL', 9, 1462, 'Tools');
insert into Gasto (idSucursal, tipo, Asamblea_idAsamblea, monto, descripcion) values (1, 'ESPECIAL', 12, 1702, 'Books');
insert into Gasto (idSucursal, tipo, Asamblea_idAsamblea, monto, descripcion) values (1, 'ESPECIAL', 15, 1229, 'Music');
insert into Gasto (idSucursal, tipo, Asamblea_idAsamblea, monto, descripcion) values (1, 'ESPECIAL', 21, 2492, 'Clothing');
insert into Gasto (idSucursal, tipo, Asamblea_idAsamblea, monto, descripcion) values (1, 'ESPECIAL', 20, 2493, 'Home');
insert into Gasto (idSucursal, tipo, Asamblea_idAsamblea, monto, descripcion) values (1, 'ESPECIAL', 23, 181, 'Clothing');
insert into Gasto (idSucursal, tipo, Asamblea_idAsamblea, monto, descripcion) values (1, 'ESPECIAL', 21, 226, 'Kids');
insert into Gasto (idSucursal, tipo, Asamblea_idAsamblea, monto, descripcion) values (1, 'ESPECIAL', 6, 732, 'Shoes');
insert into Gasto (idSucursal, tipo, Asamblea_idAsamblea, monto, descripcion) values (1, 'ESPECIAL', 21, 2097, 'Music');
insert into Gasto (idSucursal, tipo, Asamblea_idAsamblea, monto, descripcion) values (1, 'ESPECIAL', 9, 337, 'Music');
insert into Gasto (idSucursal, tipo, Asamblea_idAsamblea, monto, descripcion) values (1, 'ESPECIAL', 6, 680, 'Tools');
insert into Gasto (idSucursal, tipo, Asamblea_idAsamblea, monto, descripcion) values (1, 'ESPECIAL', 10, 2078, 'Baby');
insert into Gasto (idSucursal, tipo, Asamblea_idAsamblea, monto, descripcion) values (1, 'ESPECIAL', 15, 887, 'Automotive');
insert into Gasto (idSucursal, tipo, Asamblea_idAsamblea, monto, descripcion) values (1, 'ESPECIAL', 18, 1704, 'Sports');
insert into Gasto (idSucursal, tipo, Asamblea_idAsamblea, monto, descripcion) values (1, 'ESPECIAL', 9, 1713, 'Home');
insert into Gasto (idSucursal, tipo, Asamblea_idAsamblea, monto, descripcion) values (1, 'ESPECIAL', 14, 2267, 'Beauty');
insert into Gasto (idSucursal, tipo, Asamblea_idAsamblea, monto, descripcion) values (1, 'ESPECIAL', 20, 1991, 'Computers');
insert into Gasto (idSucursal, tipo, Asamblea_idAsamblea, monto, descripcion) values (1, 'ESPECIAL', 8, 1749, 'Games');
insert into Gasto (idSucursal, tipo, Asamblea_idAsamblea, monto, descripcion) values (1, 'ESPECIAL', 3, 389, 'Computers');

insert into Gasto (idSucursal, tipo, Asamblea_idAsamblea, monto, descripcion) values (4, 'ESPECIAL', 6, 530, 'Tools');
insert into Gasto (idSucursal, tipo, Asamblea_idAsamblea, monto, descripcion) values (4, 'ESPECIAL', 15, 1842, 'Sports');
insert into Gasto (idSucursal, tipo, Asamblea_idAsamblea, monto, descripcion) values (4, 'ESPECIAL', 2, 164, 'Garden');
insert into Gasto (idSucursal, tipo, Asamblea_idAsamblea, monto, descripcion) values (4, 'ESPECIAL', 12, 769, 'Games');
insert into Gasto (idSucursal, tipo, Asamblea_idAsamblea, monto, descripcion) values (4, 'ESPECIAL', 24, 2440, 'Outdoors');
insert into Gasto (idSucursal, tipo, Asamblea_idAsamblea, monto, descripcion) values (4, 'ESPECIAL', 15, 2085, 'Outdoors');
insert into Gasto (idSucursal, tipo, Asamblea_idAsamblea, monto, descripcion) values (4, 'ESPECIAL', 8, 171, 'Automotive');
insert into Gasto (idSucursal, tipo, Asamblea_idAsamblea, monto, descripcion) values (4, 'ESPECIAL', 19, 320, 'Jewelry');
insert into Gasto (idSucursal, tipo, Asamblea_idAsamblea, monto, descripcion) values (4, 'ESPECIAL', 24, 1209, 'Kids');
insert into Gasto (idSucursal, tipo, Asamblea_idAsamblea, monto, descripcion) values (4, 'ESPECIAL', 23, 1632, 'Clothing');
insert into Gasto (idSucursal, tipo, Asamblea_idAsamblea, monto, descripcion) values (4, 'ESPECIAL', 7, 1758, 'Home');
insert into Gasto (idSucursal, tipo, Asamblea_idAsamblea, monto, descripcion) values (4, 'ESPECIAL', 5, 2194, 'Clothing');
insert into Gasto (idSucursal, tipo, Asamblea_idAsamblea, monto, descripcion) values (4, 'ESPECIAL', 15, 913, 'Grocery');
insert into Gasto (idSucursal, tipo, Asamblea_idAsamblea, monto, descripcion) values (4, 'ESPECIAL', 10, 216, 'Industrial');
insert into Gasto (idSucursal, tipo, Asamblea_idAsamblea, monto, descripcion) values (4, 'ESPECIAL', 10, 1540, 'Beauty');
insert into Gasto (idSucursal, tipo, Asamblea_idAsamblea, monto, descripcion) values (4, 'ESPECIAL', 11, 125, 'Tools');
insert into Gasto (idSucursal, tipo, Asamblea_idAsamblea, monto, descripcion) values (4, 'ESPECIAL', 16, 2220, 'Health');
insert into Gasto (idSucursal, tipo, Asamblea_idAsamblea, monto, descripcion) values (4, 'ESPECIAL', 9, 571, 'Books');
insert into Gasto (idSucursal, tipo, Asamblea_idAsamblea, monto, descripcion) values (4, 'ESPECIAL', 20, 320, 'Movies');
insert into Gasto (idSucursal, tipo, Asamblea_idAsamblea, monto, descripcion) values (4, 'ESPECIAL', 17, 275, 'Toys');
insert into Gasto (idSucursal, tipo, Asamblea_idAsamblea, monto, descripcion) values (4, 'ESPECIAL', 12, 775, 'Home');
insert into Gasto (idSucursal, tipo, Asamblea_idAsamblea, monto, descripcion) values (4, 'ESPECIAL', 16, 1839, 'Shoes');
insert into Gasto (idSucursal, tipo, Asamblea_idAsamblea, monto, descripcion) values (4, 'ESPECIAL', 22, 1509, 'Shoes');
insert into Gasto (idSucursal, tipo, Asamblea_idAsamblea, monto, descripcion) values (4, 'ESPECIAL', 24, 335, 'Electronics');
insert into Gasto (idSucursal, tipo, Asamblea_idAsamblea, monto, descripcion) values (4, 'ESPECIAL', 11, 798, 'Home');
insert into Gasto (idSucursal, tipo, Asamblea_idAsamblea, monto, descripcion) values (4, 'ESPECIAL', 8, 1759, 'Industrial');
insert into Gasto (idSucursal, tipo, Asamblea_idAsamblea, monto, descripcion) values (4, 'ESPECIAL', 6, 719, 'Shoes');
insert into Gasto (idSucursal, tipo, Asamblea_idAsamblea, monto, descripcion) values (4, 'ESPECIAL', 14, 2362, 'Music');
insert into Gasto (idSucursal, tipo, Asamblea_idAsamblea, monto, descripcion) values (4, 'ESPECIAL', 4, 2033, 'Music');
insert into Gasto (idSucursal, tipo, Asamblea_idAsamblea, monto, descripcion) values (4, 'ESPECIAL', 22, 2285, 'Tools');
insert into Gasto (idSucursal, tipo, Asamblea_idAsamblea, monto, descripcion) values (4, 'ESPECIAL', 4, 819, 'Electronics');
insert into Gasto (idSucursal, tipo, Asamblea_idAsamblea, monto, descripcion) values (4, 'ESPECIAL', 3, 588, 'Books');
insert into Gasto (idSucursal, tipo, Asamblea_idAsamblea, monto, descripcion) values (4, 'ESPECIAL', 12, 1052, 'Tools');
insert into Gasto (idSucursal, tipo, Asamblea_idAsamblea, monto, descripcion) values (4, 'ESPECIAL', 22, 661, 'Jewelry');
insert into Gasto (idSucursal, tipo, Asamblea_idAsamblea, monto, descripcion) values (4, 'ESPECIAL', 11, 247, 'Kids');
insert into Gasto (idSucursal, tipo, Asamblea_idAsamblea, monto, descripcion) values (4, 'ESPECIAL', 4, 1328, 'Jewelry');
insert into Gasto (idSucursal, tipo, Asamblea_idAsamblea, monto, descripcion) values (4, 'ESPECIAL', 5, 1483, 'Computers');
insert into Gasto (idSucursal, tipo, Asamblea_idAsamblea, monto, descripcion) values (4, 'ESPECIAL', 19, 1202, 'Jewelry');
insert into Gasto (idSucursal, tipo, Asamblea_idAsamblea, monto, descripcion) values (4, 'ESPECIAL', 6, 1040, 'Kids');
insert into Gasto (idSucursal, tipo, Asamblea_idAsamblea, monto, descripcion) values (4, 'ESPECIAL', 9, 515, 'Movies');
insert into Gasto (idSucursal, tipo, Asamblea_idAsamblea, monto, descripcion) values (4, 'ESPECIAL', 21, 1943, 'Movies');
insert into Gasto (idSucursal, tipo, Asamblea_idAsamblea, monto, descripcion) values (4, 'ESPECIAL', 7, 2413, 'Electronics');
insert into Gasto (idSucursal, tipo, Asamblea_idAsamblea, monto, descripcion) values (4, 'ESPECIAL', 21, 908, 'Tools');
insert into Gasto (idSucursal, tipo, Asamblea_idAsamblea, monto, descripcion) values (4, 'ESPECIAL', 5, 2467, 'Beauty');
insert into Gasto (idSucursal, tipo, Asamblea_idAsamblea, monto, descripcion) values (4, 'ESPECIAL', 7, 677, 'Industrial');
insert into Gasto (idSucursal, tipo, Asamblea_idAsamblea, monto, descripcion) values (4, 'ESPECIAL', 16, 72, 'Kids');
insert into Gasto (idSucursal, tipo, Asamblea_idAsamblea, monto, descripcion) values (4, 'ESPECIAL', 2, 475, 'Books');
insert into Gasto (idSucursal, tipo, Asamblea_idAsamblea, monto, descripcion) values (4, 'ESPECIAL', 23, 2290, 'Health');
insert into Gasto (idSucursal, tipo, Asamblea_idAsamblea, monto, descripcion) values (4, 'ESPECIAL', 2, 2435, 'Computers');

insert into Gasto (idSucursal, tipo, Asamblea_idAsamblea, monto, descripcion) values (8, 'ESPECIAL', 10, 496, 'Baby');
insert into Gasto (idSucursal, tipo, Asamblea_idAsamblea, monto, descripcion) values (8, 'ESPECIAL', 14, 1921, 'Outdoors');
insert into Gasto (idSucursal, tipo, Asamblea_idAsamblea, monto, descripcion) values (8, 'ESPECIAL', 23, 1439, 'Jewelry');
insert into Gasto (idSucursal, tipo, Asamblea_idAsamblea, monto, descripcion) values (8, 'ESPECIAL', 2, 1212, 'Movies');
insert into Gasto (idSucursal, tipo, Asamblea_idAsamblea, monto, descripcion) values (8, 'ESPECIAL', 12, 817, 'Industrial');
insert into Gasto (idSucursal, tipo, Asamblea_idAsamblea, monto, descripcion) values (8, 'ESPECIAL', 2, 1740, 'Automotive');
insert into Gasto (idSucursal, tipo, Asamblea_idAsamblea, monto, descripcion) values (8, 'ESPECIAL', 11, 1030, 'Books');
insert into Gasto (idSucursal, tipo, Asamblea_idAsamblea, monto, descripcion) values (8, 'ESPECIAL', 5, 445, 'Tools');
insert into Gasto (idSucursal, tipo, Asamblea_idAsamblea, monto, descripcion) values (8, 'ESPECIAL', 9, 675, 'Computers');
insert into Gasto (idSucursal, tipo, Asamblea_idAsamblea, monto, descripcion) values (8, 'ESPECIAL', 11, 503, 'Outdoors');
insert into Gasto (idSucursal, tipo, Asamblea_idAsamblea, monto, descripcion) values (8, 'ESPECIAL', 5, 1719, 'Books');
insert into Gasto (idSucursal, tipo, Asamblea_idAsamblea, monto, descripcion) values (8, 'ESPECIAL', 11, 1190, 'Sports');
insert into Gasto (idSucursal, tipo, Asamblea_idAsamblea, monto, descripcion) values (8, 'ESPECIAL', 17, 2134, 'Movies');
insert into Gasto (idSucursal, tipo, Asamblea_idAsamblea, monto, descripcion) values (8, 'ESPECIAL', 18, 550, 'Health');
insert into Gasto (idSucursal, tipo, Asamblea_idAsamblea, monto, descripcion) values (8, 'ESPECIAL', 7, 920, 'Health');
insert into Gasto (idSucursal, tipo, Asamblea_idAsamblea, monto, descripcion) values (8, 'ESPECIAL', 16, 220, 'Movies');
insert into Gasto (idSucursal, tipo, Asamblea_idAsamblea, monto, descripcion) values (8, 'ESPECIAL', 15, 2259, 'Books');
insert into Gasto (idSucursal, tipo, Asamblea_idAsamblea, monto, descripcion) values (8, 'ESPECIAL', 2, 2062, 'Shoes');
insert into Gasto (idSucursal, tipo, Asamblea_idAsamblea, monto, descripcion) values (8, 'ESPECIAL', 6, 532, 'Industrial');
insert into Gasto (idSucursal, tipo, Asamblea_idAsamblea, monto, descripcion) values (8, 'ESPECIAL', 23, 1175, 'Movies');
insert into Gasto (idSucursal, tipo, Asamblea_idAsamblea, monto, descripcion) values (8, 'ESPECIAL', 12, 1146, 'Sports');
insert into Gasto (idSucursal, tipo, Asamblea_idAsamblea, monto, descripcion) values (8, 'ESPECIAL', 19, 1089, 'Shoes');
insert into Gasto (idSucursal, tipo, Asamblea_idAsamblea, monto, descripcion) values (8, 'ESPECIAL', 7, 166, 'Shoes');
insert into Gasto (idSucursal, tipo, Asamblea_idAsamblea, monto, descripcion) values (8, 'ESPECIAL', 18, 2080, 'Kids');
insert into Gasto (idSucursal, tipo, Asamblea_idAsamblea, monto, descripcion) values (8, 'ESPECIAL', 22, 2436, 'Sports');
insert into Gasto (idSucursal, tipo, Asamblea_idAsamblea, monto, descripcion) values (8, 'ESPECIAL', 24, 492, 'Music');
insert into Gasto (idSucursal, tipo, Asamblea_idAsamblea, monto, descripcion) values (8, 'ESPECIAL', 18, 723, 'Music');
insert into Gasto (idSucursal, tipo, Asamblea_idAsamblea, monto, descripcion) values (8, 'ESPECIAL', 16, 1499, 'Jewelry');
insert into Gasto (idSucursal, tipo, Asamblea_idAsamblea, monto, descripcion) values (8, 'ESPECIAL', 19, 683, 'Garden');
insert into Gasto (idSucursal, tipo, Asamblea_idAsamblea, monto, descripcion) values (8, 'ESPECIAL', 8, 749, 'Clothing');

insert into Gasto (idSucursal, tipo, Asamblea_idAsamblea, monto, descripcion) values (9, 'ESPECIAL', 10, 1720, 'Computers');
insert into Gasto (idSucursal, tipo, Asamblea_idAsamblea, monto, descripcion) values (9, 'ESPECIAL', 5, 2048, 'Sports');
insert into Gasto (idSucursal, tipo, Asamblea_idAsamblea, monto, descripcion) values (9, 'ESPECIAL', 21, 1862, 'Tools');
insert into Gasto (idSucursal, tipo, Asamblea_idAsamblea, monto, descripcion) values (9, 'ESPECIAL', 20, 1002, 'Electronics');
insert into Gasto (idSucursal, tipo, Asamblea_idAsamblea, monto, descripcion) values (9, 'ESPECIAL', 17, 2306, 'Games');
insert into Gasto (idSucursal, tipo, Asamblea_idAsamblea, monto, descripcion) values (9, 'ESPECIAL', 14, 892, 'Electronics');
insert into Gasto (idSucursal, tipo, Asamblea_idAsamblea, monto, descripcion) values (9, 'ESPECIAL', 8, 1020, 'Movies');
insert into Gasto (idSucursal, tipo, Asamblea_idAsamblea, monto, descripcion) values (9, 'ESPECIAL', 13, 2428, 'Home');
insert into Gasto (idSucursal, tipo, Asamblea_idAsamblea, monto, descripcion) values (9, 'ESPECIAL', 17, 2490, 'Toys');
insert into Gasto (idSucursal, tipo, Asamblea_idAsamblea, monto, descripcion) values (9, 'ESPECIAL', 21, 1924, 'Kids');
insert into Gasto (idSucursal, tipo, Asamblea_idAsamblea, monto, descripcion) values (9, 'ESPECIAL', 6, 1200, 'Outdoors');
insert into Gasto (idSucursal, tipo, Asamblea_idAsamblea, monto, descripcion) values (9, 'ESPECIAL', 16, 2233, 'Outdoors');
insert into Gasto (idSucursal, tipo, Asamblea_idAsamblea, monto, descripcion) values (9, 'ESPECIAL', 12, 2390, 'Garden');
insert into Gasto (idSucursal, tipo, Asamblea_idAsamblea, monto, descripcion) values (9, 'ESPECIAL', 14, 96, 'Garden');
insert into Gasto (idSucursal, tipo, Asamblea_idAsamblea, monto, descripcion) values (9, 'ESPECIAL', 6, 978, 'Jewelry');
insert into Gasto (idSucursal, tipo, Asamblea_idAsamblea, monto, descripcion) values (9, 'ESPECIAL', 10, 708, 'Tools');
insert into Gasto (idSucursal, tipo, Asamblea_idAsamblea, monto, descripcion) values (9, 'ESPECIAL', 5, 1517, 'Clothing');
insert into Gasto (idSucursal, tipo, Asamblea_idAsamblea, monto, descripcion) values (9, 'ESPECIAL', 16, 127, 'Kids');
insert into Gasto (idSucursal, tipo, Asamblea_idAsamblea, monto, descripcion) values (9, 'ESPECIAL', 4, 1727, 'Games');
insert into Gasto (idSucursal, tipo, Asamblea_idAsamblea, monto, descripcion) values (9, 'ESPECIAL', 11, 1052, 'Movies');
insert into Gasto (idSucursal, tipo, Asamblea_idAsamblea, monto, descripcion) values (9, 'ESPECIAL', 11, 113, 'Garden');
insert into Gasto (idSucursal, tipo, Asamblea_idAsamblea, monto, descripcion) values (9, 'ESPECIAL', 9, 1008, 'Clothing');
insert into Gasto (idSucursal, tipo, Asamblea_idAsamblea, monto, descripcion) values (9, 'ESPECIAL', 18, 2397, 'Outdoors');
insert into Gasto (idSucursal, tipo, Asamblea_idAsamblea, monto, descripcion) values (9, 'ESPECIAL', 21, 357, 'Industrial');
insert into Gasto (idSucursal, tipo, Asamblea_idAsamblea, monto, descripcion) values (9, 'ESPECIAL', 10, 1800, 'Computers');
insert into Gasto (idSucursal, tipo, Asamblea_idAsamblea, monto, descripcion) values (9, 'ESPECIAL', 13, 71, 'Outdoors');
insert into Gasto (idSucursal, tipo, Asamblea_idAsamblea, monto, descripcion) values (9, 'ESPECIAL', 17, 1125, 'Industrial');
insert into Gasto (idSucursal, tipo, Asamblea_idAsamblea, monto, descripcion) values (9, 'ESPECIAL', 2, 1001, 'Toys');
insert into Gasto (idSucursal, tipo, Asamblea_idAsamblea, monto, descripcion) values (9, 'ESPECIAL', 8, 2465, 'Games');
insert into Gasto (idSucursal, tipo, Asamblea_idAsamblea, monto, descripcion) values (9, 'ESPECIAL', 8, 2222, 'Beauty');

insert into Gasto (idSucursal, tipo, Asamblea_idAsamblea, monto, descripcion) values (11, 'ESPECIAL', 11, 994, 'Tools');
insert into Gasto (idSucursal, tipo, Asamblea_idAsamblea, monto, descripcion) values (11, 'ESPECIAL', 20, 198, 'Outdoors');
insert into Gasto (idSucursal, tipo, Asamblea_idAsamblea, monto, descripcion) values (11, 'ESPECIAL', 9, 1344, 'Grocery');
insert into Gasto (idSucursal, tipo, Asamblea_idAsamblea, monto, descripcion) values (11, 'ESPECIAL', 5, 1433, 'Music');
insert into Gasto (idSucursal, tipo, Asamblea_idAsamblea, monto, descripcion) values (11, 'ESPECIAL', 14, 778, 'Garden');
insert into Gasto (idSucursal, tipo, Asamblea_idAsamblea, monto, descripcion) values (11, 'ESPECIAL', 18, 2500, 'Books');
insert into Gasto (idSucursal, tipo, Asamblea_idAsamblea, monto, descripcion) values (11, 'ESPECIAL', 3, 267, 'Jewelry');
insert into Gasto (idSucursal, tipo, Asamblea_idAsamblea, monto, descripcion) values (11, 'ESPECIAL', 18, 987, 'Garden');
insert into Gasto (idSucursal, tipo, Asamblea_idAsamblea, monto, descripcion) values (11, 'ESPECIAL', 23, 1667, 'Electronics');
insert into Gasto (idSucursal, tipo, Asamblea_idAsamblea, monto, descripcion) values (11, 'ESPECIAL', 16, 2284, 'Books');
insert into Gasto (idSucursal, tipo, Asamblea_idAsamblea, monto, descripcion) values (11, 'ESPECIAL', 10, 2206, 'Baby');
insert into Gasto (idSucursal, tipo, Asamblea_idAsamblea, monto, descripcion) values (11, 'ESPECIAL', 22, 152, 'Electronics');
insert into Gasto (idSucursal, tipo, Asamblea_idAsamblea, monto, descripcion) values (11, 'ESPECIAL', 15, 700, 'Music');
insert into Gasto (idSucursal, tipo, Asamblea_idAsamblea, monto, descripcion) values (11, 'ESPECIAL', 20, 1971, 'Jewelry');
insert into Gasto (idSucursal, tipo, Asamblea_idAsamblea, monto, descripcion) values (11, 'ESPECIAL', 15, 792, 'Outdoors');
insert into Gasto (idSucursal, tipo, Asamblea_idAsamblea, monto, descripcion) values (11, 'ESPECIAL', 13, 1963, 'Home');
insert into Gasto (idSucursal, tipo, Asamblea_idAsamblea, monto, descripcion) values (11, 'ESPECIAL', 7, 1542, 'Movies');
insert into Gasto (idSucursal, tipo, Asamblea_idAsamblea, monto, descripcion) values (11, 'ESPECIAL', 2, 911, 'Kids');
insert into Gasto (idSucursal, tipo, Asamblea_idAsamblea, monto, descripcion) values (11, 'ESPECIAL', 4, 1917, 'Toys');
insert into Gasto (idSucursal, tipo, Asamblea_idAsamblea, monto, descripcion) values (11, 'ESPECIAL', 20, 2185, 'Health');
insert into Gasto (idSucursal, tipo, Asamblea_idAsamblea, monto, descripcion) values (11, 'ESPECIAL', 23, 2031, 'Computers');
insert into Gasto (idSucursal, tipo, Asamblea_idAsamblea, monto, descripcion) values (11, 'ESPECIAL', 13, 833, 'Books');
insert into Gasto (idSucursal, tipo, Asamblea_idAsamblea, monto, descripcion) values (11, 'ESPECIAL', 13, 2287, 'Electronics');
insert into Gasto (idSucursal, tipo, Asamblea_idAsamblea, monto, descripcion) values (11, 'ESPECIAL', 14, 632, 'Jewelry');
insert into Gasto (idSucursal, tipo, Asamblea_idAsamblea, monto, descripcion) values (11, 'ESPECIAL', 4, 1556, 'Kids');
insert into Gasto (idSucursal, tipo, Asamblea_idAsamblea, monto, descripcion) values (11, 'ESPECIAL', 24, 148, 'Shoes');
insert into Gasto (idSucursal, tipo, Asamblea_idAsamblea, monto, descripcion) values (11, 'ESPECIAL', 7, 31, 'Computers');
insert into Gasto (idSucursal, tipo, Asamblea_idAsamblea, monto, descripcion) values (11, 'ESPECIAL', 21, 1102, 'Health');
insert into Gasto (idSucursal, tipo, Asamblea_idAsamblea, monto, descripcion) values (11, 'ESPECIAL', 6, 37, 'Beauty');
insert into Gasto (idSucursal, tipo, Asamblea_idAsamblea, monto, descripcion) values (11, 'ESPECIAL', 16, 2374, 'Beauty');

insert into Gasto (idSucursal, tipo, Asamblea_idAsamblea, monto, descripcion) values (14, 'ESPECIAL', 16, 475, 'Outdoors');
insert into Gasto (idSucursal, tipo, Asamblea_idAsamblea, monto, descripcion) values (14, 'ESPECIAL', 18, 2471, 'Health');
insert into Gasto (idSucursal, tipo, Asamblea_idAsamblea, monto, descripcion) values (14, 'ESPECIAL', 14, 378, 'Shoes');
insert into Gasto (idSucursal, tipo, Asamblea_idAsamblea, monto, descripcion) values (14, 'ESPECIAL', 23, 1191, 'Toys');
insert into Gasto (idSucursal, tipo, Asamblea_idAsamblea, monto, descripcion) values (14, 'ESPECIAL', 12, 2412, 'Automotive');
insert into Gasto (idSucursal, tipo, Asamblea_idAsamblea, monto, descripcion) values (14, 'ESPECIAL', 2, 1176, 'Movies');
insert into Gasto (idSucursal, tipo, Asamblea_idAsamblea, monto, descripcion) values (14, 'ESPECIAL', 3, 1463, 'Home');
insert into Gasto (idSucursal, tipo, Asamblea_idAsamblea, monto, descripcion) values (14, 'ESPECIAL', 9, 813, 'Automotive');
insert into Gasto (idSucursal, tipo, Asamblea_idAsamblea, monto, descripcion) values (14, 'ESPECIAL', 10, 2118, 'Computers');
insert into Gasto (idSucursal, tipo, Asamblea_idAsamblea, monto, descripcion) values (14, 'ESPECIAL', 24, 1494, 'Garden');
insert into Gasto (idSucursal, tipo, Asamblea_idAsamblea, monto, descripcion) values (14, 'ESPECIAL', 23, 762, 'Books');
insert into Gasto (idSucursal, tipo, Asamblea_idAsamblea, monto, descripcion) values (14, 'ESPECIAL', 24, 1530, 'Garden');
insert into Gasto (idSucursal, tipo, Asamblea_idAsamblea, monto, descripcion) values (14, 'ESPECIAL', 12, 611, 'Jewelry');
insert into Gasto (idSucursal, tipo, Asamblea_idAsamblea, monto, descripcion) values (14, 'ESPECIAL', 24, 2493, 'Outdoors');
insert into Gasto (idSucursal, tipo, Asamblea_idAsamblea, monto, descripcion) values (14, 'ESPECIAL', 18, 881, 'Music');
insert into Gasto (idSucursal, tipo, Asamblea_idAsamblea, monto, descripcion) values (14, 'ESPECIAL', 2, 2063, 'Outdoors');
insert into Gasto (idSucursal, tipo, Asamblea_idAsamblea, monto, descripcion) values (14, 'ESPECIAL', 18, 191, 'Books');
insert into Gasto (idSucursal, tipo, Asamblea_idAsamblea, monto, descripcion) values (14, 'ESPECIAL', 3, 614, 'Industrial');
insert into Gasto (idSucursal, tipo, Asamblea_idAsamblea, monto, descripcion) values (14, 'ESPECIAL', 14, 1602, 'Electronics');
insert into Gasto (idSucursal, tipo, Asamblea_idAsamblea, monto, descripcion) values (14, 'ESPECIAL', 24, 1695, 'Sports');
insert into Gasto (idSucursal, tipo, Asamblea_idAsamblea, monto, descripcion) values (14, 'ESPECIAL', 12, 657, 'Beauty');
insert into Gasto (idSucursal, tipo, Asamblea_idAsamblea, monto, descripcion) values (14, 'ESPECIAL', 24, 1999, 'Baby');
insert into Gasto (idSucursal, tipo, Asamblea_idAsamblea, monto, descripcion) values (14, 'ESPECIAL', 12, 1774, 'Movies');
insert into Gasto (idSucursal, tipo, Asamblea_idAsamblea, monto, descripcion) values (14, 'ESPECIAL', 22, 49, 'Automotive');
insert into Gasto (idSucursal, tipo, Asamblea_idAsamblea, monto, descripcion) values (14, 'ESPECIAL', 21, 1981, 'Health');
insert into Gasto (idSucursal, tipo, Asamblea_idAsamblea, monto, descripcion) values (14, 'ESPECIAL', 14, 2450, 'Baby');
insert into Gasto (idSucursal, tipo, Asamblea_idAsamblea, monto, descripcion) values (14, 'ESPECIAL', 9, 447, 'Games');
insert into Gasto (idSucursal, tipo, Asamblea_idAsamblea, monto, descripcion) values (14, 'ESPECIAL', 14, 86, 'Beauty');
insert into Gasto (idSucursal, tipo, Asamblea_idAsamblea, monto, descripcion) values (14, 'ESPECIAL', 22, 123, 'Garden');
insert into Gasto (idSucursal, tipo, Asamblea_idAsamblea, monto, descripcion) values (14, 'ESPECIAL', 19, 1731, 'Jewelry');

insert into Gasto (idSucursal, tipo, Asamblea_idAsamblea, monto, descripcion) values (42, 'ESPECIAL', 17, 1161, 'Books');
insert into Gasto (idSucursal, tipo, Asamblea_idAsamblea, monto, descripcion) values (42, 'ESPECIAL', 3, 627, 'Garden');
insert into Gasto (idSucursal, tipo, Asamblea_idAsamblea, monto, descripcion) values (42, 'ESPECIAL', 8, 1093, 'Toys');
insert into Gasto (idSucursal, tipo, Asamblea_idAsamblea, monto, descripcion) values (42, 'ESPECIAL', 24, 1658, 'Outdoors');
insert into Gasto (idSucursal, tipo, Asamblea_idAsamblea, monto, descripcion) values (42, 'ESPECIAL', 12, 1214, 'Shoes');
insert into Gasto (idSucursal, tipo, Asamblea_idAsamblea, monto, descripcion) values (42, 'ESPECIAL', 17, 953, 'Sports');
insert into Gasto (idSucursal, tipo, Asamblea_idAsamblea, monto, descripcion) values (42, 'ESPECIAL', 15, 524, 'Computers');
insert into Gasto (idSucursal, tipo, Asamblea_idAsamblea, monto, descripcion) values (42, 'ESPECIAL', 2, 376, 'Baby');
insert into Gasto (idSucursal, tipo, Asamblea_idAsamblea, monto, descripcion) values (42, 'ESPECIAL', 14, 169, 'Clothing');
insert into Gasto (idSucursal, tipo, Asamblea_idAsamblea, monto, descripcion) values (42, 'ESPECIAL', 23, 1272, 'Music');
insert into Gasto (idSucursal, tipo, Asamblea_idAsamblea, monto, descripcion) values (42, 'ESPECIAL', 16, 591, 'Games');
insert into Gasto (idSucursal, tipo, Asamblea_idAsamblea, monto, descripcion) values (42, 'ESPECIAL', 2, 1092, 'Garden');
insert into Gasto (idSucursal, tipo, Asamblea_idAsamblea, monto, descripcion) values (42, 'ESPECIAL', 16, 558, 'Tools');
insert into Gasto (idSucursal, tipo, Asamblea_idAsamblea, monto, descripcion) values (42, 'ESPECIAL', 18, 1353, 'Outdoors');
insert into Gasto (idSucursal, tipo, Asamblea_idAsamblea, monto, descripcion) values (42, 'ESPECIAL', 13, 2193, 'Outdoors');
insert into Gasto (idSucursal, tipo, Asamblea_idAsamblea, monto, descripcion) values (42, 'ESPECIAL', 4, 2375, 'Computers');
insert into Gasto (idSucursal, tipo, Asamblea_idAsamblea, monto, descripcion) values (42, 'ESPECIAL', 6, 2406, 'Outdoors');
insert into Gasto (idSucursal, tipo, Asamblea_idAsamblea, monto, descripcion) values (42, 'ESPECIAL', 10, 659, 'Toys');
insert into Gasto (idSucursal, tipo, Asamblea_idAsamblea, monto, descripcion) values (42, 'ESPECIAL', 23, 1300, 'Garden');
insert into Gasto (idSucursal, tipo, Asamblea_idAsamblea, monto, descripcion) values (42, 'ESPECIAL', 8, 2312, 'Garden');
insert into Gasto (idSucursal, tipo, Asamblea_idAsamblea, monto, descripcion) values (42, 'ESPECIAL', 18, 2407, 'Jewelry');
insert into Gasto (idSucursal, tipo, Asamblea_idAsamblea, monto, descripcion) values (42, 'ESPECIAL', 6, 78, 'Shoes');
insert into Gasto (idSucursal, tipo, Asamblea_idAsamblea, monto, descripcion) values (42, 'ESPECIAL', 20, 1683, 'Tools');
insert into Gasto (idSucursal, tipo, Asamblea_idAsamblea, monto, descripcion) values (42, 'ESPECIAL', 12, 2191, 'Beauty');
insert into Gasto (idSucursal, tipo, Asamblea_idAsamblea, monto, descripcion) values (42, 'ESPECIAL', 23, 1343, 'Games');
insert into Gasto (idSucursal, tipo, Asamblea_idAsamblea, monto, descripcion) values (42, 'ESPECIAL', 3, 2479, 'Grocery');
insert into Gasto (idSucursal, tipo, Asamblea_idAsamblea, monto, descripcion) values (42, 'ESPECIAL', 23, 2428, 'Industrial');
insert into Gasto (idSucursal, tipo, Asamblea_idAsamblea, monto, descripcion) values (42, 'ESPECIAL', 11, 1895, 'Books');
insert into Gasto (idSucursal, tipo, Asamblea_idAsamblea, monto, descripcion) values (42, 'ESPECIAL', 3, 1690, 'Movies');
insert into Gasto (idSucursal, tipo, Asamblea_idAsamblea, monto, descripcion) values (42, 'ESPECIAL', 11, 2284, 'Outdoors');

insert into Gasto (idSucursal, tipo, Asamblea_idAsamblea, monto, descripcion) values (50, 'ESPECIAL', 10, 42, 'Industrial');
insert into Gasto (idSucursal, tipo, Asamblea_idAsamblea, monto, descripcion) values (50, 'ESPECIAL', 22, 1785, 'Music');
insert into Gasto (idSucursal, tipo, Asamblea_idAsamblea, monto, descripcion) values (50, 'ESPECIAL', 21, 775, 'Toys');
insert into Gasto (idSucursal, tipo, Asamblea_idAsamblea, monto, descripcion) values (50, 'ESPECIAL', 10, 955, 'Beauty');
insert into Gasto (idSucursal, tipo, Asamblea_idAsamblea, monto, descripcion) values (50, 'ESPECIAL', 8, 1540, 'Tools');
insert into Gasto (idSucursal, tipo, Asamblea_idAsamblea, monto, descripcion) values (50, 'ESPECIAL', 6, 1996, 'Music');
insert into Gasto (idSucursal, tipo, Asamblea_idAsamblea, monto, descripcion) values (50, 'ESPECIAL', 3, 790, 'Automotive');
insert into Gasto (idSucursal, tipo, Asamblea_idAsamblea, monto, descripcion) values (50, 'ESPECIAL', 17, 823, 'Shoes');
insert into Gasto (idSucursal, tipo, Asamblea_idAsamblea, monto, descripcion) values (50, 'ESPECIAL', 8, 2443, 'Electronics');
insert into Gasto (idSucursal, tipo, Asamblea_idAsamblea, monto, descripcion) values (50, 'ESPECIAL', 20, 1730, 'Kids');
insert into Gasto (idSucursal, tipo, Asamblea_idAsamblea, monto, descripcion) values (50, 'ESPECIAL', 5, 1918, 'Computers');
insert into Gasto (idSucursal, tipo, Asamblea_idAsamblea, monto, descripcion) values (50, 'ESPECIAL', 6, 1387, 'Health');
insert into Gasto (idSucursal, tipo, Asamblea_idAsamblea, monto, descripcion) values (50, 'ESPECIAL', 22, 420, 'Health');
insert into Gasto (idSucursal, tipo, Asamblea_idAsamblea, monto, descripcion) values (50, 'ESPECIAL', 2, 1813, 'Health');
insert into Gasto (idSucursal, tipo, Asamblea_idAsamblea, monto, descripcion) values (50, 'ESPECIAL', 5, 252, 'Kids');
insert into Gasto (idSucursal, tipo, Asamblea_idAsamblea, monto, descripcion) values (50, 'ESPECIAL', 13, 1504, 'Grocery');
insert into Gasto (idSucursal, tipo, Asamblea_idAsamblea, monto, descripcion) values (50, 'ESPECIAL', 7, 1636, 'Shoes');
insert into Gasto (idSucursal, tipo, Asamblea_idAsamblea, monto, descripcion) values (50, 'ESPECIAL', 15, 1709, 'Jewelry');
insert into Gasto (idSucursal, tipo, Asamblea_idAsamblea, monto, descripcion) values (50, 'ESPECIAL', 8, 1753, 'Clothing');
insert into Gasto (idSucursal, tipo, Asamblea_idAsamblea, monto, descripcion) values (50, 'ESPECIAL', 22, 455, 'Movies');
insert into Gasto (idSucursal, tipo, Asamblea_idAsamblea, monto, descripcion) values (50, 'ESPECIAL', 24, 630, 'Health');
insert into Gasto (idSucursal, tipo, Asamblea_idAsamblea, monto, descripcion) values (50, 'ESPECIAL', 10, 830, 'Shoes');
insert into Gasto (idSucursal, tipo, Asamblea_idAsamblea, monto, descripcion) values (50, 'ESPECIAL', 13, 599, 'Tools');
insert into Gasto (idSucursal, tipo, Asamblea_idAsamblea, monto, descripcion) values (50, 'ESPECIAL', 13, 1261, 'Baby');
insert into Gasto (idSucursal, tipo, Asamblea_idAsamblea, monto, descripcion) values (50, 'ESPECIAL', 9, 1436, 'Electronics');
insert into Gasto (idSucursal, tipo, Asamblea_idAsamblea, monto, descripcion) values (50, 'ESPECIAL', 21, 863, 'Electronics');
insert into Gasto (idSucursal, tipo, Asamblea_idAsamblea, monto, descripcion) values (50, 'ESPECIAL', 22, 1377, 'Toys');
insert into Gasto (idSucursal, tipo, Asamblea_idAsamblea, monto, descripcion) values (50, 'ESPECIAL', 16, 2438, 'Music');
insert into Gasto (idSucursal, tipo, Asamblea_idAsamblea, monto, descripcion) values (50, 'ESPECIAL', 8, 1058, 'Clothing');
insert into Gasto (idSucursal, tipo, Asamblea_idAsamblea, monto, descripcion) values (50, 'ESPECIAL', 4, 1911, 'Sports');

insert into Gasto (idSucursal, tipo, Asamblea_idAsamblea, monto, descripcion) values (51, 'ESPECIAL', 7, 1756, 'Beauty');
insert into Gasto (idSucursal, tipo, Asamblea_idAsamblea, monto, descripcion) values (51, 'ESPECIAL', 11, 1414, 'Automotive');
insert into Gasto (idSucursal, tipo, Asamblea_idAsamblea, monto, descripcion) values (51, 'ESPECIAL', 15, 1225, 'Computers');
insert into Gasto (idSucursal, tipo, Asamblea_idAsamblea, monto, descripcion) values (51, 'ESPECIAL', 22, 1338, 'Books');
insert into Gasto (idSucursal, tipo, Asamblea_idAsamblea, monto, descripcion) values (51, 'ESPECIAL', 6, 347, 'Grocery');
insert into Gasto (idSucursal, tipo, Asamblea_idAsamblea, monto, descripcion) values (51, 'ESPECIAL', 24, 2084, 'Computers');
insert into Gasto (idSucursal, tipo, Asamblea_idAsamblea, monto, descripcion) values (51, 'ESPECIAL', 22, 839, 'Industrial');
insert into Gasto (idSucursal, tipo, Asamblea_idAsamblea, monto, descripcion) values (51, 'ESPECIAL', 2, 1722, 'Beauty');
insert into Gasto (idSucursal, tipo, Asamblea_idAsamblea, monto, descripcion) values (51, 'ESPECIAL', 24, 931, 'Computers');
insert into Gasto (idSucursal, tipo, Asamblea_idAsamblea, monto, descripcion) values (51, 'ESPECIAL', 2, 831, 'Toys');
insert into Gasto (idSucursal, tipo, Asamblea_idAsamblea, monto, descripcion) values (51, 'ESPECIAL', 22, 524, 'Toys');
insert into Gasto (idSucursal, tipo, Asamblea_idAsamblea, monto, descripcion) values (51, 'ESPECIAL', 24, 1003, 'Electronics');
insert into Gasto (idSucursal, tipo, Asamblea_idAsamblea, monto, descripcion) values (51, 'ESPECIAL', 18, 223, 'Jewelry');
insert into Gasto (idSucursal, tipo, Asamblea_idAsamblea, monto, descripcion) values (51, 'ESPECIAL', 22, 1352, 'Kids');
insert into Gasto (idSucursal, tipo, Asamblea_idAsamblea, monto, descripcion) values (51, 'ESPECIAL', 15, 56, 'Jewelry');
insert into Gasto (idSucursal, tipo, Asamblea_idAsamblea, monto, descripcion) values (51, 'ESPECIAL', 20, 1088, 'Computers');
insert into Gasto (idSucursal, tipo, Asamblea_idAsamblea, monto, descripcion) values (51, 'ESPECIAL', 16, 458, 'Shoes');
insert into Gasto (idSucursal, tipo, Asamblea_idAsamblea, monto, descripcion) values (51, 'ESPECIAL', 7, 2096, 'Kids');
insert into Gasto (idSucursal, tipo, Asamblea_idAsamblea, monto, descripcion) values (51, 'ESPECIAL', 2, 980, 'Shoes');
insert into Gasto (idSucursal, tipo, Asamblea_idAsamblea, monto, descripcion) values (51, 'ESPECIAL', 21, 1548, 'Music');
insert into Gasto (idSucursal, tipo, Asamblea_idAsamblea, monto, descripcion) values (51, 'ESPECIAL', 10, 1360, 'Beauty');
insert into Gasto (idSucursal, tipo, Asamblea_idAsamblea, monto, descripcion) values (51, 'ESPECIAL', 13, 1043, 'Electronics');
insert into Gasto (idSucursal, tipo, Asamblea_idAsamblea, monto, descripcion) values (51, 'ESPECIAL', 9, 437, 'Health');
insert into Gasto (idSucursal, tipo, Asamblea_idAsamblea, monto, descripcion) values (51, 'ESPECIAL', 11, 2225, 'Clothing');
insert into Gasto (idSucursal, tipo, Asamblea_idAsamblea, monto, descripcion) values (51, 'ESPECIAL', 19, 827, 'Computers');
insert into Gasto (idSucursal, tipo, Asamblea_idAsamblea, monto, descripcion) values (51, 'ESPECIAL', 16, 1688, 'Home');
insert into Gasto (idSucursal, tipo, Asamblea_idAsamblea, monto, descripcion) values (51, 'ESPECIAL', 2, 144, 'Computers');
insert into Gasto (idSucursal, tipo, Asamblea_idAsamblea, monto, descripcion) values (51, 'ESPECIAL', 5, 214, 'Outdoors');
insert into Gasto (idSucursal, tipo, Asamblea_idAsamblea, monto, descripcion) values (51, 'ESPECIAL', 23, 1160, 'Books');
insert into Gasto (idSucursal, tipo, Asamblea_idAsamblea, monto, descripcion) values (51, 'ESPECIAL', 11, 1732, 'Grocery');

insert into Gasto (idSucursal, tipo, Asamblea_idAsamblea, monto, descripcion) values (58, 'ESPECIAL', 16, 2014, 'Sports');
insert into Gasto (idSucursal, tipo, Asamblea_idAsamblea, monto, descripcion) values (58, 'ESPECIAL', 22, 726, 'Electronics');
insert into Gasto (idSucursal, tipo, Asamblea_idAsamblea, monto, descripcion) values (58, 'ESPECIAL', 24, 1085, 'Beauty');
insert into Gasto (idSucursal, tipo, Asamblea_idAsamblea, monto, descripcion) values (58, 'ESPECIAL', 12, 1989, 'Music');
insert into Gasto (idSucursal, tipo, Asamblea_idAsamblea, monto, descripcion) values (58, 'ESPECIAL', 3, 1095, 'Jewelry');
insert into Gasto (idSucursal, tipo, Asamblea_idAsamblea, monto, descripcion) values (58, 'ESPECIAL', 7, 1483, 'Beauty');
insert into Gasto (idSucursal, tipo, Asamblea_idAsamblea, monto, descripcion) values (58, 'ESPECIAL', 11, 1894, 'Games');
insert into Gasto (idSucursal, tipo, Asamblea_idAsamblea, monto, descripcion) values (58, 'ESPECIAL', 21, 1669, 'Baby');
insert into Gasto (idSucursal, tipo, Asamblea_idAsamblea, monto, descripcion) values (58, 'ESPECIAL', 5, 845, 'Grocery');
insert into Gasto (idSucursal, tipo, Asamblea_idAsamblea, monto, descripcion) values (58, 'ESPECIAL', 16, 80, 'Health');
insert into Gasto (idSucursal, tipo, Asamblea_idAsamblea, monto, descripcion) values (58, 'ESPECIAL', 22, 420, 'Computers');
insert into Gasto (idSucursal, tipo, Asamblea_idAsamblea, monto, descripcion) values (58, 'ESPECIAL', 19, 44, 'Tools');
insert into Gasto (idSucursal, tipo, Asamblea_idAsamblea, monto, descripcion) values (58, 'ESPECIAL', 7, 634, 'Electronics');
insert into Gasto (idSucursal, tipo, Asamblea_idAsamblea, monto, descripcion) values (58, 'ESPECIAL', 6, 2238, 'Games');
insert into Gasto (idSucursal, tipo, Asamblea_idAsamblea, monto, descripcion) values (58, 'ESPECIAL', 21, 74, 'Shoes');
insert into Gasto (idSucursal, tipo, Asamblea_idAsamblea, monto, descripcion) values (58, 'ESPECIAL', 4, 1820, 'Automotive');
insert into Gasto (idSucursal, tipo, Asamblea_idAsamblea, monto, descripcion) values (58, 'ESPECIAL', 19, 1967, 'Clothing');
insert into Gasto (idSucursal, tipo, Asamblea_idAsamblea, monto, descripcion) values (58, 'ESPECIAL', 19, 880, 'Jewelry');
insert into Gasto (idSucursal, tipo, Asamblea_idAsamblea, monto, descripcion) values (58, 'ESPECIAL', 6, 1722, 'Electronics');
insert into Gasto (idSucursal, tipo, Asamblea_idAsamblea, monto, descripcion) values (58, 'ESPECIAL', 3, 1618, 'Kids');
insert into Gasto (idSucursal, tipo, Asamblea_idAsamblea, monto, descripcion) values (58, 'ESPECIAL', 4, 1478, 'Electronics');
insert into Gasto (idSucursal, tipo, Asamblea_idAsamblea, monto, descripcion) values (58, 'ESPECIAL', 12, 753, 'Beauty');
insert into Gasto (idSucursal, tipo, Asamblea_idAsamblea, monto, descripcion) values (58, 'ESPECIAL', 7, 1633, 'Music');
insert into Gasto (idSucursal, tipo, Asamblea_idAsamblea, monto, descripcion) values (58, 'ESPECIAL', 3, 1432, 'Home');
insert into Gasto (idSucursal, tipo, Asamblea_idAsamblea, monto, descripcion) values (58, 'ESPECIAL', 12, 1483, 'Games');
insert into Gasto (idSucursal, tipo, Asamblea_idAsamblea, monto, descripcion) values (58, 'ESPECIAL', 2, 572, 'Beauty');
insert into Gasto (idSucursal, tipo, Asamblea_idAsamblea, monto, descripcion) values (58, 'ESPECIAL', 9, 1853, 'Shoes');
insert into Gasto (idSucursal, tipo, Asamblea_idAsamblea, monto, descripcion) values (58, 'ESPECIAL', 5, 388, 'Industrial');
insert into Gasto (idSucursal, tipo, Asamblea_idAsamblea, monto, descripcion) values (58, 'ESPECIAL', 24, 245, 'Automotive');
insert into Gasto (idSucursal, tipo, Asamblea_idAsamblea, monto, descripcion) values (58, 'ESPECIAL', 12, 125, 'Grocery');

insert into Gasto (idSucursal, tipo, Asamblea_idAsamblea, monto, descripcion) values (59, 'ESPECIAL', 12, 105, 'Toys');
insert into Gasto (idSucursal, tipo, Asamblea_idAsamblea, monto, descripcion) values (59, 'ESPECIAL', 13, 1013, 'Automotive');
insert into Gasto (idSucursal, tipo, Asamblea_idAsamblea, monto, descripcion) values (59, 'ESPECIAL', 7, 1358, 'Jewelry');
insert into Gasto (idSucursal, tipo, Asamblea_idAsamblea, monto, descripcion) values (59, 'ESPECIAL', 16, 286, 'Electronics');
insert into Gasto (idSucursal, tipo, Asamblea_idAsamblea, monto, descripcion) values (59, 'ESPECIAL', 18, 143, 'Health');
insert into Gasto (idSucursal, tipo, Asamblea_idAsamblea, monto, descripcion) values (59, 'ESPECIAL', 8, 967, 'Clothing');
insert into Gasto (idSucursal, tipo, Asamblea_idAsamblea, monto, descripcion) values (59, 'ESPECIAL', 2, 206, 'Sports');
insert into Gasto (idSucursal, tipo, Asamblea_idAsamblea, monto, descripcion) values (59, 'ESPECIAL', 18, 1442, 'Industrial');
insert into Gasto (idSucursal, tipo, Asamblea_idAsamblea, monto, descripcion) values (59, 'ESPECIAL', 2, 561, 'Jewelry');
insert into Gasto (idSucursal, tipo, Asamblea_idAsamblea, monto, descripcion) values (59, 'ESPECIAL', 8, 1207, 'Sports');
insert into Gasto (idSucursal, tipo, Asamblea_idAsamblea, monto, descripcion) values (59, 'ESPECIAL', 8, 1229, 'Sports');
insert into Gasto (idSucursal, tipo, Asamblea_idAsamblea, monto, descripcion) values (59, 'ESPECIAL', 22, 644, 'Tools');
insert into Gasto (idSucursal, tipo, Asamblea_idAsamblea, monto, descripcion) values (59, 'ESPECIAL', 23, 2360, 'Baby');
insert into Gasto (idSucursal, tipo, Asamblea_idAsamblea, monto, descripcion) values (59, 'ESPECIAL', 11, 2363, 'Industrial');
insert into Gasto (idSucursal, tipo, Asamblea_idAsamblea, monto, descripcion) values (59, 'ESPECIAL', 2, 207, 'Sports');
insert into Gasto (idSucursal, tipo, Asamblea_idAsamblea, monto, descripcion) values (59, 'ESPECIAL', 6, 759, 'Industrial');
insert into Gasto (idSucursal, tipo, Asamblea_idAsamblea, monto, descripcion) values (59, 'ESPECIAL', 13, 1894, 'Shoes');
insert into Gasto (idSucursal, tipo, Asamblea_idAsamblea, monto, descripcion) values (59, 'ESPECIAL', 5, 240, 'Tools');
insert into Gasto (idSucursal, tipo, Asamblea_idAsamblea, monto, descripcion) values (59, 'ESPECIAL', 18, 2143, 'Shoes');
insert into Gasto (idSucursal, tipo, Asamblea_idAsamblea, monto, descripcion) values (59, 'ESPECIAL', 8, 2073, 'Home');
insert into Gasto (idSucursal, tipo, Asamblea_idAsamblea, monto, descripcion) values (59, 'ESPECIAL', 13, 2294, 'Computers');
insert into Gasto (idSucursal, tipo, Asamblea_idAsamblea, monto, descripcion) values (59, 'ESPECIAL', 3, 1626, 'Industrial');
insert into Gasto (idSucursal, tipo, Asamblea_idAsamblea, monto, descripcion) values (59, 'ESPECIAL', 4, 1987, 'Grocery');
insert into Gasto (idSucursal, tipo, Asamblea_idAsamblea, monto, descripcion) values (59, 'ESPECIAL', 12, 1804, 'Shoes');
insert into Gasto (idSucursal, tipo, Asamblea_idAsamblea, monto, descripcion) values (59, 'ESPECIAL', 20, 1451, 'Computers');
insert into Gasto (idSucursal, tipo, Asamblea_idAsamblea, monto, descripcion) values (59, 'ESPECIAL', 17, 1418, 'Beauty');
insert into Gasto (idSucursal, tipo, Asamblea_idAsamblea, monto, descripcion) values (59, 'ESPECIAL', 18, 564, 'Home');
insert into Gasto (idSucursal, tipo, Asamblea_idAsamblea, monto, descripcion) values (59, 'ESPECIAL', 3, 1607, 'Tools');
insert into Gasto (idSucursal, tipo, Asamblea_idAsamblea, monto, descripcion) values (59, 'ESPECIAL', 17, 1727, 'Home');
insert into Gasto (idSucursal, tipo, Asamblea_idAsamblea, monto, descripcion) values (59, 'ESPECIAL', 24, 1459, 'Beauty');

--PAGOS DE HONORARIOS A PERSONAL
--24 honorarios por personal, 1 por cada asamblea
insert into Honorario (idAsamblea, Personal_idPersonal, nombre, descripcion, monto) values (1, 1, 'pago', 'pago de sueldo por trabajo realizado', 2242);
insert into Honorario (idAsamblea, Personal_idPersonal, nombre, descripcion, monto) values (1, 2, 'pago', 'pago de sueldo por trabajo realizado', 3077);
insert into Honorario (idAsamblea, Personal_idPersonal, nombre, descripcion, monto) values (1, 3, 'pago', 'pago de sueldo por trabajo realizado', 2278);
insert into Honorario (idAsamblea, Personal_idPersonal, nombre, descripcion, monto) values (1, 4, 'pago', 'pago de sueldo por trabajo realizado', 2545);
insert into Honorario (idAsamblea, Personal_idPersonal, nombre, descripcion, monto) values (1, 5, 'pago', 'pago de sueldo por trabajo realizado', 2105);
insert into Honorario (idAsamblea, Personal_idPersonal, nombre, descripcion, monto) values (1, 6, 'pago', 'pago de sueldo por trabajo realizado', 3000);
insert into Honorario (idAsamblea, Personal_idPersonal, nombre, descripcion, monto) values (1, 7, 'pago', 'pago de sueldo por trabajo realizado', 2223);
insert into Honorario (idAsamblea, Personal_idPersonal, nombre, descripcion, monto) values (1, 8, 'pago', 'pago de sueldo por trabajo realizado', 2976);
insert into Honorario (idAsamblea, Personal_idPersonal, nombre, descripcion, monto) values (1, 9, 'pago', 'pago de sueldo por trabajo realizado', 2944);
insert into Honorario (idAsamblea, Personal_idPersonal, nombre, descripcion, monto) values (1, 10, 'pago', 'pago de sueldo por trabajo realizado', 1910);
insert into Honorario (idAsamblea, Personal_idPersonal, nombre, descripcion, monto) values (1, 11, 'pago', 'pago de sueldo por trabajo realizado', 1864);
insert into Honorario (idAsamblea, Personal_idPersonal, nombre, descripcion, monto) values (1, 12, 'pago', 'pago de sueldo por trabajo realizado', 3137);
insert into Honorario (idAsamblea, Personal_idPersonal, nombre, descripcion, monto) values (1, 13, 'pago', 'pago de sueldo por trabajo realizado', 2877);
insert into Honorario (idAsamblea, Personal_idPersonal, nombre, descripcion, monto) values (1, 14, 'pago', 'pago de sueldo por trabajo realizado', 2903);
insert into Honorario (idAsamblea, Personal_idPersonal, nombre, descripcion, monto) values (1, 15, 'pago', 'pago de sueldo por trabajo realizado', 3191);
insert into Honorario (idAsamblea, Personal_idPersonal, nombre, descripcion, monto) values (1, 16, 'pago', 'pago de sueldo por trabajo realizado', 2963);
insert into Honorario (idAsamblea, Personal_idPersonal, nombre, descripcion, monto) values (1, 17, 'pago', 'pago de sueldo por trabajo realizado', 2033);
insert into Honorario (idAsamblea, Personal_idPersonal, nombre, descripcion, monto) values (1, 18, 'pago', 'pago de sueldo por trabajo realizado', 3025);
insert into Honorario (idAsamblea, Personal_idPersonal, nombre, descripcion, monto) values (1, 19, 'pago', 'pago de sueldo por trabajo realizado', 2219);
insert into Honorario (idAsamblea, Personal_idPersonal, nombre, descripcion, monto) values (1, 20, 'pago', 'pago de sueldo por trabajo realizado', 2940);
insert into Honorario (idAsamblea, Personal_idPersonal, nombre, descripcion, monto) values (1, 21, 'pago', 'pago de sueldo por trabajo realizado', 1828);
insert into Honorario (idAsamblea, Personal_idPersonal, nombre, descripcion, monto) values (1, 22, 'pago', 'pago de sueldo por trabajo realizado', 2737);
insert into Honorario (idAsamblea, Personal_idPersonal, nombre, descripcion, monto) values (1, 23, 'pago', 'pago de sueldo por trabajo realizado', 2735);
insert into Honorario (idAsamblea, Personal_idPersonal, nombre, descripcion, monto) values (1, 24, 'pago', 'pago de sueldo por trabajo realizado', 2082);
insert into Honorario (idAsamblea, Personal_idPersonal, nombre, descripcion, monto) values (1, 25, 'pago', 'pago de sueldo por trabajo realizado', 3128);
insert into Honorario (idAsamblea, Personal_idPersonal, nombre, descripcion, monto) values (1, 26, 'pago', 'pago de sueldo por trabajo realizado', 2894);
insert into Honorario (idAsamblea, Personal_idPersonal, nombre, descripcion, monto) values (1, 27, 'pago', 'pago de sueldo por trabajo realizado', 2469);
insert into Honorario (idAsamblea, Personal_idPersonal, nombre, descripcion, monto) values (1, 28, 'pago', 'pago de sueldo por trabajo realizado', 1820);
insert into Honorario (idAsamblea, Personal_idPersonal, nombre, descripcion, monto) values (1, 29, 'pago', 'pago de sueldo por trabajo realizado', 2274);
insert into Honorario (idAsamblea, Personal_idPersonal, nombre, descripcion, monto) values (1, 30, 'pago', 'pago de sueldo por trabajo realizado', 2385);
insert into Honorario (idAsamblea, Personal_idPersonal, nombre, descripcion, monto) values (1, 31, 'pago', 'pago de sueldo por trabajo realizado', 2684);
insert into Honorario (idAsamblea, Personal_idPersonal, nombre, descripcion, monto) values (1, 32, 'pago', 'pago de sueldo por trabajo realizado', 2811);
insert into Honorario (idAsamblea, Personal_idPersonal, nombre, descripcion, monto) values (1, 33, 'pago', 'pago de sueldo por trabajo realizado', 2282);
insert into Honorario (idAsamblea, Personal_idPersonal, nombre, descripcion, monto) values (1, 34, 'pago', 'pago de sueldo por trabajo realizado', 3022);
insert into Honorario (idAsamblea, Personal_idPersonal, nombre, descripcion, monto) values (1, 35, 'pago', 'pago de sueldo por trabajo realizado', 2809);
insert into Honorario (idAsamblea, Personal_idPersonal, nombre, descripcion, monto) values (1, 36, 'pago', 'pago de sueldo por trabajo realizado', 2119);
insert into Honorario (idAsamblea, Personal_idPersonal, nombre, descripcion, monto) values (1, 37, 'pago', 'pago de sueldo por trabajo realizado', 2904);
insert into Honorario (idAsamblea, Personal_idPersonal, nombre, descripcion, monto) values (1, 38, 'pago', 'pago de sueldo por trabajo realizado', 2651);
insert into Honorario (idAsamblea, Personal_idPersonal, nombre, descripcion, monto) values (1, 39, 'pago', 'pago de sueldo por trabajo realizado', 2931);
insert into Honorario (idAsamblea, Personal_idPersonal, nombre, descripcion, monto) values (1, 40, 'pago', 'pago de sueldo por trabajo realizado', 2667);
insert into Honorario (idAsamblea, Personal_idPersonal, nombre, descripcion, monto) values (1, 41, 'pago', 'pago de sueldo por trabajo realizado', 2576);
insert into Honorario (idAsamblea, Personal_idPersonal, nombre, descripcion, monto) values (1, 42, 'pago', 'pago de sueldo por trabajo realizado', 2258);
insert into Honorario (idAsamblea, Personal_idPersonal, nombre, descripcion, monto) values (1, 43, 'pago', 'pago de sueldo por trabajo realizado', 2600);
insert into Honorario (idAsamblea, Personal_idPersonal, nombre, descripcion, monto) values (1, 44, 'pago', 'pago de sueldo por trabajo realizado', 3084);
insert into Honorario (idAsamblea, Personal_idPersonal, nombre, descripcion, monto) values (1, 45, 'pago', 'pago de sueldo por trabajo realizado', 2509);
insert into Honorario (idAsamblea, Personal_idPersonal, nombre, descripcion, monto) values (1, 46, 'pago', 'pago de sueldo por trabajo realizado', 1843);
insert into Honorario (idAsamblea, Personal_idPersonal, nombre, descripcion, monto) values (1, 47, 'pago', 'pago de sueldo por trabajo realizado', 2641);
insert into Honorario (idAsamblea, Personal_idPersonal, nombre, descripcion, monto) values (1, 48, 'pago', 'pago de sueldo por trabajo realizado', 2248);
insert into Honorario (idAsamblea, Personal_idPersonal, nombre, descripcion, monto) values (1, 49, 'pago', 'pago de sueldo por trabajo realizado', 2481);
insert into Honorario (idAsamblea, Personal_idPersonal, nombre, descripcion, monto) values (1, 50, 'pago', 'pago de sueldo por trabajo realizado', 2004);

insert into Honorario (idAsamblea, Personal_idPersonal, nombre, descripcion, monto) values (2, 1, 'pago', 'pago de sueldo por trabajo realizado', 1940);
insert into Honorario (idAsamblea, Personal_idPersonal, nombre, descripcion, monto) values (2, 2, 'pago', 'pago de sueldo por trabajo realizado', 3125);
insert into Honorario (idAsamblea, Personal_idPersonal, nombre, descripcion, monto) values (2, 3, 'pago', 'pago de sueldo por trabajo realizado', 3170);
insert into Honorario (idAsamblea, Personal_idPersonal, nombre, descripcion, monto) values (2, 4, 'pago', 'pago de sueldo por trabajo realizado', 2716);
insert into Honorario (idAsamblea, Personal_idPersonal, nombre, descripcion, monto) values (2, 5, 'pago', 'pago de sueldo por trabajo realizado', 2845);
insert into Honorario (idAsamblea, Personal_idPersonal, nombre, descripcion, monto) values (2, 6, 'pago', 'pago de sueldo por trabajo realizado', 2556);
insert into Honorario (idAsamblea, Personal_idPersonal, nombre, descripcion, monto) values (2, 7, 'pago', 'pago de sueldo por trabajo realizado', 2418);
insert into Honorario (idAsamblea, Personal_idPersonal, nombre, descripcion, monto) values (2, 8, 'pago', 'pago de sueldo por trabajo realizado', 2542);
insert into Honorario (idAsamblea, Personal_idPersonal, nombre, descripcion, monto) values (2, 9, 'pago', 'pago de sueldo por trabajo realizado', 2893);
insert into Honorario (idAsamblea, Personal_idPersonal, nombre, descripcion, monto) values (2, 10, 'pago', 'pago de sueldo por trabajo realizado', 2693);
insert into Honorario (idAsamblea, Personal_idPersonal, nombre, descripcion, monto) values (2, 11, 'pago', 'pago de sueldo por trabajo realizado', 2332);
insert into Honorario (idAsamblea, Personal_idPersonal, nombre, descripcion, monto) values (2, 12, 'pago', 'pago de sueldo por trabajo realizado', 1940);
insert into Honorario (idAsamblea, Personal_idPersonal, nombre, descripcion, monto) values (2, 13, 'pago', 'pago de sueldo por trabajo realizado', 2117);
insert into Honorario (idAsamblea, Personal_idPersonal, nombre, descripcion, monto) values (2, 14, 'pago', 'pago de sueldo por trabajo realizado', 2028);
insert into Honorario (idAsamblea, Personal_idPersonal, nombre, descripcion, monto) values (2, 15, 'pago', 'pago de sueldo por trabajo realizado', 3193);
insert into Honorario (idAsamblea, Personal_idPersonal, nombre, descripcion, monto) values (2, 16, 'pago', 'pago de sueldo por trabajo realizado', 2507);
insert into Honorario (idAsamblea, Personal_idPersonal, nombre, descripcion, monto) values (2, 17, 'pago', 'pago de sueldo por trabajo realizado', 3119);
insert into Honorario (idAsamblea, Personal_idPersonal, nombre, descripcion, monto) values (2, 18, 'pago', 'pago de sueldo por trabajo realizado', 2743);
insert into Honorario (idAsamblea, Personal_idPersonal, nombre, descripcion, monto) values (2, 19, 'pago', 'pago de sueldo por trabajo realizado', 2029);
insert into Honorario (idAsamblea, Personal_idPersonal, nombre, descripcion, monto) values (2, 20, 'pago', 'pago de sueldo por trabajo realizado', 1824);
insert into Honorario (idAsamblea, Personal_idPersonal, nombre, descripcion, monto) values (2, 21, 'pago', 'pago de sueldo por trabajo realizado', 3010);
insert into Honorario (idAsamblea, Personal_idPersonal, nombre, descripcion, monto) values (2, 22, 'pago', 'pago de sueldo por trabajo realizado', 1811);
insert into Honorario (idAsamblea, Personal_idPersonal, nombre, descripcion, monto) values (2, 23, 'pago', 'pago de sueldo por trabajo realizado', 2981);
insert into Honorario (idAsamblea, Personal_idPersonal, nombre, descripcion, monto) values (2, 24, 'pago', 'pago de sueldo por trabajo realizado', 2053);
insert into Honorario (idAsamblea, Personal_idPersonal, nombre, descripcion, monto) values (2, 25, 'pago', 'pago de sueldo por trabajo realizado', 3163);
insert into Honorario (idAsamblea, Personal_idPersonal, nombre, descripcion, monto) values (2, 26, 'pago', 'pago de sueldo por trabajo realizado', 2694);
insert into Honorario (idAsamblea, Personal_idPersonal, nombre, descripcion, monto) values (2, 27, 'pago', 'pago de sueldo por trabajo realizado', 2245);
insert into Honorario (idAsamblea, Personal_idPersonal, nombre, descripcion, monto) values (2, 28, 'pago', 'pago de sueldo por trabajo realizado', 3110);
insert into Honorario (idAsamblea, Personal_idPersonal, nombre, descripcion, monto) values (2, 29, 'pago', 'pago de sueldo por trabajo realizado', 1954);
insert into Honorario (idAsamblea, Personal_idPersonal, nombre, descripcion, monto) values (2, 30, 'pago', 'pago de sueldo por trabajo realizado', 2952);
insert into Honorario (idAsamblea, Personal_idPersonal, nombre, descripcion, monto) values (2, 31, 'pago', 'pago de sueldo por trabajo realizado', 2442);
insert into Honorario (idAsamblea, Personal_idPersonal, nombre, descripcion, monto) values (2, 32, 'pago', 'pago de sueldo por trabajo realizado', 2055);
insert into Honorario (idAsamblea, Personal_idPersonal, nombre, descripcion, monto) values (2, 33, 'pago', 'pago de sueldo por trabajo realizado', 2126);
insert into Honorario (idAsamblea, Personal_idPersonal, nombre, descripcion, monto) values (2, 34, 'pago', 'pago de sueldo por trabajo realizado', 2112);
insert into Honorario (idAsamblea, Personal_idPersonal, nombre, descripcion, monto) values (2, 35, 'pago', 'pago de sueldo por trabajo realizado', 2918);
insert into Honorario (idAsamblea, Personal_idPersonal, nombre, descripcion, monto) values (2, 36, 'pago', 'pago de sueldo por trabajo realizado', 3176);
insert into Honorario (idAsamblea, Personal_idPersonal, nombre, descripcion, monto) values (2, 37, 'pago', 'pago de sueldo por trabajo realizado', 2854);
insert into Honorario (idAsamblea, Personal_idPersonal, nombre, descripcion, monto) values (2, 38, 'pago', 'pago de sueldo por trabajo realizado', 3059);
insert into Honorario (idAsamblea, Personal_idPersonal, nombre, descripcion, monto) values (2, 39, 'pago', 'pago de sueldo por trabajo realizado', 2717);
insert into Honorario (idAsamblea, Personal_idPersonal, nombre, descripcion, monto) values (2, 40, 'pago', 'pago de sueldo por trabajo realizado', 2686);
insert into Honorario (idAsamblea, Personal_idPersonal, nombre, descripcion, monto) values (2, 41, 'pago', 'pago de sueldo por trabajo realizado', 2324);
insert into Honorario (idAsamblea, Personal_idPersonal, nombre, descripcion, monto) values (2, 42, 'pago', 'pago de sueldo por trabajo realizado', 2211);
insert into Honorario (idAsamblea, Personal_idPersonal, nombre, descripcion, monto) values (2, 43, 'pago', 'pago de sueldo por trabajo realizado', 1924);
insert into Honorario (idAsamblea, Personal_idPersonal, nombre, descripcion, monto) values (2, 44, 'pago', 'pago de sueldo por trabajo realizado', 1825);
insert into Honorario (idAsamblea, Personal_idPersonal, nombre, descripcion, monto) values (2, 45, 'pago', 'pago de sueldo por trabajo realizado', 2473);
insert into Honorario (idAsamblea, Personal_idPersonal, nombre, descripcion, monto) values (2, 46, 'pago', 'pago de sueldo por trabajo realizado', 3049);
insert into Honorario (idAsamblea, Personal_idPersonal, nombre, descripcion, monto) values (2, 47, 'pago', 'pago de sueldo por trabajo realizado', 2917);
insert into Honorario (idAsamblea, Personal_idPersonal, nombre, descripcion, monto) values (2, 48, 'pago', 'pago de sueldo por trabajo realizado', 2440);
insert into Honorario (idAsamblea, Personal_idPersonal, nombre, descripcion, monto) values (2, 49, 'pago', 'pago de sueldo por trabajo realizado', 2697);
insert into Honorario (idAsamblea, Personal_idPersonal, nombre, descripcion, monto) values (2, 50, 'pago', 'pago de sueldo por trabajo realizado', 2440);

insert into Honorario (idAsamblea, Personal_idPersonal, nombre, descripcion, monto) values (3, 1, 'pago', 'pago de sueldo por trabajo realizado', 2072);
insert into Honorario (idAsamblea, Personal_idPersonal, nombre, descripcion, monto) values (3, 2, 'pago', 'pago de sueldo por trabajo realizado', 2870);
insert into Honorario (idAsamblea, Personal_idPersonal, nombre, descripcion, monto) values (3, 3, 'pago', 'pago de sueldo por trabajo realizado', 3146);
insert into Honorario (idAsamblea, Personal_idPersonal, nombre, descripcion, monto) values (3, 4, 'pago', 'pago de sueldo por trabajo realizado', 2270);
insert into Honorario (idAsamblea, Personal_idPersonal, nombre, descripcion, monto) values (3, 5, 'pago', 'pago de sueldo por trabajo realizado', 2362);
insert into Honorario (idAsamblea, Personal_idPersonal, nombre, descripcion, monto) values (3, 6, 'pago', 'pago de sueldo por trabajo realizado', 1869);
insert into Honorario (idAsamblea, Personal_idPersonal, nombre, descripcion, monto) values (3, 7, 'pago', 'pago de sueldo por trabajo realizado', 2592);
insert into Honorario (idAsamblea, Personal_idPersonal, nombre, descripcion, monto) values (3, 8, 'pago', 'pago de sueldo por trabajo realizado', 2045);
insert into Honorario (idAsamblea, Personal_idPersonal, nombre, descripcion, monto) values (3, 9, 'pago', 'pago de sueldo por trabajo realizado', 2548);
insert into Honorario (idAsamblea, Personal_idPersonal, nombre, descripcion, monto) values (3, 10, 'pago', 'pago de sueldo por trabajo realizado', 2912);
insert into Honorario (idAsamblea, Personal_idPersonal, nombre, descripcion, monto) values (3, 11, 'pago', 'pago de sueldo por trabajo realizado', 3023);
insert into Honorario (idAsamblea, Personal_idPersonal, nombre, descripcion, monto) values (3, 12, 'pago', 'pago de sueldo por trabajo realizado', 2782);
insert into Honorario (idAsamblea, Personal_idPersonal, nombre, descripcion, monto) values (3, 13, 'pago', 'pago de sueldo por trabajo realizado', 2493);
insert into Honorario (idAsamblea, Personal_idPersonal, nombre, descripcion, monto) values (3, 14, 'pago', 'pago de sueldo por trabajo realizado', 2083);
insert into Honorario (idAsamblea, Personal_idPersonal, nombre, descripcion, monto) values (3, 15, 'pago', 'pago de sueldo por trabajo realizado', 2588);
insert into Honorario (idAsamblea, Personal_idPersonal, nombre, descripcion, monto) values (3, 16, 'pago', 'pago de sueldo por trabajo realizado', 2170);
insert into Honorario (idAsamblea, Personal_idPersonal, nombre, descripcion, monto) values (3, 17, 'pago', 'pago de sueldo por trabajo realizado', 2341);
insert into Honorario (idAsamblea, Personal_idPersonal, nombre, descripcion, monto) values (3, 18, 'pago', 'pago de sueldo por trabajo realizado', 2800);
insert into Honorario (idAsamblea, Personal_idPersonal, nombre, descripcion, monto) values (3, 19, 'pago', 'pago de sueldo por trabajo realizado', 2295);
insert into Honorario (idAsamblea, Personal_idPersonal, nombre, descripcion, monto) values (3, 20, 'pago', 'pago de sueldo por trabajo realizado', 2201);
insert into Honorario (idAsamblea, Personal_idPersonal, nombre, descripcion, monto) values (3, 21, 'pago', 'pago de sueldo por trabajo realizado', 2195);
insert into Honorario (idAsamblea, Personal_idPersonal, nombre, descripcion, monto) values (3, 22, 'pago', 'pago de sueldo por trabajo realizado', 2412);
insert into Honorario (idAsamblea, Personal_idPersonal, nombre, descripcion, monto) values (3, 23, 'pago', 'pago de sueldo por trabajo realizado', 2275);
insert into Honorario (idAsamblea, Personal_idPersonal, nombre, descripcion, monto) values (3, 24, 'pago', 'pago de sueldo por trabajo realizado', 2008);
insert into Honorario (idAsamblea, Personal_idPersonal, nombre, descripcion, monto) values (3, 25, 'pago', 'pago de sueldo por trabajo realizado', 2656);
insert into Honorario (idAsamblea, Personal_idPersonal, nombre, descripcion, monto) values (3, 26, 'pago', 'pago de sueldo por trabajo realizado', 2524);
insert into Honorario (idAsamblea, Personal_idPersonal, nombre, descripcion, monto) values (3, 27, 'pago', 'pago de sueldo por trabajo realizado', 2225);
insert into Honorario (idAsamblea, Personal_idPersonal, nombre, descripcion, monto) values (3, 28, 'pago', 'pago de sueldo por trabajo realizado', 1851);
insert into Honorario (idAsamblea, Personal_idPersonal, nombre, descripcion, monto) values (3, 29, 'pago', 'pago de sueldo por trabajo realizado', 2683);
insert into Honorario (idAsamblea, Personal_idPersonal, nombre, descripcion, monto) values (3, 30, 'pago', 'pago de sueldo por trabajo realizado', 3124);
insert into Honorario (idAsamblea, Personal_idPersonal, nombre, descripcion, monto) values (3, 31, 'pago', 'pago de sueldo por trabajo realizado', 2305);
insert into Honorario (idAsamblea, Personal_idPersonal, nombre, descripcion, monto) values (3, 32, 'pago', 'pago de sueldo por trabajo realizado', 2489);
insert into Honorario (idAsamblea, Personal_idPersonal, nombre, descripcion, monto) values (3, 33, 'pago', 'pago de sueldo por trabajo realizado', 2093);
insert into Honorario (idAsamblea, Personal_idPersonal, nombre, descripcion, monto) values (3, 34, 'pago', 'pago de sueldo por trabajo realizado', 2502);
insert into Honorario (idAsamblea, Personal_idPersonal, nombre, descripcion, monto) values (3, 35, 'pago', 'pago de sueldo por trabajo realizado', 1885);
insert into Honorario (idAsamblea, Personal_idPersonal, nombre, descripcion, monto) values (3, 36, 'pago', 'pago de sueldo por trabajo realizado', 3157);
insert into Honorario (idAsamblea, Personal_idPersonal, nombre, descripcion, monto) values (3, 37, 'pago', 'pago de sueldo por trabajo realizado', 2123);
insert into Honorario (idAsamblea, Personal_idPersonal, nombre, descripcion, monto) values (3, 38, 'pago', 'pago de sueldo por trabajo realizado', 2269);
insert into Honorario (idAsamblea, Personal_idPersonal, nombre, descripcion, monto) values (3, 39, 'pago', 'pago de sueldo por trabajo realizado', 1927);
insert into Honorario (idAsamblea, Personal_idPersonal, nombre, descripcion, monto) values (3, 40, 'pago', 'pago de sueldo por trabajo realizado', 2897);
insert into Honorario (idAsamblea, Personal_idPersonal, nombre, descripcion, monto) values (3, 41, 'pago', 'pago de sueldo por trabajo realizado', 3125);
insert into Honorario (idAsamblea, Personal_idPersonal, nombre, descripcion, monto) values (3, 42, 'pago', 'pago de sueldo por trabajo realizado', 2453);
insert into Honorario (idAsamblea, Personal_idPersonal, nombre, descripcion, monto) values (3, 43, 'pago', 'pago de sueldo por trabajo realizado', 2881);
insert into Honorario (idAsamblea, Personal_idPersonal, nombre, descripcion, monto) values (3, 44, 'pago', 'pago de sueldo por trabajo realizado', 2807);
insert into Honorario (idAsamblea, Personal_idPersonal, nombre, descripcion, monto) values (3, 45, 'pago', 'pago de sueldo por trabajo realizado', 1880);
insert into Honorario (idAsamblea, Personal_idPersonal, nombre, descripcion, monto) values (3, 46, 'pago', 'pago de sueldo por trabajo realizado', 2926);
insert into Honorario (idAsamblea, Personal_idPersonal, nombre, descripcion, monto) values (3, 47, 'pago', 'pago de sueldo por trabajo realizado', 3086);
insert into Honorario (idAsamblea, Personal_idPersonal, nombre, descripcion, monto) values (3, 48, 'pago', 'pago de sueldo por trabajo realizado', 2382);
insert into Honorario (idAsamblea, Personal_idPersonal, nombre, descripcion, monto) values (3, 49, 'pago', 'pago de sueldo por trabajo realizado', 2218);
insert into Honorario (idAsamblea, Personal_idPersonal, nombre, descripcion, monto) values (3, 50, 'pago', 'pago de sueldo por trabajo realizado', 2792);

insert into Honorario (idAsamblea, Personal_idPersonal, nombre, descripcion, monto) values (4, 1, 'pago', 'pago de sueldo por trabajo realizado', 2130);
insert into Honorario (idAsamblea, Personal_idPersonal, nombre, descripcion, monto) values (4, 2, 'pago', 'pago de sueldo por trabajo realizado', 2120);
insert into Honorario (idAsamblea, Personal_idPersonal, nombre, descripcion, monto) values (4, 3, 'pago', 'pago de sueldo por trabajo realizado', 2776);
insert into Honorario (idAsamblea, Personal_idPersonal, nombre, descripcion, monto) values (4, 4, 'pago', 'pago de sueldo por trabajo realizado', 2974);
insert into Honorario (idAsamblea, Personal_idPersonal, nombre, descripcion, monto) values (4, 5, 'pago', 'pago de sueldo por trabajo realizado', 2477);
insert into Honorario (idAsamblea, Personal_idPersonal, nombre, descripcion, monto) values (4, 6, 'pago', 'pago de sueldo por trabajo realizado', 2521);
insert into Honorario (idAsamblea, Personal_idPersonal, nombre, descripcion, monto) values (4, 7, 'pago', 'pago de sueldo por trabajo realizado', 2953);
insert into Honorario (idAsamblea, Personal_idPersonal, nombre, descripcion, monto) values (4, 8, 'pago', 'pago de sueldo por trabajo realizado', 2173);
insert into Honorario (idAsamblea, Personal_idPersonal, nombre, descripcion, monto) values (4, 9, 'pago', 'pago de sueldo por trabajo realizado', 2826);
insert into Honorario (idAsamblea, Personal_idPersonal, nombre, descripcion, monto) values (4, 10, 'pago', 'pago de sueldo por trabajo realizado', 2293);
insert into Honorario (idAsamblea, Personal_idPersonal, nombre, descripcion, monto) values (4, 11, 'pago', 'pago de sueldo por trabajo realizado', 2684);
insert into Honorario (idAsamblea, Personal_idPersonal, nombre, descripcion, monto) values (4, 12, 'pago', 'pago de sueldo por trabajo realizado', 3090);
insert into Honorario (idAsamblea, Personal_idPersonal, nombre, descripcion, monto) values (4, 13, 'pago', 'pago de sueldo por trabajo realizado', 2862);
insert into Honorario (idAsamblea, Personal_idPersonal, nombre, descripcion, monto) values (4, 14, 'pago', 'pago de sueldo por trabajo realizado', 1893);
insert into Honorario (idAsamblea, Personal_idPersonal, nombre, descripcion, monto) values (4, 15, 'pago', 'pago de sueldo por trabajo realizado', 2868);
insert into Honorario (idAsamblea, Personal_idPersonal, nombre, descripcion, monto) values (4, 16, 'pago', 'pago de sueldo por trabajo realizado', 2984);
insert into Honorario (idAsamblea, Personal_idPersonal, nombre, descripcion, monto) values (4, 17, 'pago', 'pago de sueldo por trabajo realizado', 2937);
insert into Honorario (idAsamblea, Personal_idPersonal, nombre, descripcion, monto) values (4, 18, 'pago', 'pago de sueldo por trabajo realizado', 2153);
insert into Honorario (idAsamblea, Personal_idPersonal, nombre, descripcion, monto) values (4, 19, 'pago', 'pago de sueldo por trabajo realizado', 1828);
insert into Honorario (idAsamblea, Personal_idPersonal, nombre, descripcion, monto) values (4, 20, 'pago', 'pago de sueldo por trabajo realizado', 2475);
insert into Honorario (idAsamblea, Personal_idPersonal, nombre, descripcion, monto) values (4, 21, 'pago', 'pago de sueldo por trabajo realizado', 2375);
insert into Honorario (idAsamblea, Personal_idPersonal, nombre, descripcion, monto) values (4, 22, 'pago', 'pago de sueldo por trabajo realizado', 2088);
insert into Honorario (idAsamblea, Personal_idPersonal, nombre, descripcion, monto) values (4, 23, 'pago', 'pago de sueldo por trabajo realizado', 1859);
insert into Honorario (idAsamblea, Personal_idPersonal, nombre, descripcion, monto) values (4, 24, 'pago', 'pago de sueldo por trabajo realizado', 3136);
insert into Honorario (idAsamblea, Personal_idPersonal, nombre, descripcion, monto) values (4, 25, 'pago', 'pago de sueldo por trabajo realizado', 3179);
insert into Honorario (idAsamblea, Personal_idPersonal, nombre, descripcion, monto) values (4, 26, 'pago', 'pago de sueldo por trabajo realizado', 1890);
insert into Honorario (idAsamblea, Personal_idPersonal, nombre, descripcion, monto) values (4, 27, 'pago', 'pago de sueldo por trabajo realizado', 2192);
insert into Honorario (idAsamblea, Personal_idPersonal, nombre, descripcion, monto) values (4, 28, 'pago', 'pago de sueldo por trabajo realizado', 1912);
insert into Honorario (idAsamblea, Personal_idPersonal, nombre, descripcion, monto) values (4, 29, 'pago', 'pago de sueldo por trabajo realizado', 2083);
insert into Honorario (idAsamblea, Personal_idPersonal, nombre, descripcion, monto) values (4, 30, 'pago', 'pago de sueldo por trabajo realizado', 2817);
insert into Honorario (idAsamblea, Personal_idPersonal, nombre, descripcion, monto) values (4, 31, 'pago', 'pago de sueldo por trabajo realizado', 2921);
insert into Honorario (idAsamblea, Personal_idPersonal, nombre, descripcion, monto) values (4, 32, 'pago', 'pago de sueldo por trabajo realizado', 2429);
insert into Honorario (idAsamblea, Personal_idPersonal, nombre, descripcion, monto) values (4, 33, 'pago', 'pago de sueldo por trabajo realizado', 2767);
insert into Honorario (idAsamblea, Personal_idPersonal, nombre, descripcion, monto) values (4, 34, 'pago', 'pago de sueldo por trabajo realizado', 2070);
insert into Honorario (idAsamblea, Personal_idPersonal, nombre, descripcion, monto) values (4, 35, 'pago', 'pago de sueldo por trabajo realizado', 3123);
insert into Honorario (idAsamblea, Personal_idPersonal, nombre, descripcion, monto) values (4, 36, 'pago', 'pago de sueldo por trabajo realizado', 2342);
insert into Honorario (idAsamblea, Personal_idPersonal, nombre, descripcion, monto) values (4, 37, 'pago', 'pago de sueldo por trabajo realizado', 2542);
insert into Honorario (idAsamblea, Personal_idPersonal, nombre, descripcion, monto) values (4, 38, 'pago', 'pago de sueldo por trabajo realizado', 2385);
insert into Honorario (idAsamblea, Personal_idPersonal, nombre, descripcion, monto) values (4, 39, 'pago', 'pago de sueldo por trabajo realizado', 2758);
insert into Honorario (idAsamblea, Personal_idPersonal, nombre, descripcion, monto) values (4, 40, 'pago', 'pago de sueldo por trabajo realizado', 2987);
insert into Honorario (idAsamblea, Personal_idPersonal, nombre, descripcion, monto) values (4, 41, 'pago', 'pago de sueldo por trabajo realizado', 2616);
insert into Honorario (idAsamblea, Personal_idPersonal, nombre, descripcion, monto) values (4, 42, 'pago', 'pago de sueldo por trabajo realizado', 2559);
insert into Honorario (idAsamblea, Personal_idPersonal, nombre, descripcion, monto) values (4, 43, 'pago', 'pago de sueldo por trabajo realizado', 2881);
insert into Honorario (idAsamblea, Personal_idPersonal, nombre, descripcion, monto) values (4, 44, 'pago', 'pago de sueldo por trabajo realizado', 3058);
insert into Honorario (idAsamblea, Personal_idPersonal, nombre, descripcion, monto) values (4, 45, 'pago', 'pago de sueldo por trabajo realizado', 2035);
insert into Honorario (idAsamblea, Personal_idPersonal, nombre, descripcion, monto) values (4, 46, 'pago', 'pago de sueldo por trabajo realizado', 3018);
insert into Honorario (idAsamblea, Personal_idPersonal, nombre, descripcion, monto) values (4, 47, 'pago', 'pago de sueldo por trabajo realizado', 1909);
insert into Honorario (idAsamblea, Personal_idPersonal, nombre, descripcion, monto) values (4, 48, 'pago', 'pago de sueldo por trabajo realizado', 2522);
insert into Honorario (idAsamblea, Personal_idPersonal, nombre, descripcion, monto) values (4, 49, 'pago', 'pago de sueldo por trabajo realizado', 3166);
insert into Honorario (idAsamblea, Personal_idPersonal, nombre, descripcion, monto) values (4, 50, 'pago', 'pago de sueldo por trabajo realizado', 2243);

insert into Honorario (idAsamblea, Personal_idPersonal, nombre, descripcion, monto) values (5, 1, 'pago', 'pago de sueldo por trabajo realizado', 2293);
insert into Honorario (idAsamblea, Personal_idPersonal, nombre, descripcion, monto) values (5, 2, 'pago', 'pago de sueldo por trabajo realizado', 1887);
insert into Honorario (idAsamblea, Personal_idPersonal, nombre, descripcion, monto) values (5, 3, 'pago', 'pago de sueldo por trabajo realizado', 2574);
insert into Honorario (idAsamblea, Personal_idPersonal, nombre, descripcion, monto) values (5, 4, 'pago', 'pago de sueldo por trabajo realizado', 2141);
insert into Honorario (idAsamblea, Personal_idPersonal, nombre, descripcion, monto) values (5, 5, 'pago', 'pago de sueldo por trabajo realizado', 2225);
insert into Honorario (idAsamblea, Personal_idPersonal, nombre, descripcion, monto) values (5, 6, 'pago', 'pago de sueldo por trabajo realizado', 2170);
insert into Honorario (idAsamblea, Personal_idPersonal, nombre, descripcion, monto) values (5, 7, 'pago', 'pago de sueldo por trabajo realizado', 2891);
insert into Honorario (idAsamblea, Personal_idPersonal, nombre, descripcion, monto) values (5, 8, 'pago', 'pago de sueldo por trabajo realizado', 2582);
insert into Honorario (idAsamblea, Personal_idPersonal, nombre, descripcion, monto) values (5, 9, 'pago', 'pago de sueldo por trabajo realizado', 2110);
insert into Honorario (idAsamblea, Personal_idPersonal, nombre, descripcion, monto) values (5, 10, 'pago', 'pago de sueldo por trabajo realizado', 1903);
insert into Honorario (idAsamblea, Personal_idPersonal, nombre, descripcion, monto) values (5, 11, 'pago', 'pago de sueldo por trabajo realizado', 2592);
insert into Honorario (idAsamblea, Personal_idPersonal, nombre, descripcion, monto) values (5, 12, 'pago', 'pago de sueldo por trabajo realizado', 2384);
insert into Honorario (idAsamblea, Personal_idPersonal, nombre, descripcion, monto) values (5, 13, 'pago', 'pago de sueldo por trabajo realizado', 3001);
insert into Honorario (idAsamblea, Personal_idPersonal, nombre, descripcion, monto) values (5, 14, 'pago', 'pago de sueldo por trabajo realizado', 2745);
insert into Honorario (idAsamblea, Personal_idPersonal, nombre, descripcion, monto) values (5, 15, 'pago', 'pago de sueldo por trabajo realizado', 3157);
insert into Honorario (idAsamblea, Personal_idPersonal, nombre, descripcion, monto) values (5, 16, 'pago', 'pago de sueldo por trabajo realizado', 1900);
insert into Honorario (idAsamblea, Personal_idPersonal, nombre, descripcion, monto) values (5, 17, 'pago', 'pago de sueldo por trabajo realizado', 1961);
insert into Honorario (idAsamblea, Personal_idPersonal, nombre, descripcion, monto) values (5, 18, 'pago', 'pago de sueldo por trabajo realizado', 2671);
insert into Honorario (idAsamblea, Personal_idPersonal, nombre, descripcion, monto) values (5, 19, 'pago', 'pago de sueldo por trabajo realizado', 3016);
insert into Honorario (idAsamblea, Personal_idPersonal, nombre, descripcion, monto) values (5, 20, 'pago', 'pago de sueldo por trabajo realizado', 3198);
insert into Honorario (idAsamblea, Personal_idPersonal, nombre, descripcion, monto) values (5, 21, 'pago', 'pago de sueldo por trabajo realizado', 1968);
insert into Honorario (idAsamblea, Personal_idPersonal, nombre, descripcion, monto) values (5, 22, 'pago', 'pago de sueldo por trabajo realizado', 1942);
insert into Honorario (idAsamblea, Personal_idPersonal, nombre, descripcion, monto) values (5, 23, 'pago', 'pago de sueldo por trabajo realizado', 2492);
insert into Honorario (idAsamblea, Personal_idPersonal, nombre, descripcion, monto) values (5, 24, 'pago', 'pago de sueldo por trabajo realizado', 1865);
insert into Honorario (idAsamblea, Personal_idPersonal, nombre, descripcion, monto) values (5, 25, 'pago', 'pago de sueldo por trabajo realizado', 1994);
insert into Honorario (idAsamblea, Personal_idPersonal, nombre, descripcion, monto) values (5, 26, 'pago', 'pago de sueldo por trabajo realizado', 2706);
insert into Honorario (idAsamblea, Personal_idPersonal, nombre, descripcion, monto) values (5, 27, 'pago', 'pago de sueldo por trabajo realizado', 2130);
insert into Honorario (idAsamblea, Personal_idPersonal, nombre, descripcion, monto) values (5, 28, 'pago', 'pago de sueldo por trabajo realizado', 2428);
insert into Honorario (idAsamblea, Personal_idPersonal, nombre, descripcion, monto) values (5, 29, 'pago', 'pago de sueldo por trabajo realizado', 2837);
insert into Honorario (idAsamblea, Personal_idPersonal, nombre, descripcion, monto) values (5, 30, 'pago', 'pago de sueldo por trabajo realizado', 2538);
insert into Honorario (idAsamblea, Personal_idPersonal, nombre, descripcion, monto) values (5, 31, 'pago', 'pago de sueldo por trabajo realizado', 2413);
insert into Honorario (idAsamblea, Personal_idPersonal, nombre, descripcion, monto) values (5, 32, 'pago', 'pago de sueldo por trabajo realizado', 2299);
insert into Honorario (idAsamblea, Personal_idPersonal, nombre, descripcion, monto) values (5, 33, 'pago', 'pago de sueldo por trabajo realizado', 1827);
insert into Honorario (idAsamblea, Personal_idPersonal, nombre, descripcion, monto) values (5, 34, 'pago', 'pago de sueldo por trabajo realizado', 3113);
insert into Honorario (idAsamblea, Personal_idPersonal, nombre, descripcion, monto) values (5, 35, 'pago', 'pago de sueldo por trabajo realizado', 3094);
insert into Honorario (idAsamblea, Personal_idPersonal, nombre, descripcion, monto) values (5, 36, 'pago', 'pago de sueldo por trabajo realizado', 2908);
insert into Honorario (idAsamblea, Personal_idPersonal, nombre, descripcion, monto) values (5, 37, 'pago', 'pago de sueldo por trabajo realizado', 2669);
insert into Honorario (idAsamblea, Personal_idPersonal, nombre, descripcion, monto) values (5, 38, 'pago', 'pago de sueldo por trabajo realizado', 1973);
insert into Honorario (idAsamblea, Personal_idPersonal, nombre, descripcion, monto) values (5, 39, 'pago', 'pago de sueldo por trabajo realizado', 2267);
insert into Honorario (idAsamblea, Personal_idPersonal, nombre, descripcion, monto) values (5, 40, 'pago', 'pago de sueldo por trabajo realizado', 2643);
insert into Honorario (idAsamblea, Personal_idPersonal, nombre, descripcion, monto) values (5, 41, 'pago', 'pago de sueldo por trabajo realizado', 2200);
insert into Honorario (idAsamblea, Personal_idPersonal, nombre, descripcion, monto) values (5, 42, 'pago', 'pago de sueldo por trabajo realizado', 2564);
insert into Honorario (idAsamblea, Personal_idPersonal, nombre, descripcion, monto) values (5, 43, 'pago', 'pago de sueldo por trabajo realizado', 2251);
insert into Honorario (idAsamblea, Personal_idPersonal, nombre, descripcion, monto) values (5, 44, 'pago', 'pago de sueldo por trabajo realizado', 2319);
insert into Honorario (idAsamblea, Personal_idPersonal, nombre, descripcion, monto) values (5, 45, 'pago', 'pago de sueldo por trabajo realizado', 2986);
insert into Honorario (idAsamblea, Personal_idPersonal, nombre, descripcion, monto) values (5, 46, 'pago', 'pago de sueldo por trabajo realizado', 2189);
insert into Honorario (idAsamblea, Personal_idPersonal, nombre, descripcion, monto) values (5, 47, 'pago', 'pago de sueldo por trabajo realizado', 2201);
insert into Honorario (idAsamblea, Personal_idPersonal, nombre, descripcion, monto) values (5, 48, 'pago', 'pago de sueldo por trabajo realizado', 2934);
insert into Honorario (idAsamblea, Personal_idPersonal, nombre, descripcion, monto) values (5, 49, 'pago', 'pago de sueldo por trabajo realizado', 2567);
insert into Honorario (idAsamblea, Personal_idPersonal, nombre, descripcion, monto) values (5, 50, 'pago', 'pago de sueldo por trabajo realizado', 2931);

insert into Honorario (idAsamblea, Personal_idPersonal, nombre, descripcion, monto) values (6, 1, 'pago', 'pago de sueldo por trabajo realizado', 3033);
insert into Honorario (idAsamblea, Personal_idPersonal, nombre, descripcion, monto) values (6, 2, 'pago', 'pago de sueldo por trabajo realizado', 2848);
insert into Honorario (idAsamblea, Personal_idPersonal, nombre, descripcion, monto) values (6, 3, 'pago', 'pago de sueldo por trabajo realizado', 2746);
insert into Honorario (idAsamblea, Personal_idPersonal, nombre, descripcion, monto) values (6, 4, 'pago', 'pago de sueldo por trabajo realizado', 1918);
insert into Honorario (idAsamblea, Personal_idPersonal, nombre, descripcion, monto) values (6, 5, 'pago', 'pago de sueldo por trabajo realizado', 2808);
insert into Honorario (idAsamblea, Personal_idPersonal, nombre, descripcion, monto) values (6, 6, 'pago', 'pago de sueldo por trabajo realizado', 2307);
insert into Honorario (idAsamblea, Personal_idPersonal, nombre, descripcion, monto) values (6, 7, 'pago', 'pago de sueldo por trabajo realizado', 2454);
insert into Honorario (idAsamblea, Personal_idPersonal, nombre, descripcion, monto) values (6, 8, 'pago', 'pago de sueldo por trabajo realizado', 1912);
insert into Honorario (idAsamblea, Personal_idPersonal, nombre, descripcion, monto) values (6, 9, 'pago', 'pago de sueldo por trabajo realizado', 3155);
insert into Honorario (idAsamblea, Personal_idPersonal, nombre, descripcion, monto) values (6, 10, 'pago', 'pago de sueldo por trabajo realizado', 2371);
insert into Honorario (idAsamblea, Personal_idPersonal, nombre, descripcion, monto) values (6, 11, 'pago', 'pago de sueldo por trabajo realizado', 2085);
insert into Honorario (idAsamblea, Personal_idPersonal, nombre, descripcion, monto) values (6, 12, 'pago', 'pago de sueldo por trabajo realizado', 1980);
insert into Honorario (idAsamblea, Personal_idPersonal, nombre, descripcion, monto) values (6, 13, 'pago', 'pago de sueldo por trabajo realizado', 2755);
insert into Honorario (idAsamblea, Personal_idPersonal, nombre, descripcion, monto) values (6, 14, 'pago', 'pago de sueldo por trabajo realizado', 2667);
insert into Honorario (idAsamblea, Personal_idPersonal, nombre, descripcion, monto) values (6, 15, 'pago', 'pago de sueldo por trabajo realizado', 2512);
insert into Honorario (idAsamblea, Personal_idPersonal, nombre, descripcion, monto) values (6, 16, 'pago', 'pago de sueldo por trabajo realizado', 2400);
insert into Honorario (idAsamblea, Personal_idPersonal, nombre, descripcion, monto) values (6, 17, 'pago', 'pago de sueldo por trabajo realizado', 2667);
insert into Honorario (idAsamblea, Personal_idPersonal, nombre, descripcion, monto) values (6, 18, 'pago', 'pago de sueldo por trabajo realizado', 2850);
insert into Honorario (idAsamblea, Personal_idPersonal, nombre, descripcion, monto) values (6, 19, 'pago', 'pago de sueldo por trabajo realizado', 2179);
insert into Honorario (idAsamblea, Personal_idPersonal, nombre, descripcion, monto) values (6, 20, 'pago', 'pago de sueldo por trabajo realizado', 2902);
insert into Honorario (idAsamblea, Personal_idPersonal, nombre, descripcion, monto) values (6, 21, 'pago', 'pago de sueldo por trabajo realizado', 2943);
insert into Honorario (idAsamblea, Personal_idPersonal, nombre, descripcion, monto) values (6, 22, 'pago', 'pago de sueldo por trabajo realizado', 1862);
insert into Honorario (idAsamblea, Personal_idPersonal, nombre, descripcion, monto) values (6, 23, 'pago', 'pago de sueldo por trabajo realizado', 2104);
insert into Honorario (idAsamblea, Personal_idPersonal, nombre, descripcion, monto) values (6, 24, 'pago', 'pago de sueldo por trabajo realizado', 2158);
insert into Honorario (idAsamblea, Personal_idPersonal, nombre, descripcion, monto) values (6, 25, 'pago', 'pago de sueldo por trabajo realizado', 2337);
insert into Honorario (idAsamblea, Personal_idPersonal, nombre, descripcion, monto) values (6, 26, 'pago', 'pago de sueldo por trabajo realizado', 2672);
insert into Honorario (idAsamblea, Personal_idPersonal, nombre, descripcion, monto) values (6, 27, 'pago', 'pago de sueldo por trabajo realizado', 1807);
insert into Honorario (idAsamblea, Personal_idPersonal, nombre, descripcion, monto) values (6, 28, 'pago', 'pago de sueldo por trabajo realizado', 2863);
insert into Honorario (idAsamblea, Personal_idPersonal, nombre, descripcion, monto) values (6, 29, 'pago', 'pago de sueldo por trabajo realizado', 3140);
insert into Honorario (idAsamblea, Personal_idPersonal, nombre, descripcion, monto) values (6, 30, 'pago', 'pago de sueldo por trabajo realizado', 2603);
insert into Honorario (idAsamblea, Personal_idPersonal, nombre, descripcion, monto) values (6, 31, 'pago', 'pago de sueldo por trabajo realizado', 2299);
insert into Honorario (idAsamblea, Personal_idPersonal, nombre, descripcion, monto) values (6, 32, 'pago', 'pago de sueldo por trabajo realizado', 2631);
insert into Honorario (idAsamblea, Personal_idPersonal, nombre, descripcion, monto) values (6, 33, 'pago', 'pago de sueldo por trabajo realizado', 2442);
insert into Honorario (idAsamblea, Personal_idPersonal, nombre, descripcion, monto) values (6, 34, 'pago', 'pago de sueldo por trabajo realizado', 2751);
insert into Honorario (idAsamblea, Personal_idPersonal, nombre, descripcion, monto) values (6, 35, 'pago', 'pago de sueldo por trabajo realizado', 2370);
insert into Honorario (idAsamblea, Personal_idPersonal, nombre, descripcion, monto) values (6, 36, 'pago', 'pago de sueldo por trabajo realizado', 3066);
insert into Honorario (idAsamblea, Personal_idPersonal, nombre, descripcion, monto) values (6, 37, 'pago', 'pago de sueldo por trabajo realizado', 2645);
insert into Honorario (idAsamblea, Personal_idPersonal, nombre, descripcion, monto) values (6, 38, 'pago', 'pago de sueldo por trabajo realizado', 2928);
insert into Honorario (idAsamblea, Personal_idPersonal, nombre, descripcion, monto) values (6, 39, 'pago', 'pago de sueldo por trabajo realizado', 3178);
insert into Honorario (idAsamblea, Personal_idPersonal, nombre, descripcion, monto) values (6, 40, 'pago', 'pago de sueldo por trabajo realizado', 1887);
insert into Honorario (idAsamblea, Personal_idPersonal, nombre, descripcion, monto) values (6, 41, 'pago', 'pago de sueldo por trabajo realizado', 2719);
insert into Honorario (idAsamblea, Personal_idPersonal, nombre, descripcion, monto) values (6, 42, 'pago', 'pago de sueldo por trabajo realizado', 2765);
insert into Honorario (idAsamblea, Personal_idPersonal, nombre, descripcion, monto) values (6, 43, 'pago', 'pago de sueldo por trabajo realizado', 2740);
insert into Honorario (idAsamblea, Personal_idPersonal, nombre, descripcion, monto) values (6, 44, 'pago', 'pago de sueldo por trabajo realizado', 3082);
insert into Honorario (idAsamblea, Personal_idPersonal, nombre, descripcion, monto) values (6, 45, 'pago', 'pago de sueldo por trabajo realizado', 2293);
insert into Honorario (idAsamblea, Personal_idPersonal, nombre, descripcion, monto) values (6, 46, 'pago', 'pago de sueldo por trabajo realizado', 3061);
insert into Honorario (idAsamblea, Personal_idPersonal, nombre, descripcion, monto) values (6, 47, 'pago', 'pago de sueldo por trabajo realizado', 2453);
insert into Honorario (idAsamblea, Personal_idPersonal, nombre, descripcion, monto) values (6, 48, 'pago', 'pago de sueldo por trabajo realizado', 2763);
insert into Honorario (idAsamblea, Personal_idPersonal, nombre, descripcion, monto) values (6, 49, 'pago', 'pago de sueldo por trabajo realizado', 3149);
insert into Honorario (idAsamblea, Personal_idPersonal, nombre, descripcion, monto) values (6, 50, 'pago', 'pago de sueldo por trabajo realizado', 2160);

insert into Honorario (idAsamblea, Personal_idPersonal, nombre, descripcion, monto) values (7, 1, 'pago', 'pago de sueldo por trabajo realizado', 2484);
insert into Honorario (idAsamblea, Personal_idPersonal, nombre, descripcion, monto) values (7, 2, 'pago', 'pago de sueldo por trabajo realizado', 3101);
insert into Honorario (idAsamblea, Personal_idPersonal, nombre, descripcion, monto) values (7, 3, 'pago', 'pago de sueldo por trabajo realizado', 1808);
insert into Honorario (idAsamblea, Personal_idPersonal, nombre, descripcion, monto) values (7, 4, 'pago', 'pago de sueldo por trabajo realizado', 1810);
insert into Honorario (idAsamblea, Personal_idPersonal, nombre, descripcion, monto) values (7, 5, 'pago', 'pago de sueldo por trabajo realizado', 2867);
insert into Honorario (idAsamblea, Personal_idPersonal, nombre, descripcion, monto) values (7, 6, 'pago', 'pago de sueldo por trabajo realizado', 3115);
insert into Honorario (idAsamblea, Personal_idPersonal, nombre, descripcion, monto) values (7, 7, 'pago', 'pago de sueldo por trabajo realizado', 2008);
insert into Honorario (idAsamblea, Personal_idPersonal, nombre, descripcion, monto) values (7, 8, 'pago', 'pago de sueldo por trabajo realizado', 2608);
insert into Honorario (idAsamblea, Personal_idPersonal, nombre, descripcion, monto) values (7, 9, 'pago', 'pago de sueldo por trabajo realizado', 2549);
insert into Honorario (idAsamblea, Personal_idPersonal, nombre, descripcion, monto) values (7, 10, 'pago', 'pago de sueldo por trabajo realizado', 2958);
insert into Honorario (idAsamblea, Personal_idPersonal, nombre, descripcion, monto) values (7, 11, 'pago', 'pago de sueldo por trabajo realizado', 2778);
insert into Honorario (idAsamblea, Personal_idPersonal, nombre, descripcion, monto) values (7, 12, 'pago', 'pago de sueldo por trabajo realizado', 3117);
insert into Honorario (idAsamblea, Personal_idPersonal, nombre, descripcion, monto) values (7, 13, 'pago', 'pago de sueldo por trabajo realizado', 2411);
insert into Honorario (idAsamblea, Personal_idPersonal, nombre, descripcion, monto) values (7, 14, 'pago', 'pago de sueldo por trabajo realizado', 3121);
insert into Honorario (idAsamblea, Personal_idPersonal, nombre, descripcion, monto) values (7, 15, 'pago', 'pago de sueldo por trabajo realizado', 2277);
insert into Honorario (idAsamblea, Personal_idPersonal, nombre, descripcion, monto) values (7, 16, 'pago', 'pago de sueldo por trabajo realizado', 2745);
insert into Honorario (idAsamblea, Personal_idPersonal, nombre, descripcion, monto) values (7, 17, 'pago', 'pago de sueldo por trabajo realizado', 3091);
insert into Honorario (idAsamblea, Personal_idPersonal, nombre, descripcion, monto) values (7, 18, 'pago', 'pago de sueldo por trabajo realizado', 2631);
insert into Honorario (idAsamblea, Personal_idPersonal, nombre, descripcion, monto) values (7, 19, 'pago', 'pago de sueldo por trabajo realizado', 2956);
insert into Honorario (idAsamblea, Personal_idPersonal, nombre, descripcion, monto) values (7, 20, 'pago', 'pago de sueldo por trabajo realizado', 2520);
insert into Honorario (idAsamblea, Personal_idPersonal, nombre, descripcion, monto) values (7, 21, 'pago', 'pago de sueldo por trabajo realizado', 1837);
insert into Honorario (idAsamblea, Personal_idPersonal, nombre, descripcion, monto) values (7, 22, 'pago', 'pago de sueldo por trabajo realizado', 2502);
insert into Honorario (idAsamblea, Personal_idPersonal, nombre, descripcion, monto) values (7, 23, 'pago', 'pago de sueldo por trabajo realizado', 2320);
insert into Honorario (idAsamblea, Personal_idPersonal, nombre, descripcion, monto) values (7, 24, 'pago', 'pago de sueldo por trabajo realizado', 1991);
insert into Honorario (idAsamblea, Personal_idPersonal, nombre, descripcion, monto) values (7, 25, 'pago', 'pago de sueldo por trabajo realizado', 2174);
insert into Honorario (idAsamblea, Personal_idPersonal, nombre, descripcion, monto) values (7, 26, 'pago', 'pago de sueldo por trabajo realizado', 2541);
insert into Honorario (idAsamblea, Personal_idPersonal, nombre, descripcion, monto) values (7, 27, 'pago', 'pago de sueldo por trabajo realizado', 2382);
insert into Honorario (idAsamblea, Personal_idPersonal, nombre, descripcion, monto) values (7, 28, 'pago', 'pago de sueldo por trabajo realizado', 2485);
insert into Honorario (idAsamblea, Personal_idPersonal, nombre, descripcion, monto) values (7, 29, 'pago', 'pago de sueldo por trabajo realizado', 2710);
insert into Honorario (idAsamblea, Personal_idPersonal, nombre, descripcion, monto) values (7, 30, 'pago', 'pago de sueldo por trabajo realizado', 2316);
insert into Honorario (idAsamblea, Personal_idPersonal, nombre, descripcion, monto) values (7, 31, 'pago', 'pago de sueldo por trabajo realizado', 2326);
insert into Honorario (idAsamblea, Personal_idPersonal, nombre, descripcion, monto) values (7, 32, 'pago', 'pago de sueldo por trabajo realizado', 2698);
insert into Honorario (idAsamblea, Personal_idPersonal, nombre, descripcion, monto) values (7, 33, 'pago', 'pago de sueldo por trabajo realizado', 2946);
insert into Honorario (idAsamblea, Personal_idPersonal, nombre, descripcion, monto) values (7, 34, 'pago', 'pago de sueldo por trabajo realizado', 2156);
insert into Honorario (idAsamblea, Personal_idPersonal, nombre, descripcion, monto) values (7, 35, 'pago', 'pago de sueldo por trabajo realizado', 1869);
insert into Honorario (idAsamblea, Personal_idPersonal, nombre, descripcion, monto) values (7, 36, 'pago', 'pago de sueldo por trabajo realizado', 2863);
insert into Honorario (idAsamblea, Personal_idPersonal, nombre, descripcion, monto) values (7, 37, 'pago', 'pago de sueldo por trabajo realizado', 2080);
insert into Honorario (idAsamblea, Personal_idPersonal, nombre, descripcion, monto) values (7, 38, 'pago', 'pago de sueldo por trabajo realizado', 2453);
insert into Honorario (idAsamblea, Personal_idPersonal, nombre, descripcion, monto) values (7, 39, 'pago', 'pago de sueldo por trabajo realizado', 1878);
insert into Honorario (idAsamblea, Personal_idPersonal, nombre, descripcion, monto) values (7, 40, 'pago', 'pago de sueldo por trabajo realizado', 2898);
insert into Honorario (idAsamblea, Personal_idPersonal, nombre, descripcion, monto) values (7, 41, 'pago', 'pago de sueldo por trabajo realizado', 1961);
insert into Honorario (idAsamblea, Personal_idPersonal, nombre, descripcion, monto) values (7, 42, 'pago', 'pago de sueldo por trabajo realizado', 2589);
insert into Honorario (idAsamblea, Personal_idPersonal, nombre, descripcion, monto) values (7, 43, 'pago', 'pago de sueldo por trabajo realizado', 1856);
insert into Honorario (idAsamblea, Personal_idPersonal, nombre, descripcion, monto) values (7, 44, 'pago', 'pago de sueldo por trabajo realizado', 2623);
insert into Honorario (idAsamblea, Personal_idPersonal, nombre, descripcion, monto) values (7, 45, 'pago', 'pago de sueldo por trabajo realizado', 1816);
insert into Honorario (idAsamblea, Personal_idPersonal, nombre, descripcion, monto) values (7, 46, 'pago', 'pago de sueldo por trabajo realizado', 2739);
insert into Honorario (idAsamblea, Personal_idPersonal, nombre, descripcion, monto) values (7, 47, 'pago', 'pago de sueldo por trabajo realizado', 1958);
insert into Honorario (idAsamblea, Personal_idPersonal, nombre, descripcion, monto) values (7, 48, 'pago', 'pago de sueldo por trabajo realizado', 1926);
insert into Honorario (idAsamblea, Personal_idPersonal, nombre, descripcion, monto) values (7, 49, 'pago', 'pago de sueldo por trabajo realizado', 2805);
insert into Honorario (idAsamblea, Personal_idPersonal, nombre, descripcion, monto) values (7, 50, 'pago', 'pago de sueldo por trabajo realizado', 3154);

insert into Honorario (idAsamblea, Personal_idPersonal, nombre, descripcion, monto) values (8, 1, 'pago', 'pago de sueldo por trabajo realizado', 3154);
insert into Honorario (idAsamblea, Personal_idPersonal, nombre, descripcion, monto) values (8, 2, 'pago', 'pago de sueldo por trabajo realizado', 2749);
insert into Honorario (idAsamblea, Personal_idPersonal, nombre, descripcion, monto) values (8, 3, 'pago', 'pago de sueldo por trabajo realizado', 2869);
insert into Honorario (idAsamblea, Personal_idPersonal, nombre, descripcion, monto) values (8, 4, 'pago', 'pago de sueldo por trabajo realizado', 2312);
insert into Honorario (idAsamblea, Personal_idPersonal, nombre, descripcion, monto) values (8, 5, 'pago', 'pago de sueldo por trabajo realizado', 2134);
insert into Honorario (idAsamblea, Personal_idPersonal, nombre, descripcion, monto) values (8, 6, 'pago', 'pago de sueldo por trabajo realizado', 2216);
insert into Honorario (idAsamblea, Personal_idPersonal, nombre, descripcion, monto) values (8, 7, 'pago', 'pago de sueldo por trabajo realizado', 2766);
insert into Honorario (idAsamblea, Personal_idPersonal, nombre, descripcion, monto) values (8, 8, 'pago', 'pago de sueldo por trabajo realizado', 2649);
insert into Honorario (idAsamblea, Personal_idPersonal, nombre, descripcion, monto) values (8, 9, 'pago', 'pago de sueldo por trabajo realizado', 2710);
insert into Honorario (idAsamblea, Personal_idPersonal, nombre, descripcion, monto) values (8, 10, 'pago', 'pago de sueldo por trabajo realizado', 2231);
insert into Honorario (idAsamblea, Personal_idPersonal, nombre, descripcion, monto) values (8, 11, 'pago', 'pago de sueldo por trabajo realizado', 2780);
insert into Honorario (idAsamblea, Personal_idPersonal, nombre, descripcion, monto) values (8, 12, 'pago', 'pago de sueldo por trabajo realizado', 2144);
insert into Honorario (idAsamblea, Personal_idPersonal, nombre, descripcion, monto) values (8, 13, 'pago', 'pago de sueldo por trabajo realizado', 2892);
insert into Honorario (idAsamblea, Personal_idPersonal, nombre, descripcion, monto) values (8, 14, 'pago', 'pago de sueldo por trabajo realizado', 2395);
insert into Honorario (idAsamblea, Personal_idPersonal, nombre, descripcion, monto) values (8, 15, 'pago', 'pago de sueldo por trabajo realizado', 2252);
insert into Honorario (idAsamblea, Personal_idPersonal, nombre, descripcion, monto) values (8, 16, 'pago', 'pago de sueldo por trabajo realizado', 2393);
insert into Honorario (idAsamblea, Personal_idPersonal, nombre, descripcion, monto) values (8, 17, 'pago', 'pago de sueldo por trabajo realizado', 1831);
insert into Honorario (idAsamblea, Personal_idPersonal, nombre, descripcion, monto) values (8, 18, 'pago', 'pago de sueldo por trabajo realizado', 2050);
insert into Honorario (idAsamblea, Personal_idPersonal, nombre, descripcion, monto) values (8, 19, 'pago', 'pago de sueldo por trabajo realizado', 3085);
insert into Honorario (idAsamblea, Personal_idPersonal, nombre, descripcion, monto) values (8, 20, 'pago', 'pago de sueldo por trabajo realizado', 2516);
insert into Honorario (idAsamblea, Personal_idPersonal, nombre, descripcion, monto) values (8, 21, 'pago', 'pago de sueldo por trabajo realizado', 2917);
insert into Honorario (idAsamblea, Personal_idPersonal, nombre, descripcion, monto) values (8, 22, 'pago', 'pago de sueldo por trabajo realizado', 2014);
insert into Honorario (idAsamblea, Personal_idPersonal, nombre, descripcion, monto) values (8, 23, 'pago', 'pago de sueldo por trabajo realizado', 3169);
insert into Honorario (idAsamblea, Personal_idPersonal, nombre, descripcion, monto) values (8, 24, 'pago', 'pago de sueldo por trabajo realizado', 3118);
insert into Honorario (idAsamblea, Personal_idPersonal, nombre, descripcion, monto) values (8, 25, 'pago', 'pago de sueldo por trabajo realizado', 3166);
insert into Honorario (idAsamblea, Personal_idPersonal, nombre, descripcion, monto) values (8, 26, 'pago', 'pago de sueldo por trabajo realizado', 2888);
insert into Honorario (idAsamblea, Personal_idPersonal, nombre, descripcion, monto) values (8, 27, 'pago', 'pago de sueldo por trabajo realizado', 2385);
insert into Honorario (idAsamblea, Personal_idPersonal, nombre, descripcion, monto) values (8, 28, 'pago', 'pago de sueldo por trabajo realizado', 2632);
insert into Honorario (idAsamblea, Personal_idPersonal, nombre, descripcion, monto) values (8, 29, 'pago', 'pago de sueldo por trabajo realizado', 2652);
insert into Honorario (idAsamblea, Personal_idPersonal, nombre, descripcion, monto) values (8, 30, 'pago', 'pago de sueldo por trabajo realizado', 2488);
insert into Honorario (idAsamblea, Personal_idPersonal, nombre, descripcion, monto) values (8, 31, 'pago', 'pago de sueldo por trabajo realizado', 2071);
insert into Honorario (idAsamblea, Personal_idPersonal, nombre, descripcion, monto) values (8, 32, 'pago', 'pago de sueldo por trabajo realizado', 2404);
insert into Honorario (idAsamblea, Personal_idPersonal, nombre, descripcion, monto) values (8, 33, 'pago', 'pago de sueldo por trabajo realizado', 3168);
insert into Honorario (idAsamblea, Personal_idPersonal, nombre, descripcion, monto) values (8, 34, 'pago', 'pago de sueldo por trabajo realizado', 2829);
insert into Honorario (idAsamblea, Personal_idPersonal, nombre, descripcion, monto) values (8, 35, 'pago', 'pago de sueldo por trabajo realizado', 1994);
insert into Honorario (idAsamblea, Personal_idPersonal, nombre, descripcion, monto) values (8, 36, 'pago', 'pago de sueldo por trabajo realizado', 2588);
insert into Honorario (idAsamblea, Personal_idPersonal, nombre, descripcion, monto) values (8, 37, 'pago', 'pago de sueldo por trabajo realizado', 2561);
insert into Honorario (idAsamblea, Personal_idPersonal, nombre, descripcion, monto) values (8, 38, 'pago', 'pago de sueldo por trabajo realizado', 2024);
insert into Honorario (idAsamblea, Personal_idPersonal, nombre, descripcion, monto) values (8, 39, 'pago', 'pago de sueldo por trabajo realizado', 2487);
insert into Honorario (idAsamblea, Personal_idPersonal, nombre, descripcion, monto) values (8, 40, 'pago', 'pago de sueldo por trabajo realizado', 2890);
insert into Honorario (idAsamblea, Personal_idPersonal, nombre, descripcion, monto) values (8, 41, 'pago', 'pago de sueldo por trabajo realizado', 2802);
insert into Honorario (idAsamblea, Personal_idPersonal, nombre, descripcion, monto) values (8, 42, 'pago', 'pago de sueldo por trabajo realizado', 2131);
insert into Honorario (idAsamblea, Personal_idPersonal, nombre, descripcion, monto) values (8, 43, 'pago', 'pago de sueldo por trabajo realizado', 2065);
insert into Honorario (idAsamblea, Personal_idPersonal, nombre, descripcion, monto) values (8, 44, 'pago', 'pago de sueldo por trabajo realizado', 1800);
insert into Honorario (idAsamblea, Personal_idPersonal, nombre, descripcion, monto) values (8, 45, 'pago', 'pago de sueldo por trabajo realizado', 2790);
insert into Honorario (idAsamblea, Personal_idPersonal, nombre, descripcion, monto) values (8, 46, 'pago', 'pago de sueldo por trabajo realizado', 3118);
insert into Honorario (idAsamblea, Personal_idPersonal, nombre, descripcion, monto) values (8, 47, 'pago', 'pago de sueldo por trabajo realizado', 2209);
insert into Honorario (idAsamblea, Personal_idPersonal, nombre, descripcion, monto) values (8, 48, 'pago', 'pago de sueldo por trabajo realizado', 2868);
insert into Honorario (idAsamblea, Personal_idPersonal, nombre, descripcion, monto) values (8, 49, 'pago', 'pago de sueldo por trabajo realizado', 2891);
insert into Honorario (idAsamblea, Personal_idPersonal, nombre, descripcion, monto) values (8, 50, 'pago', 'pago de sueldo por trabajo realizado', 2699);

insert into Honorario (idAsamblea, Personal_idPersonal, nombre, descripcion, monto) values (9, 1, 'pago', 'pago de sueldo por trabajo realizado', 2839);
insert into Honorario (idAsamblea, Personal_idPersonal, nombre, descripcion, monto) values (9, 2, 'pago', 'pago de sueldo por trabajo realizado', 3011);
insert into Honorario (idAsamblea, Personal_idPersonal, nombre, descripcion, monto) values (9, 3, 'pago', 'pago de sueldo por trabajo realizado', 2573);
insert into Honorario (idAsamblea, Personal_idPersonal, nombre, descripcion, monto) values (9, 4, 'pago', 'pago de sueldo por trabajo realizado', 3017);
insert into Honorario (idAsamblea, Personal_idPersonal, nombre, descripcion, monto) values (9, 5, 'pago', 'pago de sueldo por trabajo realizado', 1933);
insert into Honorario (idAsamblea, Personal_idPersonal, nombre, descripcion, monto) values (9, 6, 'pago', 'pago de sueldo por trabajo realizado', 1862);
insert into Honorario (idAsamblea, Personal_idPersonal, nombre, descripcion, monto) values (9, 7, 'pago', 'pago de sueldo por trabajo realizado', 3088);
insert into Honorario (idAsamblea, Personal_idPersonal, nombre, descripcion, monto) values (9, 8, 'pago', 'pago de sueldo por trabajo realizado', 2858);
insert into Honorario (idAsamblea, Personal_idPersonal, nombre, descripcion, monto) values (9, 9, 'pago', 'pago de sueldo por trabajo realizado', 2849);
insert into Honorario (idAsamblea, Personal_idPersonal, nombre, descripcion, monto) values (9, 10, 'pago', 'pago de sueldo por trabajo realizado', 3122);
insert into Honorario (idAsamblea, Personal_idPersonal, nombre, descripcion, monto) values (9, 11, 'pago', 'pago de sueldo por trabajo realizado', 1846);
insert into Honorario (idAsamblea, Personal_idPersonal, nombre, descripcion, monto) values (9, 12, 'pago', 'pago de sueldo por trabajo realizado', 2613);
insert into Honorario (idAsamblea, Personal_idPersonal, nombre, descripcion, monto) values (9, 13, 'pago', 'pago de sueldo por trabajo realizado', 3132);
insert into Honorario (idAsamblea, Personal_idPersonal, nombre, descripcion, monto) values (9, 14, 'pago', 'pago de sueldo por trabajo realizado', 3080);
insert into Honorario (idAsamblea, Personal_idPersonal, nombre, descripcion, monto) values (9, 15, 'pago', 'pago de sueldo por trabajo realizado', 2695);
insert into Honorario (idAsamblea, Personal_idPersonal, nombre, descripcion, monto) values (9, 16, 'pago', 'pago de sueldo por trabajo realizado', 3038);
insert into Honorario (idAsamblea, Personal_idPersonal, nombre, descripcion, monto) values (9, 17, 'pago', 'pago de sueldo por trabajo realizado', 2611);
insert into Honorario (idAsamblea, Personal_idPersonal, nombre, descripcion, monto) values (9, 18, 'pago', 'pago de sueldo por trabajo realizado', 2202);
insert into Honorario (idAsamblea, Personal_idPersonal, nombre, descripcion, monto) values (9, 19, 'pago', 'pago de sueldo por trabajo realizado', 1944);
insert into Honorario (idAsamblea, Personal_idPersonal, nombre, descripcion, monto) values (9, 20, 'pago', 'pago de sueldo por trabajo realizado', 2861);
insert into Honorario (idAsamblea, Personal_idPersonal, nombre, descripcion, monto) values (9, 21, 'pago', 'pago de sueldo por trabajo realizado', 2924);
insert into Honorario (idAsamblea, Personal_idPersonal, nombre, descripcion, monto) values (9, 22, 'pago', 'pago de sueldo por trabajo realizado', 2984);
insert into Honorario (idAsamblea, Personal_idPersonal, nombre, descripcion, monto) values (9, 23, 'pago', 'pago de sueldo por trabajo realizado', 2736);
insert into Honorario (idAsamblea, Personal_idPersonal, nombre, descripcion, monto) values (9, 24, 'pago', 'pago de sueldo por trabajo realizado', 2458);
insert into Honorario (idAsamblea, Personal_idPersonal, nombre, descripcion, monto) values (9, 25, 'pago', 'pago de sueldo por trabajo realizado', 1833);
insert into Honorario (idAsamblea, Personal_idPersonal, nombre, descripcion, monto) values (9, 26, 'pago', 'pago de sueldo por trabajo realizado', 2603);
insert into Honorario (idAsamblea, Personal_idPersonal, nombre, descripcion, monto) values (9, 27, 'pago', 'pago de sueldo por trabajo realizado', 1825);
insert into Honorario (idAsamblea, Personal_idPersonal, nombre, descripcion, monto) values (9, 28, 'pago', 'pago de sueldo por trabajo realizado', 1964);
insert into Honorario (idAsamblea, Personal_idPersonal, nombre, descripcion, monto) values (9, 29, 'pago', 'pago de sueldo por trabajo realizado', 2214);
insert into Honorario (idAsamblea, Personal_idPersonal, nombre, descripcion, monto) values (9, 30, 'pago', 'pago de sueldo por trabajo realizado', 2472);
insert into Honorario (idAsamblea, Personal_idPersonal, nombre, descripcion, monto) values (9, 31, 'pago', 'pago de sueldo por trabajo realizado', 3057);
insert into Honorario (idAsamblea, Personal_idPersonal, nombre, descripcion, monto) values (9, 32, 'pago', 'pago de sueldo por trabajo realizado', 1823);
insert into Honorario (idAsamblea, Personal_idPersonal, nombre, descripcion, monto) values (9, 33, 'pago', 'pago de sueldo por trabajo realizado', 2473);
insert into Honorario (idAsamblea, Personal_idPersonal, nombre, descripcion, monto) values (9, 34, 'pago', 'pago de sueldo por trabajo realizado', 2061);
insert into Honorario (idAsamblea, Personal_idPersonal, nombre, descripcion, monto) values (9, 35, 'pago', 'pago de sueldo por trabajo realizado', 1919);
insert into Honorario (idAsamblea, Personal_idPersonal, nombre, descripcion, monto) values (9, 36, 'pago', 'pago de sueldo por trabajo realizado', 3032);
insert into Honorario (idAsamblea, Personal_idPersonal, nombre, descripcion, monto) values (9, 37, 'pago', 'pago de sueldo por trabajo realizado', 2702);
insert into Honorario (idAsamblea, Personal_idPersonal, nombre, descripcion, monto) values (9, 38, 'pago', 'pago de sueldo por trabajo realizado', 1875);
insert into Honorario (idAsamblea, Personal_idPersonal, nombre, descripcion, monto) values (9, 39, 'pago', 'pago de sueldo por trabajo realizado', 2170);
insert into Honorario (idAsamblea, Personal_idPersonal, nombre, descripcion, monto) values (9, 40, 'pago', 'pago de sueldo por trabajo realizado', 2971);
insert into Honorario (idAsamblea, Personal_idPersonal, nombre, descripcion, monto) values (9, 41, 'pago', 'pago de sueldo por trabajo realizado', 2942);
insert into Honorario (idAsamblea, Personal_idPersonal, nombre, descripcion, monto) values (9, 42, 'pago', 'pago de sueldo por trabajo realizado', 2798);
insert into Honorario (idAsamblea, Personal_idPersonal, nombre, descripcion, monto) values (9, 43, 'pago', 'pago de sueldo por trabajo realizado', 2340);
insert into Honorario (idAsamblea, Personal_idPersonal, nombre, descripcion, monto) values (9, 44, 'pago', 'pago de sueldo por trabajo realizado', 1895);
insert into Honorario (idAsamblea, Personal_idPersonal, nombre, descripcion, monto) values (9, 45, 'pago', 'pago de sueldo por trabajo realizado', 2485);
insert into Honorario (idAsamblea, Personal_idPersonal, nombre, descripcion, monto) values (9, 46, 'pago', 'pago de sueldo por trabajo realizado', 2349);
insert into Honorario (idAsamblea, Personal_idPersonal, nombre, descripcion, monto) values (9, 47, 'pago', 'pago de sueldo por trabajo realizado', 2395);
insert into Honorario (idAsamblea, Personal_idPersonal, nombre, descripcion, monto) values (9, 48, 'pago', 'pago de sueldo por trabajo realizado', 3150);
insert into Honorario (idAsamblea, Personal_idPersonal, nombre, descripcion, monto) values (9, 49, 'pago', 'pago de sueldo por trabajo realizado', 3084);
insert into Honorario (idAsamblea, Personal_idPersonal, nombre, descripcion, monto) values (9, 50, 'pago', 'pago de sueldo por trabajo realizado', 2634);

insert into Honorario (idAsamblea, Personal_idPersonal, nombre, descripcion, monto) values (10, 1, 'pago', 'pago de sueldo por trabajo realizado', 2689);
insert into Honorario (idAsamblea, Personal_idPersonal, nombre, descripcion, monto) values (10, 2, 'pago', 'pago de sueldo por trabajo realizado', 3043);
insert into Honorario (idAsamblea, Personal_idPersonal, nombre, descripcion, monto) values (10, 3, 'pago', 'pago de sueldo por trabajo realizado', 2032);
insert into Honorario (idAsamblea, Personal_idPersonal, nombre, descripcion, monto) values (10, 4, 'pago', 'pago de sueldo por trabajo realizado', 2941);
insert into Honorario (idAsamblea, Personal_idPersonal, nombre, descripcion, monto) values (10, 5, 'pago', 'pago de sueldo por trabajo realizado', 3104);
insert into Honorario (idAsamblea, Personal_idPersonal, nombre, descripcion, monto) values (10, 6, 'pago', 'pago de sueldo por trabajo realizado', 2744);
insert into Honorario (idAsamblea, Personal_idPersonal, nombre, descripcion, monto) values (10, 7, 'pago', 'pago de sueldo por trabajo realizado', 1965);
insert into Honorario (idAsamblea, Personal_idPersonal, nombre, descripcion, monto) values (10, 8, 'pago', 'pago de sueldo por trabajo realizado', 2713);
insert into Honorario (idAsamblea, Personal_idPersonal, nombre, descripcion, monto) values (10, 9, 'pago', 'pago de sueldo por trabajo realizado', 2129);
insert into Honorario (idAsamblea, Personal_idPersonal, nombre, descripcion, monto) values (10, 10, 'pago', 'pago de sueldo por trabajo realizado', 2826);
insert into Honorario (idAsamblea, Personal_idPersonal, nombre, descripcion, monto) values (10, 11, 'pago', 'pago de sueldo por trabajo realizado', 2106);
insert into Honorario (idAsamblea, Personal_idPersonal, nombre, descripcion, monto) values (10, 12, 'pago', 'pago de sueldo por trabajo realizado', 2907);
insert into Honorario (idAsamblea, Personal_idPersonal, nombre, descripcion, monto) values (10, 13, 'pago', 'pago de sueldo por trabajo realizado', 3141);
insert into Honorario (idAsamblea, Personal_idPersonal, nombre, descripcion, monto) values (10, 14, 'pago', 'pago de sueldo por trabajo realizado', 2736);
insert into Honorario (idAsamblea, Personal_idPersonal, nombre, descripcion, monto) values (10, 15, 'pago', 'pago de sueldo por trabajo realizado', 3015);
insert into Honorario (idAsamblea, Personal_idPersonal, nombre, descripcion, monto) values (10, 16, 'pago', 'pago de sueldo por trabajo realizado', 2534);
insert into Honorario (idAsamblea, Personal_idPersonal, nombre, descripcion, monto) values (10, 17, 'pago', 'pago de sueldo por trabajo realizado', 2579);
insert into Honorario (idAsamblea, Personal_idPersonal, nombre, descripcion, monto) values (10, 18, 'pago', 'pago de sueldo por trabajo realizado', 2652);
insert into Honorario (idAsamblea, Personal_idPersonal, nombre, descripcion, monto) values (10, 19, 'pago', 'pago de sueldo por trabajo realizado', 1925);
insert into Honorario (idAsamblea, Personal_idPersonal, nombre, descripcion, monto) values (10, 20, 'pago', 'pago de sueldo por trabajo realizado', 1892);
insert into Honorario (idAsamblea, Personal_idPersonal, nombre, descripcion, monto) values (10, 21, 'pago', 'pago de sueldo por trabajo realizado', 2007);
insert into Honorario (idAsamblea, Personal_idPersonal, nombre, descripcion, monto) values (10, 22, 'pago', 'pago de sueldo por trabajo realizado', 2991);
insert into Honorario (idAsamblea, Personal_idPersonal, nombre, descripcion, monto) values (10, 23, 'pago', 'pago de sueldo por trabajo realizado', 2722);
insert into Honorario (idAsamblea, Personal_idPersonal, nombre, descripcion, monto) values (10, 24, 'pago', 'pago de sueldo por trabajo realizado', 2819);
insert into Honorario (idAsamblea, Personal_idPersonal, nombre, descripcion, monto) values (10, 25, 'pago', 'pago de sueldo por trabajo realizado', 2455);
insert into Honorario (idAsamblea, Personal_idPersonal, nombre, descripcion, monto) values (10, 26, 'pago', 'pago de sueldo por trabajo realizado', 2270);
insert into Honorario (idAsamblea, Personal_idPersonal, nombre, descripcion, monto) values (10, 27, 'pago', 'pago de sueldo por trabajo realizado', 2828);
insert into Honorario (idAsamblea, Personal_idPersonal, nombre, descripcion, monto) values (10, 28, 'pago', 'pago de sueldo por trabajo realizado', 3028);
insert into Honorario (idAsamblea, Personal_idPersonal, nombre, descripcion, monto) values (10, 29, 'pago', 'pago de sueldo por trabajo realizado', 3048);
insert into Honorario (idAsamblea, Personal_idPersonal, nombre, descripcion, monto) values (10, 30, 'pago', 'pago de sueldo por trabajo realizado', 1921);
insert into Honorario (idAsamblea, Personal_idPersonal, nombre, descripcion, monto) values (10, 31, 'pago', 'pago de sueldo por trabajo realizado', 3185);
insert into Honorario (idAsamblea, Personal_idPersonal, nombre, descripcion, monto) values (10, 32, 'pago', 'pago de sueldo por trabajo realizado', 2395);
insert into Honorario (idAsamblea, Personal_idPersonal, nombre, descripcion, monto) values (10, 33, 'pago', 'pago de sueldo por trabajo realizado', 2156);
insert into Honorario (idAsamblea, Personal_idPersonal, nombre, descripcion, monto) values (10, 34, 'pago', 'pago de sueldo por trabajo realizado', 2302);
insert into Honorario (idAsamblea, Personal_idPersonal, nombre, descripcion, monto) values (10, 35, 'pago', 'pago de sueldo por trabajo realizado', 1869);
insert into Honorario (idAsamblea, Personal_idPersonal, nombre, descripcion, monto) values (10, 36, 'pago', 'pago de sueldo por trabajo realizado', 2467);
insert into Honorario (idAsamblea, Personal_idPersonal, nombre, descripcion, monto) values (10, 37, 'pago', 'pago de sueldo por trabajo realizado', 3180);
insert into Honorario (idAsamblea, Personal_idPersonal, nombre, descripcion, monto) values (10, 38, 'pago', 'pago de sueldo por trabajo realizado', 2956);
insert into Honorario (idAsamblea, Personal_idPersonal, nombre, descripcion, monto) values (10, 39, 'pago', 'pago de sueldo por trabajo realizado', 2350);
insert into Honorario (idAsamblea, Personal_idPersonal, nombre, descripcion, monto) values (10, 40, 'pago', 'pago de sueldo por trabajo realizado', 2168);
insert into Honorario (idAsamblea, Personal_idPersonal, nombre, descripcion, monto) values (10, 41, 'pago', 'pago de sueldo por trabajo realizado', 1974);
insert into Honorario (idAsamblea, Personal_idPersonal, nombre, descripcion, monto) values (10, 42, 'pago', 'pago de sueldo por trabajo realizado', 2886);
insert into Honorario (idAsamblea, Personal_idPersonal, nombre, descripcion, monto) values (10, 43, 'pago', 'pago de sueldo por trabajo realizado', 2057);
insert into Honorario (idAsamblea, Personal_idPersonal, nombre, descripcion, monto) values (10, 44, 'pago', 'pago de sueldo por trabajo realizado', 2252);
insert into Honorario (idAsamblea, Personal_idPersonal, nombre, descripcion, monto) values (10, 45, 'pago', 'pago de sueldo por trabajo realizado', 3163);
insert into Honorario (idAsamblea, Personal_idPersonal, nombre, descripcion, monto) values (10, 46, 'pago', 'pago de sueldo por trabajo realizado', 2536);
insert into Honorario (idAsamblea, Personal_idPersonal, nombre, descripcion, monto) values (10, 47, 'pago', 'pago de sueldo por trabajo realizado', 2325);
insert into Honorario (idAsamblea, Personal_idPersonal, nombre, descripcion, monto) values (10, 48, 'pago', 'pago de sueldo por trabajo realizado', 2523);
insert into Honorario (idAsamblea, Personal_idPersonal, nombre, descripcion, monto) values (10, 49, 'pago', 'pago de sueldo por trabajo realizado', 2426);
insert into Honorario (idAsamblea, Personal_idPersonal, nombre, descripcion, monto) values (10, 50, 'pago', 'pago de sueldo por trabajo realizado', 2005);

insert into Honorario (idAsamblea, Personal_idPersonal, nombre, descripcion, monto) values (11, 1, 'pago', 'pago de sueldo por trabajo realizado', 3096);
insert into Honorario (idAsamblea, Personal_idPersonal, nombre, descripcion, monto) values (11, 2, 'pago', 'pago de sueldo por trabajo realizado', 2580);
insert into Honorario (idAsamblea, Personal_idPersonal, nombre, descripcion, monto) values (11, 3, 'pago', 'pago de sueldo por trabajo realizado', 3132);
insert into Honorario (idAsamblea, Personal_idPersonal, nombre, descripcion, monto) values (11, 4, 'pago', 'pago de sueldo por trabajo realizado', 2667);
insert into Honorario (idAsamblea, Personal_idPersonal, nombre, descripcion, monto) values (11, 5, 'pago', 'pago de sueldo por trabajo realizado', 2400);
insert into Honorario (idAsamblea, Personal_idPersonal, nombre, descripcion, monto) values (11, 6, 'pago', 'pago de sueldo por trabajo realizado', 2955);
insert into Honorario (idAsamblea, Personal_idPersonal, nombre, descripcion, monto) values (11, 7, 'pago', 'pago de sueldo por trabajo realizado', 2185);
insert into Honorario (idAsamblea, Personal_idPersonal, nombre, descripcion, monto) values (11, 8, 'pago', 'pago de sueldo por trabajo realizado', 2334);
insert into Honorario (idAsamblea, Personal_idPersonal, nombre, descripcion, monto) values (11, 9, 'pago', 'pago de sueldo por trabajo realizado', 2793);
insert into Honorario (idAsamblea, Personal_idPersonal, nombre, descripcion, monto) values (11, 10, 'pago', 'pago de sueldo por trabajo realizado', 1877);
insert into Honorario (idAsamblea, Personal_idPersonal, nombre, descripcion, monto) values (11, 11, 'pago', 'pago de sueldo por trabajo realizado', 3122);
insert into Honorario (idAsamblea, Personal_idPersonal, nombre, descripcion, monto) values (11, 12, 'pago', 'pago de sueldo por trabajo realizado', 3197);
insert into Honorario (idAsamblea, Personal_idPersonal, nombre, descripcion, monto) values (11, 13, 'pago', 'pago de sueldo por trabajo realizado', 2854);
insert into Honorario (idAsamblea, Personal_idPersonal, nombre, descripcion, monto) values (11, 14, 'pago', 'pago de sueldo por trabajo realizado', 2983);
insert into Honorario (idAsamblea, Personal_idPersonal, nombre, descripcion, monto) values (11, 15, 'pago', 'pago de sueldo por trabajo realizado', 2697);
insert into Honorario (idAsamblea, Personal_idPersonal, nombre, descripcion, monto) values (11, 16, 'pago', 'pago de sueldo por trabajo realizado', 2501);
insert into Honorario (idAsamblea, Personal_idPersonal, nombre, descripcion, monto) values (11, 17, 'pago', 'pago de sueldo por trabajo realizado', 3076);
insert into Honorario (idAsamblea, Personal_idPersonal, nombre, descripcion, monto) values (11, 18, 'pago', 'pago de sueldo por trabajo realizado', 1896);
insert into Honorario (idAsamblea, Personal_idPersonal, nombre, descripcion, monto) values (11, 19, 'pago', 'pago de sueldo por trabajo realizado', 2406);
insert into Honorario (idAsamblea, Personal_idPersonal, nombre, descripcion, monto) values (11, 20, 'pago', 'pago de sueldo por trabajo realizado', 3183);
insert into Honorario (idAsamblea, Personal_idPersonal, nombre, descripcion, monto) values (11, 21, 'pago', 'pago de sueldo por trabajo realizado', 3164);
insert into Honorario (idAsamblea, Personal_idPersonal, nombre, descripcion, monto) values (11, 22, 'pago', 'pago de sueldo por trabajo realizado', 2722);
insert into Honorario (idAsamblea, Personal_idPersonal, nombre, descripcion, monto) values (11, 23, 'pago', 'pago de sueldo por trabajo realizado', 2266);
insert into Honorario (idAsamblea, Personal_idPersonal, nombre, descripcion, monto) values (11, 24, 'pago', 'pago de sueldo por trabajo realizado', 2227);
insert into Honorario (idAsamblea, Personal_idPersonal, nombre, descripcion, monto) values (11, 25, 'pago', 'pago de sueldo por trabajo realizado', 2768);
insert into Honorario (idAsamblea, Personal_idPersonal, nombre, descripcion, monto) values (11, 26, 'pago', 'pago de sueldo por trabajo realizado', 3061);
insert into Honorario (idAsamblea, Personal_idPersonal, nombre, descripcion, monto) values (11, 27, 'pago', 'pago de sueldo por trabajo realizado', 2526);
insert into Honorario (idAsamblea, Personal_idPersonal, nombre, descripcion, monto) values (11, 28, 'pago', 'pago de sueldo por trabajo realizado', 2978);
insert into Honorario (idAsamblea, Personal_idPersonal, nombre, descripcion, monto) values (11, 29, 'pago', 'pago de sueldo por trabajo realizado', 3082);
insert into Honorario (idAsamblea, Personal_idPersonal, nombre, descripcion, monto) values (11, 30, 'pago', 'pago de sueldo por trabajo realizado', 2292);
insert into Honorario (idAsamblea, Personal_idPersonal, nombre, descripcion, monto) values (11, 31, 'pago', 'pago de sueldo por trabajo realizado', 2100);
insert into Honorario (idAsamblea, Personal_idPersonal, nombre, descripcion, monto) values (11, 32, 'pago', 'pago de sueldo por trabajo realizado', 3006);
insert into Honorario (idAsamblea, Personal_idPersonal, nombre, descripcion, monto) values (11, 33, 'pago', 'pago de sueldo por trabajo realizado', 2909);
insert into Honorario (idAsamblea, Personal_idPersonal, nombre, descripcion, monto) values (11, 34, 'pago', 'pago de sueldo por trabajo realizado', 2485);
insert into Honorario (idAsamblea, Personal_idPersonal, nombre, descripcion, monto) values (11, 35, 'pago', 'pago de sueldo por trabajo realizado', 3144);
insert into Honorario (idAsamblea, Personal_idPersonal, nombre, descripcion, monto) values (11, 36, 'pago', 'pago de sueldo por trabajo realizado', 2525);
insert into Honorario (idAsamblea, Personal_idPersonal, nombre, descripcion, monto) values (11, 37, 'pago', 'pago de sueldo por trabajo realizado', 3010);
insert into Honorario (idAsamblea, Personal_idPersonal, nombre, descripcion, monto) values (11, 38, 'pago', 'pago de sueldo por trabajo realizado', 2575);
insert into Honorario (idAsamblea, Personal_idPersonal, nombre, descripcion, monto) values (11, 39, 'pago', 'pago de sueldo por trabajo realizado', 2693);
insert into Honorario (idAsamblea, Personal_idPersonal, nombre, descripcion, monto) values (11, 40, 'pago', 'pago de sueldo por trabajo realizado', 2990);
insert into Honorario (idAsamblea, Personal_idPersonal, nombre, descripcion, monto) values (11, 41, 'pago', 'pago de sueldo por trabajo realizado', 2038);
insert into Honorario (idAsamblea, Personal_idPersonal, nombre, descripcion, monto) values (11, 42, 'pago', 'pago de sueldo por trabajo realizado', 2518);
insert into Honorario (idAsamblea, Personal_idPersonal, nombre, descripcion, monto) values (11, 43, 'pago', 'pago de sueldo por trabajo realizado', 1809);
insert into Honorario (idAsamblea, Personal_idPersonal, nombre, descripcion, monto) values (11, 44, 'pago', 'pago de sueldo por trabajo realizado', 2833);
insert into Honorario (idAsamblea, Personal_idPersonal, nombre, descripcion, monto) values (11, 45, 'pago', 'pago de sueldo por trabajo realizado', 1955);
insert into Honorario (idAsamblea, Personal_idPersonal, nombre, descripcion, monto) values (11, 46, 'pago', 'pago de sueldo por trabajo realizado', 1816);
insert into Honorario (idAsamblea, Personal_idPersonal, nombre, descripcion, monto) values (11, 47, 'pago', 'pago de sueldo por trabajo realizado', 2943);
insert into Honorario (idAsamblea, Personal_idPersonal, nombre, descripcion, monto) values (11, 48, 'pago', 'pago de sueldo por trabajo realizado', 2295);
insert into Honorario (idAsamblea, Personal_idPersonal, nombre, descripcion, monto) values (11, 49, 'pago', 'pago de sueldo por trabajo realizado', 2683);
insert into Honorario (idAsamblea, Personal_idPersonal, nombre, descripcion, monto) values (11, 50, 'pago', 'pago de sueldo por trabajo realizado', 3139);

insert into Honorario (idAsamblea, Personal_idPersonal, nombre, descripcion, monto) values (12, 1, 'pago', 'pago de sueldo por trabajo realizado', 2437);
insert into Honorario (idAsamblea, Personal_idPersonal, nombre, descripcion, monto) values (12, 2, 'pago', 'pago de sueldo por trabajo realizado', 2103);
insert into Honorario (idAsamblea, Personal_idPersonal, nombre, descripcion, monto) values (12, 3, 'pago', 'pago de sueldo por trabajo realizado', 1850);
insert into Honorario (idAsamblea, Personal_idPersonal, nombre, descripcion, monto) values (12, 4, 'pago', 'pago de sueldo por trabajo realizado', 2777);
insert into Honorario (idAsamblea, Personal_idPersonal, nombre, descripcion, monto) values (12, 5, 'pago', 'pago de sueldo por trabajo realizado', 2599);
insert into Honorario (idAsamblea, Personal_idPersonal, nombre, descripcion, monto) values (12, 6, 'pago', 'pago de sueldo por trabajo realizado', 2336);
insert into Honorario (idAsamblea, Personal_idPersonal, nombre, descripcion, monto) values (12, 7, 'pago', 'pago de sueldo por trabajo realizado', 2146);
insert into Honorario (idAsamblea, Personal_idPersonal, nombre, descripcion, monto) values (12, 8, 'pago', 'pago de sueldo por trabajo realizado', 2857);
insert into Honorario (idAsamblea, Personal_idPersonal, nombre, descripcion, monto) values (12, 9, 'pago', 'pago de sueldo por trabajo realizado', 3073);
insert into Honorario (idAsamblea, Personal_idPersonal, nombre, descripcion, monto) values (12, 10, 'pago', 'pago de sueldo por trabajo realizado', 2430);
insert into Honorario (idAsamblea, Personal_idPersonal, nombre, descripcion, monto) values (12, 11, 'pago', 'pago de sueldo por trabajo realizado', 3160);
insert into Honorario (idAsamblea, Personal_idPersonal, nombre, descripcion, monto) values (12, 12, 'pago', 'pago de sueldo por trabajo realizado', 2797);
insert into Honorario (idAsamblea, Personal_idPersonal, nombre, descripcion, monto) values (12, 13, 'pago', 'pago de sueldo por trabajo realizado', 2475);
insert into Honorario (idAsamblea, Personal_idPersonal, nombre, descripcion, monto) values (12, 14, 'pago', 'pago de sueldo por trabajo realizado', 3057);
insert into Honorario (idAsamblea, Personal_idPersonal, nombre, descripcion, monto) values (12, 15, 'pago', 'pago de sueldo por trabajo realizado', 2080);
insert into Honorario (idAsamblea, Personal_idPersonal, nombre, descripcion, monto) values (12, 16, 'pago', 'pago de sueldo por trabajo realizado', 3118);
insert into Honorario (idAsamblea, Personal_idPersonal, nombre, descripcion, monto) values (12, 17, 'pago', 'pago de sueldo por trabajo realizado', 2729);
insert into Honorario (idAsamblea, Personal_idPersonal, nombre, descripcion, monto) values (12, 18, 'pago', 'pago de sueldo por trabajo realizado', 2324);
insert into Honorario (idAsamblea, Personal_idPersonal, nombre, descripcion, monto) values (12, 19, 'pago', 'pago de sueldo por trabajo realizado', 2665);
insert into Honorario (idAsamblea, Personal_idPersonal, nombre, descripcion, monto) values (12, 20, 'pago', 'pago de sueldo por trabajo realizado', 2929);
insert into Honorario (idAsamblea, Personal_idPersonal, nombre, descripcion, monto) values (12, 21, 'pago', 'pago de sueldo por trabajo realizado', 2125);
insert into Honorario (idAsamblea, Personal_idPersonal, nombre, descripcion, monto) values (12, 22, 'pago', 'pago de sueldo por trabajo realizado', 2946);
insert into Honorario (idAsamblea, Personal_idPersonal, nombre, descripcion, monto) values (12, 23, 'pago', 'pago de sueldo por trabajo realizado', 2332);
insert into Honorario (idAsamblea, Personal_idPersonal, nombre, descripcion, monto) values (12, 24, 'pago', 'pago de sueldo por trabajo realizado', 2094);
insert into Honorario (idAsamblea, Personal_idPersonal, nombre, descripcion, monto) values (12, 25, 'pago', 'pago de sueldo por trabajo realizado', 2219);
insert into Honorario (idAsamblea, Personal_idPersonal, nombre, descripcion, monto) values (12, 26, 'pago', 'pago de sueldo por trabajo realizado', 2668);
insert into Honorario (idAsamblea, Personal_idPersonal, nombre, descripcion, monto) values (12, 27, 'pago', 'pago de sueldo por trabajo realizado', 2158);
insert into Honorario (idAsamblea, Personal_idPersonal, nombre, descripcion, monto) values (12, 28, 'pago', 'pago de sueldo por trabajo realizado', 2909);
insert into Honorario (idAsamblea, Personal_idPersonal, nombre, descripcion, monto) values (12, 29, 'pago', 'pago de sueldo por trabajo realizado', 2093);
insert into Honorario (idAsamblea, Personal_idPersonal, nombre, descripcion, monto) values (12, 30, 'pago', 'pago de sueldo por trabajo realizado', 2625);
insert into Honorario (idAsamblea, Personal_idPersonal, nombre, descripcion, monto) values (12, 31, 'pago', 'pago de sueldo por trabajo realizado', 2939);
insert into Honorario (idAsamblea, Personal_idPersonal, nombre, descripcion, monto) values (12, 32, 'pago', 'pago de sueldo por trabajo realizado', 2314);
insert into Honorario (idAsamblea, Personal_idPersonal, nombre, descripcion, monto) values (12, 33, 'pago', 'pago de sueldo por trabajo realizado', 2729);
insert into Honorario (idAsamblea, Personal_idPersonal, nombre, descripcion, monto) values (12, 34, 'pago', 'pago de sueldo por trabajo realizado', 1892);
insert into Honorario (idAsamblea, Personal_idPersonal, nombre, descripcion, monto) values (12, 35, 'pago', 'pago de sueldo por trabajo realizado', 1948);
insert into Honorario (idAsamblea, Personal_idPersonal, nombre, descripcion, monto) values (12, 36, 'pago', 'pago de sueldo por trabajo realizado', 2828);
insert into Honorario (idAsamblea, Personal_idPersonal, nombre, descripcion, monto) values (12, 37, 'pago', 'pago de sueldo por trabajo realizado', 2344);
insert into Honorario (idAsamblea, Personal_idPersonal, nombre, descripcion, monto) values (12, 38, 'pago', 'pago de sueldo por trabajo realizado', 1919);
insert into Honorario (idAsamblea, Personal_idPersonal, nombre, descripcion, monto) values (12, 39, 'pago', 'pago de sueldo por trabajo realizado', 2097);
insert into Honorario (idAsamblea, Personal_idPersonal, nombre, descripcion, monto) values (12, 40, 'pago', 'pago de sueldo por trabajo realizado', 2712);
insert into Honorario (idAsamblea, Personal_idPersonal, nombre, descripcion, monto) values (12, 41, 'pago', 'pago de sueldo por trabajo realizado', 3197);
insert into Honorario (idAsamblea, Personal_idPersonal, nombre, descripcion, monto) values (12, 42, 'pago', 'pago de sueldo por trabajo realizado', 1933);
insert into Honorario (idAsamblea, Personal_idPersonal, nombre, descripcion, monto) values (12, 43, 'pago', 'pago de sueldo por trabajo realizado', 2557);
insert into Honorario (idAsamblea, Personal_idPersonal, nombre, descripcion, monto) values (12, 44, 'pago', 'pago de sueldo por trabajo realizado', 1853);
insert into Honorario (idAsamblea, Personal_idPersonal, nombre, descripcion, monto) values (12, 45, 'pago', 'pago de sueldo por trabajo realizado', 2298);
insert into Honorario (idAsamblea, Personal_idPersonal, nombre, descripcion, monto) values (12, 46, 'pago', 'pago de sueldo por trabajo realizado', 2202);
insert into Honorario (idAsamblea, Personal_idPersonal, nombre, descripcion, monto) values (12, 47, 'pago', 'pago de sueldo por trabajo realizado', 2466);
insert into Honorario (idAsamblea, Personal_idPersonal, nombre, descripcion, monto) values (12, 48, 'pago', 'pago de sueldo por trabajo realizado', 2648);
insert into Honorario (idAsamblea, Personal_idPersonal, nombre, descripcion, monto) values (12, 49, 'pago', 'pago de sueldo por trabajo realizado', 2727);
insert into Honorario (idAsamblea, Personal_idPersonal, nombre, descripcion, monto) values (12, 50, 'pago', 'pago de sueldo por trabajo realizado', 3154);

insert into Honorario (idAsamblea, Personal_idPersonal, nombre, descripcion, monto) values (13, 1, 'pago', 'pago de sueldo por trabajo realizado', 2915);
insert into Honorario (idAsamblea, Personal_idPersonal, nombre, descripcion, monto) values (13, 2, 'pago', 'pago de sueldo por trabajo realizado', 2274);
insert into Honorario (idAsamblea, Personal_idPersonal, nombre, descripcion, monto) values (13, 3, 'pago', 'pago de sueldo por trabajo realizado', 2784);
insert into Honorario (idAsamblea, Personal_idPersonal, nombre, descripcion, monto) values (13, 4, 'pago', 'pago de sueldo por trabajo realizado', 2017);
insert into Honorario (idAsamblea, Personal_idPersonal, nombre, descripcion, monto) values (13, 5, 'pago', 'pago de sueldo por trabajo realizado', 2294);
insert into Honorario (idAsamblea, Personal_idPersonal, nombre, descripcion, monto) values (13, 6, 'pago', 'pago de sueldo por trabajo realizado', 2996);
insert into Honorario (idAsamblea, Personal_idPersonal, nombre, descripcion, monto) values (13, 7, 'pago', 'pago de sueldo por trabajo realizado', 3116);
insert into Honorario (idAsamblea, Personal_idPersonal, nombre, descripcion, monto) values (13, 8, 'pago', 'pago de sueldo por trabajo realizado', 1854);
insert into Honorario (idAsamblea, Personal_idPersonal, nombre, descripcion, monto) values (13, 9, 'pago', 'pago de sueldo por trabajo realizado', 2978);
insert into Honorario (idAsamblea, Personal_idPersonal, nombre, descripcion, monto) values (13, 10, 'pago', 'pago de sueldo por trabajo realizado', 2873);
insert into Honorario (idAsamblea, Personal_idPersonal, nombre, descripcion, monto) values (13, 11, 'pago', 'pago de sueldo por trabajo realizado', 2628);
insert into Honorario (idAsamblea, Personal_idPersonal, nombre, descripcion, monto) values (13, 12, 'pago', 'pago de sueldo por trabajo realizado', 3147);
insert into Honorario (idAsamblea, Personal_idPersonal, nombre, descripcion, monto) values (13, 13, 'pago', 'pago de sueldo por trabajo realizado', 2303);
insert into Honorario (idAsamblea, Personal_idPersonal, nombre, descripcion, monto) values (13, 14, 'pago', 'pago de sueldo por trabajo realizado', 2146);
insert into Honorario (idAsamblea, Personal_idPersonal, nombre, descripcion, monto) values (13, 15, 'pago', 'pago de sueldo por trabajo realizado', 1850);
insert into Honorario (idAsamblea, Personal_idPersonal, nombre, descripcion, monto) values (13, 16, 'pago', 'pago de sueldo por trabajo realizado', 3096);
insert into Honorario (idAsamblea, Personal_idPersonal, nombre, descripcion, monto) values (13, 17, 'pago', 'pago de sueldo por trabajo realizado', 2052);
insert into Honorario (idAsamblea, Personal_idPersonal, nombre, descripcion, monto) values (13, 18, 'pago', 'pago de sueldo por trabajo realizado', 2462);
insert into Honorario (idAsamblea, Personal_idPersonal, nombre, descripcion, monto) values (13, 19, 'pago', 'pago de sueldo por trabajo realizado', 2029);
insert into Honorario (idAsamblea, Personal_idPersonal, nombre, descripcion, monto) values (13, 20, 'pago', 'pago de sueldo por trabajo realizado', 1972);
insert into Honorario (idAsamblea, Personal_idPersonal, nombre, descripcion, monto) values (13, 21, 'pago', 'pago de sueldo por trabajo realizado', 2826);
insert into Honorario (idAsamblea, Personal_idPersonal, nombre, descripcion, monto) values (13, 22, 'pago', 'pago de sueldo por trabajo realizado', 2493);
insert into Honorario (idAsamblea, Personal_idPersonal, nombre, descripcion, monto) values (13, 23, 'pago', 'pago de sueldo por trabajo realizado', 3179);
insert into Honorario (idAsamblea, Personal_idPersonal, nombre, descripcion, monto) values (13, 24, 'pago', 'pago de sueldo por trabajo realizado', 2118);
insert into Honorario (idAsamblea, Personal_idPersonal, nombre, descripcion, monto) values (13, 25, 'pago', 'pago de sueldo por trabajo realizado', 2876);
insert into Honorario (idAsamblea, Personal_idPersonal, nombre, descripcion, monto) values (13, 26, 'pago', 'pago de sueldo por trabajo realizado', 2168);
insert into Honorario (idAsamblea, Personal_idPersonal, nombre, descripcion, monto) values (13, 27, 'pago', 'pago de sueldo por trabajo realizado', 2937);
insert into Honorario (idAsamblea, Personal_idPersonal, nombre, descripcion, monto) values (13, 28, 'pago', 'pago de sueldo por trabajo realizado', 2069);
insert into Honorario (idAsamblea, Personal_idPersonal, nombre, descripcion, monto) values (13, 29, 'pago', 'pago de sueldo por trabajo realizado', 2190);
insert into Honorario (idAsamblea, Personal_idPersonal, nombre, descripcion, monto) values (13, 30, 'pago', 'pago de sueldo por trabajo realizado', 1815);
insert into Honorario (idAsamblea, Personal_idPersonal, nombre, descripcion, monto) values (13, 31, 'pago', 'pago de sueldo por trabajo realizado', 2781);
insert into Honorario (idAsamblea, Personal_idPersonal, nombre, descripcion, monto) values (13, 32, 'pago', 'pago de sueldo por trabajo realizado', 3114);
insert into Honorario (idAsamblea, Personal_idPersonal, nombre, descripcion, monto) values (13, 33, 'pago', 'pago de sueldo por trabajo realizado', 3134);
insert into Honorario (idAsamblea, Personal_idPersonal, nombre, descripcion, monto) values (13, 34, 'pago', 'pago de sueldo por trabajo realizado', 2588);
insert into Honorario (idAsamblea, Personal_idPersonal, nombre, descripcion, monto) values (13, 35, 'pago', 'pago de sueldo por trabajo realizado', 2548);
insert into Honorario (idAsamblea, Personal_idPersonal, nombre, descripcion, monto) values (13, 36, 'pago', 'pago de sueldo por trabajo realizado', 3103);
insert into Honorario (idAsamblea, Personal_idPersonal, nombre, descripcion, monto) values (13, 37, 'pago', 'pago de sueldo por trabajo realizado', 2536);
insert into Honorario (idAsamblea, Personal_idPersonal, nombre, descripcion, monto) values (13, 38, 'pago', 'pago de sueldo por trabajo realizado', 2660);
insert into Honorario (idAsamblea, Personal_idPersonal, nombre, descripcion, monto) values (13, 39, 'pago', 'pago de sueldo por trabajo realizado', 2401);
insert into Honorario (idAsamblea, Personal_idPersonal, nombre, descripcion, monto) values (13, 40, 'pago', 'pago de sueldo por trabajo realizado', 3071);
insert into Honorario (idAsamblea, Personal_idPersonal, nombre, descripcion, monto) values (13, 41, 'pago', 'pago de sueldo por trabajo realizado', 2221);
insert into Honorario (idAsamblea, Personal_idPersonal, nombre, descripcion, monto) values (13, 42, 'pago', 'pago de sueldo por trabajo realizado', 2607);
insert into Honorario (idAsamblea, Personal_idPersonal, nombre, descripcion, monto) values (13, 43, 'pago', 'pago de sueldo por trabajo realizado', 1840);
insert into Honorario (idAsamblea, Personal_idPersonal, nombre, descripcion, monto) values (13, 44, 'pago', 'pago de sueldo por trabajo realizado', 2756);
insert into Honorario (idAsamblea, Personal_idPersonal, nombre, descripcion, monto) values (13, 45, 'pago', 'pago de sueldo por trabajo realizado', 3058);
insert into Honorario (idAsamblea, Personal_idPersonal, nombre, descripcion, monto) values (13, 46, 'pago', 'pago de sueldo por trabajo realizado', 2975);
insert into Honorario (idAsamblea, Personal_idPersonal, nombre, descripcion, monto) values (13, 47, 'pago', 'pago de sueldo por trabajo realizado', 1919);
insert into Honorario (idAsamblea, Personal_idPersonal, nombre, descripcion, monto) values (13, 48, 'pago', 'pago de sueldo por trabajo realizado', 2502);
insert into Honorario (idAsamblea, Personal_idPersonal, nombre, descripcion, monto) values (13, 49, 'pago', 'pago de sueldo por trabajo realizado', 2172);
insert into Honorario (idAsamblea, Personal_idPersonal, nombre, descripcion, monto) values (13, 50, 'pago', 'pago de sueldo por trabajo realizado', 3123);

insert into Honorario (idAsamblea, Personal_idPersonal, nombre, descripcion, monto) values (14, 1, 'pago', 'pago de sueldo por trabajo realizado', 2169);
insert into Honorario (idAsamblea, Personal_idPersonal, nombre, descripcion, monto) values (14, 2, 'pago', 'pago de sueldo por trabajo realizado', 2904);
insert into Honorario (idAsamblea, Personal_idPersonal, nombre, descripcion, monto) values (14, 3, 'pago', 'pago de sueldo por trabajo realizado', 2891);
insert into Honorario (idAsamblea, Personal_idPersonal, nombre, descripcion, monto) values (14, 4, 'pago', 'pago de sueldo por trabajo realizado', 1886);
insert into Honorario (idAsamblea, Personal_idPersonal, nombre, descripcion, monto) values (14, 5, 'pago', 'pago de sueldo por trabajo realizado', 3138);
insert into Honorario (idAsamblea, Personal_idPersonal, nombre, descripcion, monto) values (14, 6, 'pago', 'pago de sueldo por trabajo realizado', 1982);
insert into Honorario (idAsamblea, Personal_idPersonal, nombre, descripcion, monto) values (14, 7, 'pago', 'pago de sueldo por trabajo realizado', 2690);
insert into Honorario (idAsamblea, Personal_idPersonal, nombre, descripcion, monto) values (14, 8, 'pago', 'pago de sueldo por trabajo realizado', 3080);
insert into Honorario (idAsamblea, Personal_idPersonal, nombre, descripcion, monto) values (14, 9, 'pago', 'pago de sueldo por trabajo realizado', 2959);
insert into Honorario (idAsamblea, Personal_idPersonal, nombre, descripcion, monto) values (14, 10, 'pago', 'pago de sueldo por trabajo realizado', 2436);
insert into Honorario (idAsamblea, Personal_idPersonal, nombre, descripcion, monto) values (14, 11, 'pago', 'pago de sueldo por trabajo realizado', 1866);
insert into Honorario (idAsamblea, Personal_idPersonal, nombre, descripcion, monto) values (14, 12, 'pago', 'pago de sueldo por trabajo realizado', 2652);
insert into Honorario (idAsamblea, Personal_idPersonal, nombre, descripcion, monto) values (14, 13, 'pago', 'pago de sueldo por trabajo realizado', 2415);
insert into Honorario (idAsamblea, Personal_idPersonal, nombre, descripcion, monto) values (14, 14, 'pago', 'pago de sueldo por trabajo realizado', 1955);
insert into Honorario (idAsamblea, Personal_idPersonal, nombre, descripcion, monto) values (14, 15, 'pago', 'pago de sueldo por trabajo realizado', 2530);
insert into Honorario (idAsamblea, Personal_idPersonal, nombre, descripcion, monto) values (14, 16, 'pago', 'pago de sueldo por trabajo realizado', 2245);
insert into Honorario (idAsamblea, Personal_idPersonal, nombre, descripcion, monto) values (14, 17, 'pago', 'pago de sueldo por trabajo realizado', 2218);
insert into Honorario (idAsamblea, Personal_idPersonal, nombre, descripcion, monto) values (14, 18, 'pago', 'pago de sueldo por trabajo realizado', 2497);
insert into Honorario (idAsamblea, Personal_idPersonal, nombre, descripcion, monto) values (14, 19, 'pago', 'pago de sueldo por trabajo realizado', 2516);
insert into Honorario (idAsamblea, Personal_idPersonal, nombre, descripcion, monto) values (14, 20, 'pago', 'pago de sueldo por trabajo realizado', 1966);
insert into Honorario (idAsamblea, Personal_idPersonal, nombre, descripcion, monto) values (14, 21, 'pago', 'pago de sueldo por trabajo realizado', 2735);
insert into Honorario (idAsamblea, Personal_idPersonal, nombre, descripcion, monto) values (14, 22, 'pago', 'pago de sueldo por trabajo realizado', 2551);
insert into Honorario (idAsamblea, Personal_idPersonal, nombre, descripcion, monto) values (14, 23, 'pago', 'pago de sueldo por trabajo realizado', 2344);
insert into Honorario (idAsamblea, Personal_idPersonal, nombre, descripcion, monto) values (14, 24, 'pago', 'pago de sueldo por trabajo realizado', 1990);
insert into Honorario (idAsamblea, Personal_idPersonal, nombre, descripcion, monto) values (14, 25, 'pago', 'pago de sueldo por trabajo realizado', 2343);
insert into Honorario (idAsamblea, Personal_idPersonal, nombre, descripcion, monto) values (14, 26, 'pago', 'pago de sueldo por trabajo realizado', 3020);
insert into Honorario (idAsamblea, Personal_idPersonal, nombre, descripcion, monto) values (14, 27, 'pago', 'pago de sueldo por trabajo realizado', 2813);
insert into Honorario (idAsamblea, Personal_idPersonal, nombre, descripcion, monto) values (14, 28, 'pago', 'pago de sueldo por trabajo realizado', 2635);
insert into Honorario (idAsamblea, Personal_idPersonal, nombre, descripcion, monto) values (14, 29, 'pago', 'pago de sueldo por trabajo realizado', 2427);
insert into Honorario (idAsamblea, Personal_idPersonal, nombre, descripcion, monto) values (14, 30, 'pago', 'pago de sueldo por trabajo realizado', 2229);
insert into Honorario (idAsamblea, Personal_idPersonal, nombre, descripcion, monto) values (14, 31, 'pago', 'pago de sueldo por trabajo realizado', 1849);
insert into Honorario (idAsamblea, Personal_idPersonal, nombre, descripcion, monto) values (14, 32, 'pago', 'pago de sueldo por trabajo realizado', 3148);
insert into Honorario (idAsamblea, Personal_idPersonal, nombre, descripcion, monto) values (14, 33, 'pago', 'pago de sueldo por trabajo realizado', 2269);
insert into Honorario (idAsamblea, Personal_idPersonal, nombre, descripcion, monto) values (14, 34, 'pago', 'pago de sueldo por trabajo realizado', 2033);
insert into Honorario (idAsamblea, Personal_idPersonal, nombre, descripcion, monto) values (14, 35, 'pago', 'pago de sueldo por trabajo realizado', 2440);
insert into Honorario (idAsamblea, Personal_idPersonal, nombre, descripcion, monto) values (14, 36, 'pago', 'pago de sueldo por trabajo realizado', 2769);
insert into Honorario (idAsamblea, Personal_idPersonal, nombre, descripcion, monto) values (14, 37, 'pago', 'pago de sueldo por trabajo realizado', 2077);
insert into Honorario (idAsamblea, Personal_idPersonal, nombre, descripcion, monto) values (14, 38, 'pago', 'pago de sueldo por trabajo realizado', 2537);
insert into Honorario (idAsamblea, Personal_idPersonal, nombre, descripcion, monto) values (14, 39, 'pago', 'pago de sueldo por trabajo realizado', 2795);
insert into Honorario (idAsamblea, Personal_idPersonal, nombre, descripcion, monto) values (14, 40, 'pago', 'pago de sueldo por trabajo realizado', 2552);
insert into Honorario (idAsamblea, Personal_idPersonal, nombre, descripcion, monto) values (14, 41, 'pago', 'pago de sueldo por trabajo realizado', 1982);
insert into Honorario (idAsamblea, Personal_idPersonal, nombre, descripcion, monto) values (14, 42, 'pago', 'pago de sueldo por trabajo realizado', 1846);
insert into Honorario (idAsamblea, Personal_idPersonal, nombre, descripcion, monto) values (14, 43, 'pago', 'pago de sueldo por trabajo realizado', 1843);
insert into Honorario (idAsamblea, Personal_idPersonal, nombre, descripcion, monto) values (14, 44, 'pago', 'pago de sueldo por trabajo realizado', 3189);
insert into Honorario (idAsamblea, Personal_idPersonal, nombre, descripcion, monto) values (14, 45, 'pago', 'pago de sueldo por trabajo realizado', 3045);
insert into Honorario (idAsamblea, Personal_idPersonal, nombre, descripcion, monto) values (14, 46, 'pago', 'pago de sueldo por trabajo realizado', 3073);
insert into Honorario (idAsamblea, Personal_idPersonal, nombre, descripcion, monto) values (14, 47, 'pago', 'pago de sueldo por trabajo realizado', 2817);
insert into Honorario (idAsamblea, Personal_idPersonal, nombre, descripcion, monto) values (14, 48, 'pago', 'pago de sueldo por trabajo realizado', 2694);
insert into Honorario (idAsamblea, Personal_idPersonal, nombre, descripcion, monto) values (14, 49, 'pago', 'pago de sueldo por trabajo realizado', 2530);
insert into Honorario (idAsamblea, Personal_idPersonal, nombre, descripcion, monto) values (14, 50, 'pago', 'pago de sueldo por trabajo realizado', 3186);

insert into Honorario (idAsamblea, Personal_idPersonal, nombre, descripcion, monto) values (15, 1, 'pago', 'pago de sueldo por trabajo realizado', 2212);
insert into Honorario (idAsamblea, Personal_idPersonal, nombre, descripcion, monto) values (15, 2, 'pago', 'pago de sueldo por trabajo realizado', 1837);
insert into Honorario (idAsamblea, Personal_idPersonal, nombre, descripcion, monto) values (15, 3, 'pago', 'pago de sueldo por trabajo realizado', 2951);
insert into Honorario (idAsamblea, Personal_idPersonal, nombre, descripcion, monto) values (15, 4, 'pago', 'pago de sueldo por trabajo realizado', 2764);
insert into Honorario (idAsamblea, Personal_idPersonal, nombre, descripcion, monto) values (15, 5, 'pago', 'pago de sueldo por trabajo realizado', 2853);
insert into Honorario (idAsamblea, Personal_idPersonal, nombre, descripcion, monto) values (15, 6, 'pago', 'pago de sueldo por trabajo realizado', 2076);
insert into Honorario (idAsamblea, Personal_idPersonal, nombre, descripcion, monto) values (15, 7, 'pago', 'pago de sueldo por trabajo realizado', 2156);
insert into Honorario (idAsamblea, Personal_idPersonal, nombre, descripcion, monto) values (15, 8, 'pago', 'pago de sueldo por trabajo realizado', 2568);
insert into Honorario (idAsamblea, Personal_idPersonal, nombre, descripcion, monto) values (15, 9, 'pago', 'pago de sueldo por trabajo realizado', 1996);
insert into Honorario (idAsamblea, Personal_idPersonal, nombre, descripcion, monto) values (15, 10, 'pago', 'pago de sueldo por trabajo realizado', 2861);
insert into Honorario (idAsamblea, Personal_idPersonal, nombre, descripcion, monto) values (15, 11, 'pago', 'pago de sueldo por trabajo realizado', 2023);
insert into Honorario (idAsamblea, Personal_idPersonal, nombre, descripcion, monto) values (15, 12, 'pago', 'pago de sueldo por trabajo realizado', 2474);
insert into Honorario (idAsamblea, Personal_idPersonal, nombre, descripcion, monto) values (15, 13, 'pago', 'pago de sueldo por trabajo realizado', 1872);
insert into Honorario (idAsamblea, Personal_idPersonal, nombre, descripcion, monto) values (15, 14, 'pago', 'pago de sueldo por trabajo realizado', 2795);
insert into Honorario (idAsamblea, Personal_idPersonal, nombre, descripcion, monto) values (15, 15, 'pago', 'pago de sueldo por trabajo realizado', 2460);
insert into Honorario (idAsamblea, Personal_idPersonal, nombre, descripcion, monto) values (15, 16, 'pago', 'pago de sueldo por trabajo realizado', 2239);
insert into Honorario (idAsamblea, Personal_idPersonal, nombre, descripcion, monto) values (15, 17, 'pago', 'pago de sueldo por trabajo realizado', 2193);
insert into Honorario (idAsamblea, Personal_idPersonal, nombre, descripcion, monto) values (15, 18, 'pago', 'pago de sueldo por trabajo realizado', 1812);
insert into Honorario (idAsamblea, Personal_idPersonal, nombre, descripcion, monto) values (15, 19, 'pago', 'pago de sueldo por trabajo realizado', 2770);
insert into Honorario (idAsamblea, Personal_idPersonal, nombre, descripcion, monto) values (15, 20, 'pago', 'pago de sueldo por trabajo realizado', 2141);
insert into Honorario (idAsamblea, Personal_idPersonal, nombre, descripcion, monto) values (15, 21, 'pago', 'pago de sueldo por trabajo realizado', 2127);
insert into Honorario (idAsamblea, Personal_idPersonal, nombre, descripcion, monto) values (15, 22, 'pago', 'pago de sueldo por trabajo realizado', 3050);
insert into Honorario (idAsamblea, Personal_idPersonal, nombre, descripcion, monto) values (15, 23, 'pago', 'pago de sueldo por trabajo realizado', 2122);
insert into Honorario (idAsamblea, Personal_idPersonal, nombre, descripcion, monto) values (15, 24, 'pago', 'pago de sueldo por trabajo realizado', 2644);
insert into Honorario (idAsamblea, Personal_idPersonal, nombre, descripcion, monto) values (15, 25, 'pago', 'pago de sueldo por trabajo realizado', 2242);
insert into Honorario (idAsamblea, Personal_idPersonal, nombre, descripcion, monto) values (15, 26, 'pago', 'pago de sueldo por trabajo realizado', 2751);
insert into Honorario (idAsamblea, Personal_idPersonal, nombre, descripcion, monto) values (15, 27, 'pago', 'pago de sueldo por trabajo realizado', 2895);
insert into Honorario (idAsamblea, Personal_idPersonal, nombre, descripcion, monto) values (15, 28, 'pago', 'pago de sueldo por trabajo realizado', 2607);
insert into Honorario (idAsamblea, Personal_idPersonal, nombre, descripcion, monto) values (15, 29, 'pago', 'pago de sueldo por trabajo realizado', 2929);
insert into Honorario (idAsamblea, Personal_idPersonal, nombre, descripcion, monto) values (15, 30, 'pago', 'pago de sueldo por trabajo realizado', 1979);
insert into Honorario (idAsamblea, Personal_idPersonal, nombre, descripcion, monto) values (15, 31, 'pago', 'pago de sueldo por trabajo realizado', 3156);
insert into Honorario (idAsamblea, Personal_idPersonal, nombre, descripcion, monto) values (15, 32, 'pago', 'pago de sueldo por trabajo realizado', 2245);
insert into Honorario (idAsamblea, Personal_idPersonal, nombre, descripcion, monto) values (15, 33, 'pago', 'pago de sueldo por trabajo realizado', 2137);
insert into Honorario (idAsamblea, Personal_idPersonal, nombre, descripcion, monto) values (15, 34, 'pago', 'pago de sueldo por trabajo realizado', 3135);
insert into Honorario (idAsamblea, Personal_idPersonal, nombre, descripcion, monto) values (15, 35, 'pago', 'pago de sueldo por trabajo realizado', 2344);
insert into Honorario (idAsamblea, Personal_idPersonal, nombre, descripcion, monto) values (15, 36, 'pago', 'pago de sueldo por trabajo realizado', 2110);
insert into Honorario (idAsamblea, Personal_idPersonal, nombre, descripcion, monto) values (15, 37, 'pago', 'pago de sueldo por trabajo realizado', 2058);
insert into Honorario (idAsamblea, Personal_idPersonal, nombre, descripcion, monto) values (15, 38, 'pago', 'pago de sueldo por trabajo realizado', 2986);
insert into Honorario (idAsamblea, Personal_idPersonal, nombre, descripcion, monto) values (15, 39, 'pago', 'pago de sueldo por trabajo realizado', 2176);
insert into Honorario (idAsamblea, Personal_idPersonal, nombre, descripcion, monto) values (15, 40, 'pago', 'pago de sueldo por trabajo realizado', 3006);
insert into Honorario (idAsamblea, Personal_idPersonal, nombre, descripcion, monto) values (15, 41, 'pago', 'pago de sueldo por trabajo realizado', 1937);
insert into Honorario (idAsamblea, Personal_idPersonal, nombre, descripcion, monto) values (15, 42, 'pago', 'pago de sueldo por trabajo realizado', 2815);
insert into Honorario (idAsamblea, Personal_idPersonal, nombre, descripcion, monto) values (15, 43, 'pago', 'pago de sueldo por trabajo realizado', 2569);
insert into Honorario (idAsamblea, Personal_idPersonal, nombre, descripcion, monto) values (15, 44, 'pago', 'pago de sueldo por trabajo realizado', 1988);
insert into Honorario (idAsamblea, Personal_idPersonal, nombre, descripcion, monto) values (15, 45, 'pago', 'pago de sueldo por trabajo realizado', 2738);
insert into Honorario (idAsamblea, Personal_idPersonal, nombre, descripcion, monto) values (15, 46, 'pago', 'pago de sueldo por trabajo realizado', 2341);
insert into Honorario (idAsamblea, Personal_idPersonal, nombre, descripcion, monto) values (15, 47, 'pago', 'pago de sueldo por trabajo realizado', 2869);
insert into Honorario (idAsamblea, Personal_idPersonal, nombre, descripcion, monto) values (15, 48, 'pago', 'pago de sueldo por trabajo realizado', 3175);
insert into Honorario (idAsamblea, Personal_idPersonal, nombre, descripcion, monto) values (15, 49, 'pago', 'pago de sueldo por trabajo realizado', 1928);
insert into Honorario (idAsamblea, Personal_idPersonal, nombre, descripcion, monto) values (15, 50, 'pago', 'pago de sueldo por trabajo realizado', 2615);

insert into Honorario (idAsamblea, Personal_idPersonal, nombre, descripcion, monto) values (16, 1, 'pago', 'pago de sueldo por trabajo realizado', 2781);
insert into Honorario (idAsamblea, Personal_idPersonal, nombre, descripcion, monto) values (16, 2, 'pago', 'pago de sueldo por trabajo realizado', 3156);
insert into Honorario (idAsamblea, Personal_idPersonal, nombre, descripcion, monto) values (16, 3, 'pago', 'pago de sueldo por trabajo realizado', 2971);
insert into Honorario (idAsamblea, Personal_idPersonal, nombre, descripcion, monto) values (16, 4, 'pago', 'pago de sueldo por trabajo realizado', 2657);
insert into Honorario (idAsamblea, Personal_idPersonal, nombre, descripcion, monto) values (16, 5, 'pago', 'pago de sueldo por trabajo realizado', 2117);
insert into Honorario (idAsamblea, Personal_idPersonal, nombre, descripcion, monto) values (16, 6, 'pago', 'pago de sueldo por trabajo realizado', 2079);
insert into Honorario (idAsamblea, Personal_idPersonal, nombre, descripcion, monto) values (16, 7, 'pago', 'pago de sueldo por trabajo realizado', 2590);
insert into Honorario (idAsamblea, Personal_idPersonal, nombre, descripcion, monto) values (16, 8, 'pago', 'pago de sueldo por trabajo realizado', 2075);
insert into Honorario (idAsamblea, Personal_idPersonal, nombre, descripcion, monto) values (16, 9, 'pago', 'pago de sueldo por trabajo realizado', 2446);
insert into Honorario (idAsamblea, Personal_idPersonal, nombre, descripcion, monto) values (16, 10, 'pago', 'pago de sueldo por trabajo realizado', 2242);
insert into Honorario (idAsamblea, Personal_idPersonal, nombre, descripcion, monto) values (16, 11, 'pago', 'pago de sueldo por trabajo realizado', 1932);
insert into Honorario (idAsamblea, Personal_idPersonal, nombre, descripcion, monto) values (16, 12, 'pago', 'pago de sueldo por trabajo realizado', 2798);
insert into Honorario (idAsamblea, Personal_idPersonal, nombre, descripcion, monto) values (16, 13, 'pago', 'pago de sueldo por trabajo realizado', 2374);
insert into Honorario (idAsamblea, Personal_idPersonal, nombre, descripcion, monto) values (16, 14, 'pago', 'pago de sueldo por trabajo realizado', 3066);
insert into Honorario (idAsamblea, Personal_idPersonal, nombre, descripcion, monto) values (16, 15, 'pago', 'pago de sueldo por trabajo realizado', 1884);
insert into Honorario (idAsamblea, Personal_idPersonal, nombre, descripcion, monto) values (16, 16, 'pago', 'pago de sueldo por trabajo realizado', 2402);
insert into Honorario (idAsamblea, Personal_idPersonal, nombre, descripcion, monto) values (16, 17, 'pago', 'pago de sueldo por trabajo realizado', 1942);
insert into Honorario (idAsamblea, Personal_idPersonal, nombre, descripcion, monto) values (16, 18, 'pago', 'pago de sueldo por trabajo realizado', 1941);
insert into Honorario (idAsamblea, Personal_idPersonal, nombre, descripcion, monto) values (16, 19, 'pago', 'pago de sueldo por trabajo realizado', 2908);
insert into Honorario (idAsamblea, Personal_idPersonal, nombre, descripcion, monto) values (16, 20, 'pago', 'pago de sueldo por trabajo realizado', 2462);
insert into Honorario (idAsamblea, Personal_idPersonal, nombre, descripcion, monto) values (16, 21, 'pago', 'pago de sueldo por trabajo realizado', 2560);
insert into Honorario (idAsamblea, Personal_idPersonal, nombre, descripcion, monto) values (16, 22, 'pago', 'pago de sueldo por trabajo realizado', 3056);
insert into Honorario (idAsamblea, Personal_idPersonal, nombre, descripcion, monto) values (16, 23, 'pago', 'pago de sueldo por trabajo realizado', 3144);
insert into Honorario (idAsamblea, Personal_idPersonal, nombre, descripcion, monto) values (16, 24, 'pago', 'pago de sueldo por trabajo realizado', 1949);
insert into Honorario (idAsamblea, Personal_idPersonal, nombre, descripcion, monto) values (16, 25, 'pago', 'pago de sueldo por trabajo realizado', 2956);
insert into Honorario (idAsamblea, Personal_idPersonal, nombre, descripcion, monto) values (16, 26, 'pago', 'pago de sueldo por trabajo realizado', 2487);
insert into Honorario (idAsamblea, Personal_idPersonal, nombre, descripcion, monto) values (16, 27, 'pago', 'pago de sueldo por trabajo realizado', 1857);
insert into Honorario (idAsamblea, Personal_idPersonal, nombre, descripcion, monto) values (16, 28, 'pago', 'pago de sueldo por trabajo realizado', 2985);
insert into Honorario (idAsamblea, Personal_idPersonal, nombre, descripcion, monto) values (16, 29, 'pago', 'pago de sueldo por trabajo realizado', 2980);
insert into Honorario (idAsamblea, Personal_idPersonal, nombre, descripcion, monto) values (16, 30, 'pago', 'pago de sueldo por trabajo realizado', 2287);
insert into Honorario (idAsamblea, Personal_idPersonal, nombre, descripcion, monto) values (16, 31, 'pago', 'pago de sueldo por trabajo realizado', 2208);
insert into Honorario (idAsamblea, Personal_idPersonal, nombre, descripcion, monto) values (16, 32, 'pago', 'pago de sueldo por trabajo realizado', 1994);
insert into Honorario (idAsamblea, Personal_idPersonal, nombre, descripcion, monto) values (16, 33, 'pago', 'pago de sueldo por trabajo realizado', 3104);
insert into Honorario (idAsamblea, Personal_idPersonal, nombre, descripcion, monto) values (16, 34, 'pago', 'pago de sueldo por trabajo realizado', 2992);
insert into Honorario (idAsamblea, Personal_idPersonal, nombre, descripcion, monto) values (16, 35, 'pago', 'pago de sueldo por trabajo realizado', 3078);
insert into Honorario (idAsamblea, Personal_idPersonal, nombre, descripcion, monto) values (16, 36, 'pago', 'pago de sueldo por trabajo realizado', 2656);
insert into Honorario (idAsamblea, Personal_idPersonal, nombre, descripcion, monto) values (16, 37, 'pago', 'pago de sueldo por trabajo realizado', 2430);
insert into Honorario (idAsamblea, Personal_idPersonal, nombre, descripcion, monto) values (16, 38, 'pago', 'pago de sueldo por trabajo realizado', 2482);
insert into Honorario (idAsamblea, Personal_idPersonal, nombre, descripcion, monto) values (16, 39, 'pago', 'pago de sueldo por trabajo realizado', 2535);
insert into Honorario (idAsamblea, Personal_idPersonal, nombre, descripcion, monto) values (16, 40, 'pago', 'pago de sueldo por trabajo realizado', 1937);
insert into Honorario (idAsamblea, Personal_idPersonal, nombre, descripcion, monto) values (16, 41, 'pago', 'pago de sueldo por trabajo realizado', 2889);
insert into Honorario (idAsamblea, Personal_idPersonal, nombre, descripcion, monto) values (16, 42, 'pago', 'pago de sueldo por trabajo realizado', 2589);
insert into Honorario (idAsamblea, Personal_idPersonal, nombre, descripcion, monto) values (16, 43, 'pago', 'pago de sueldo por trabajo realizado', 2397);
insert into Honorario (idAsamblea, Personal_idPersonal, nombre, descripcion, monto) values (16, 44, 'pago', 'pago de sueldo por trabajo realizado', 3200);
insert into Honorario (idAsamblea, Personal_idPersonal, nombre, descripcion, monto) values (16, 45, 'pago', 'pago de sueldo por trabajo realizado', 2781);
insert into Honorario (idAsamblea, Personal_idPersonal, nombre, descripcion, monto) values (16, 46, 'pago', 'pago de sueldo por trabajo realizado', 2123);
insert into Honorario (idAsamblea, Personal_idPersonal, nombre, descripcion, monto) values (16, 47, 'pago', 'pago de sueldo por trabajo realizado', 2066);
insert into Honorario (idAsamblea, Personal_idPersonal, nombre, descripcion, monto) values (16, 48, 'pago', 'pago de sueldo por trabajo realizado', 2324);
insert into Honorario (idAsamblea, Personal_idPersonal, nombre, descripcion, monto) values (16, 49, 'pago', 'pago de sueldo por trabajo realizado', 1839);
insert into Honorario (idAsamblea, Personal_idPersonal, nombre, descripcion, monto) values (16, 50, 'pago', 'pago de sueldo por trabajo realizado', 1967);

insert into Honorario (idAsamblea, Personal_idPersonal, nombre, descripcion, monto) values (17, 1, 'pago', 'pago de sueldo por trabajo realizado', 1872);
insert into Honorario (idAsamblea, Personal_idPersonal, nombre, descripcion, monto) values (17, 2, 'pago', 'pago de sueldo por trabajo realizado', 2952);
insert into Honorario (idAsamblea, Personal_idPersonal, nombre, descripcion, monto) values (17, 3, 'pago', 'pago de sueldo por trabajo realizado', 2419);
insert into Honorario (idAsamblea, Personal_idPersonal, nombre, descripcion, monto) values (17, 4, 'pago', 'pago de sueldo por trabajo realizado', 1925);
insert into Honorario (idAsamblea, Personal_idPersonal, nombre, descripcion, monto) values (17, 5, 'pago', 'pago de sueldo por trabajo realizado', 2431);
insert into Honorario (idAsamblea, Personal_idPersonal, nombre, descripcion, monto) values (17, 6, 'pago', 'pago de sueldo por trabajo realizado', 2185);
insert into Honorario (idAsamblea, Personal_idPersonal, nombre, descripcion, monto) values (17, 7, 'pago', 'pago de sueldo por trabajo realizado', 3111);
insert into Honorario (idAsamblea, Personal_idPersonal, nombre, descripcion, monto) values (17, 8, 'pago', 'pago de sueldo por trabajo realizado', 2549);
insert into Honorario (idAsamblea, Personal_idPersonal, nombre, descripcion, monto) values (17, 9, 'pago', 'pago de sueldo por trabajo realizado', 2605);
insert into Honorario (idAsamblea, Personal_idPersonal, nombre, descripcion, monto) values (17, 10, 'pago', 'pago de sueldo por trabajo realizado', 2756);
insert into Honorario (idAsamblea, Personal_idPersonal, nombre, descripcion, monto) values (17, 11, 'pago', 'pago de sueldo por trabajo realizado', 2255);
insert into Honorario (idAsamblea, Personal_idPersonal, nombre, descripcion, monto) values (17, 12, 'pago', 'pago de sueldo por trabajo realizado', 2408);
insert into Honorario (idAsamblea, Personal_idPersonal, nombre, descripcion, monto) values (17, 13, 'pago', 'pago de sueldo por trabajo realizado', 2740);
insert into Honorario (idAsamblea, Personal_idPersonal, nombre, descripcion, monto) values (17, 14, 'pago', 'pago de sueldo por trabajo realizado', 2740);
insert into Honorario (idAsamblea, Personal_idPersonal, nombre, descripcion, monto) values (17, 15, 'pago', 'pago de sueldo por trabajo realizado', 2180);
insert into Honorario (idAsamblea, Personal_idPersonal, nombre, descripcion, monto) values (17, 16, 'pago', 'pago de sueldo por trabajo realizado', 2955);
insert into Honorario (idAsamblea, Personal_idPersonal, nombre, descripcion, monto) values (17, 17, 'pago', 'pago de sueldo por trabajo realizado', 2453);
insert into Honorario (idAsamblea, Personal_idPersonal, nombre, descripcion, monto) values (17, 18, 'pago', 'pago de sueldo por trabajo realizado', 2492);
insert into Honorario (idAsamblea, Personal_idPersonal, nombre, descripcion, monto) values (17, 19, 'pago', 'pago de sueldo por trabajo realizado', 2268);
insert into Honorario (idAsamblea, Personal_idPersonal, nombre, descripcion, monto) values (17, 20, 'pago', 'pago de sueldo por trabajo realizado', 2695);
insert into Honorario (idAsamblea, Personal_idPersonal, nombre, descripcion, monto) values (17, 21, 'pago', 'pago de sueldo por trabajo realizado', 1878);
insert into Honorario (idAsamblea, Personal_idPersonal, nombre, descripcion, monto) values (17, 22, 'pago', 'pago de sueldo por trabajo realizado', 2293);
insert into Honorario (idAsamblea, Personal_idPersonal, nombre, descripcion, monto) values (17, 23, 'pago', 'pago de sueldo por trabajo realizado', 2294);
insert into Honorario (idAsamblea, Personal_idPersonal, nombre, descripcion, monto) values (17, 24, 'pago', 'pago de sueldo por trabajo realizado', 2294);
insert into Honorario (idAsamblea, Personal_idPersonal, nombre, descripcion, monto) values (17, 25, 'pago', 'pago de sueldo por trabajo realizado', 2818);
insert into Honorario (idAsamblea, Personal_idPersonal, nombre, descripcion, monto) values (17, 26, 'pago', 'pago de sueldo por trabajo realizado', 3119);
insert into Honorario (idAsamblea, Personal_idPersonal, nombre, descripcion, monto) values (17, 27, 'pago', 'pago de sueldo por trabajo realizado', 2026);
insert into Honorario (idAsamblea, Personal_idPersonal, nombre, descripcion, monto) values (17, 28, 'pago', 'pago de sueldo por trabajo realizado', 2133);
insert into Honorario (idAsamblea, Personal_idPersonal, nombre, descripcion, monto) values (17, 29, 'pago', 'pago de sueldo por trabajo realizado', 2609);
insert into Honorario (idAsamblea, Personal_idPersonal, nombre, descripcion, monto) values (17, 30, 'pago', 'pago de sueldo por trabajo realizado', 2083);
insert into Honorario (idAsamblea, Personal_idPersonal, nombre, descripcion, monto) values (17, 31, 'pago', 'pago de sueldo por trabajo realizado', 2140);
insert into Honorario (idAsamblea, Personal_idPersonal, nombre, descripcion, monto) values (17, 32, 'pago', 'pago de sueldo por trabajo realizado', 2915);
insert into Honorario (idAsamblea, Personal_idPersonal, nombre, descripcion, monto) values (17, 33, 'pago', 'pago de sueldo por trabajo realizado', 2818);
insert into Honorario (idAsamblea, Personal_idPersonal, nombre, descripcion, monto) values (17, 34, 'pago', 'pago de sueldo por trabajo realizado', 2807);
insert into Honorario (idAsamblea, Personal_idPersonal, nombre, descripcion, monto) values (17, 35, 'pago', 'pago de sueldo por trabajo realizado', 2206);
insert into Honorario (idAsamblea, Personal_idPersonal, nombre, descripcion, monto) values (17, 36, 'pago', 'pago de sueldo por trabajo realizado', 2995);
insert into Honorario (idAsamblea, Personal_idPersonal, nombre, descripcion, monto) values (17, 37, 'pago', 'pago de sueldo por trabajo realizado', 2396);
insert into Honorario (idAsamblea, Personal_idPersonal, nombre, descripcion, monto) values (17, 38, 'pago', 'pago de sueldo por trabajo realizado', 3014);
insert into Honorario (idAsamblea, Personal_idPersonal, nombre, descripcion, monto) values (17, 39, 'pago', 'pago de sueldo por trabajo realizado', 3011);
insert into Honorario (idAsamblea, Personal_idPersonal, nombre, descripcion, monto) values (17, 40, 'pago', 'pago de sueldo por trabajo realizado', 2946);
insert into Honorario (idAsamblea, Personal_idPersonal, nombre, descripcion, monto) values (17, 41, 'pago', 'pago de sueldo por trabajo realizado', 2729);
insert into Honorario (idAsamblea, Personal_idPersonal, nombre, descripcion, monto) values (17, 42, 'pago', 'pago de sueldo por trabajo realizado', 2073);
insert into Honorario (idAsamblea, Personal_idPersonal, nombre, descripcion, monto) values (17, 43, 'pago', 'pago de sueldo por trabajo realizado', 2176);
insert into Honorario (idAsamblea, Personal_idPersonal, nombre, descripcion, monto) values (17, 44, 'pago', 'pago de sueldo por trabajo realizado', 3196);
insert into Honorario (idAsamblea, Personal_idPersonal, nombre, descripcion, monto) values (17, 45, 'pago', 'pago de sueldo por trabajo realizado', 2490);
insert into Honorario (idAsamblea, Personal_idPersonal, nombre, descripcion, monto) values (17, 46, 'pago', 'pago de sueldo por trabajo realizado', 3194);
insert into Honorario (idAsamblea, Personal_idPersonal, nombre, descripcion, monto) values (17, 47, 'pago', 'pago de sueldo por trabajo realizado', 3040);
insert into Honorario (idAsamblea, Personal_idPersonal, nombre, descripcion, monto) values (17, 48, 'pago', 'pago de sueldo por trabajo realizado', 2528);
insert into Honorario (idAsamblea, Personal_idPersonal, nombre, descripcion, monto) values (17, 49, 'pago', 'pago de sueldo por trabajo realizado', 1813);
insert into Honorario (idAsamblea, Personal_idPersonal, nombre, descripcion, monto) values (17, 50, 'pago', 'pago de sueldo por trabajo realizado', 2573);

insert into Honorario (idAsamblea, Personal_idPersonal, nombre, descripcion, monto) values (18, 1, 'pago', 'pago de sueldo por trabajo realizado', 2336);
insert into Honorario (idAsamblea, Personal_idPersonal, nombre, descripcion, monto) values (18, 2, 'pago', 'pago de sueldo por trabajo realizado', 2090);
insert into Honorario (idAsamblea, Personal_idPersonal, nombre, descripcion, monto) values (18, 3, 'pago', 'pago de sueldo por trabajo realizado', 1976);
insert into Honorario (idAsamblea, Personal_idPersonal, nombre, descripcion, monto) values (18, 4, 'pago', 'pago de sueldo por trabajo realizado', 1847);
insert into Honorario (idAsamblea, Personal_idPersonal, nombre, descripcion, monto) values (18, 5, 'pago', 'pago de sueldo por trabajo realizado', 1874);
insert into Honorario (idAsamblea, Personal_idPersonal, nombre, descripcion, monto) values (18, 6, 'pago', 'pago de sueldo por trabajo realizado', 2511);
insert into Honorario (idAsamblea, Personal_idPersonal, nombre, descripcion, monto) values (18, 7, 'pago', 'pago de sueldo por trabajo realizado', 2663);
insert into Honorario (idAsamblea, Personal_idPersonal, nombre, descripcion, monto) values (18, 8, 'pago', 'pago de sueldo por trabajo realizado', 1898);
insert into Honorario (idAsamblea, Personal_idPersonal, nombre, descripcion, monto) values (18, 9, 'pago', 'pago de sueldo por trabajo realizado', 2120);
insert into Honorario (idAsamblea, Personal_idPersonal, nombre, descripcion, monto) values (18, 10, 'pago', 'pago de sueldo por trabajo realizado', 2454);
insert into Honorario (idAsamblea, Personal_idPersonal, nombre, descripcion, monto) values (18, 11, 'pago', 'pago de sueldo por trabajo realizado', 2904);
insert into Honorario (idAsamblea, Personal_idPersonal, nombre, descripcion, monto) values (18, 12, 'pago', 'pago de sueldo por trabajo realizado', 1896);
insert into Honorario (idAsamblea, Personal_idPersonal, nombre, descripcion, monto) values (18, 13, 'pago', 'pago de sueldo por trabajo realizado', 3170);
insert into Honorario (idAsamblea, Personal_idPersonal, nombre, descripcion, monto) values (18, 14, 'pago', 'pago de sueldo por trabajo realizado', 2936);
insert into Honorario (idAsamblea, Personal_idPersonal, nombre, descripcion, monto) values (18, 15, 'pago', 'pago de sueldo por trabajo realizado', 3118);
insert into Honorario (idAsamblea, Personal_idPersonal, nombre, descripcion, monto) values (18, 16, 'pago', 'pago de sueldo por trabajo realizado', 2068);
insert into Honorario (idAsamblea, Personal_idPersonal, nombre, descripcion, monto) values (18, 17, 'pago', 'pago de sueldo por trabajo realizado', 2300);
insert into Honorario (idAsamblea, Personal_idPersonal, nombre, descripcion, monto) values (18, 18, 'pago', 'pago de sueldo por trabajo realizado', 2685);
insert into Honorario (idAsamblea, Personal_idPersonal, nombre, descripcion, monto) values (18, 19, 'pago', 'pago de sueldo por trabajo realizado', 2425);
insert into Honorario (idAsamblea, Personal_idPersonal, nombre, descripcion, monto) values (18, 20, 'pago', 'pago de sueldo por trabajo realizado', 1974);
insert into Honorario (idAsamblea, Personal_idPersonal, nombre, descripcion, monto) values (18, 21, 'pago', 'pago de sueldo por trabajo realizado', 1810);
insert into Honorario (idAsamblea, Personal_idPersonal, nombre, descripcion, monto) values (18, 22, 'pago', 'pago de sueldo por trabajo realizado', 2433);
insert into Honorario (idAsamblea, Personal_idPersonal, nombre, descripcion, monto) values (18, 23, 'pago', 'pago de sueldo por trabajo realizado', 2165);
insert into Honorario (idAsamblea, Personal_idPersonal, nombre, descripcion, monto) values (18, 24, 'pago', 'pago de sueldo por trabajo realizado', 1857);
insert into Honorario (idAsamblea, Personal_idPersonal, nombre, descripcion, monto) values (18, 25, 'pago', 'pago de sueldo por trabajo realizado', 2240);
insert into Honorario (idAsamblea, Personal_idPersonal, nombre, descripcion, monto) values (18, 26, 'pago', 'pago de sueldo por trabajo realizado', 2041);
insert into Honorario (idAsamblea, Personal_idPersonal, nombre, descripcion, monto) values (18, 27, 'pago', 'pago de sueldo por trabajo realizado', 1807);
insert into Honorario (idAsamblea, Personal_idPersonal, nombre, descripcion, monto) values (18, 28, 'pago', 'pago de sueldo por trabajo realizado', 2583);
insert into Honorario (idAsamblea, Personal_idPersonal, nombre, descripcion, monto) values (18, 29, 'pago', 'pago de sueldo por trabajo realizado', 2546);
insert into Honorario (idAsamblea, Personal_idPersonal, nombre, descripcion, monto) values (18, 30, 'pago', 'pago de sueldo por trabajo realizado', 3013);
insert into Honorario (idAsamblea, Personal_idPersonal, nombre, descripcion, monto) values (18, 31, 'pago', 'pago de sueldo por trabajo realizado', 3148);
insert into Honorario (idAsamblea, Personal_idPersonal, nombre, descripcion, monto) values (18, 32, 'pago', 'pago de sueldo por trabajo realizado', 2279);
insert into Honorario (idAsamblea, Personal_idPersonal, nombre, descripcion, monto) values (18, 33, 'pago', 'pago de sueldo por trabajo realizado', 1820);
insert into Honorario (idAsamblea, Personal_idPersonal, nombre, descripcion, monto) values (18, 34, 'pago', 'pago de sueldo por trabajo realizado', 2714);
insert into Honorario (idAsamblea, Personal_idPersonal, nombre, descripcion, monto) values (18, 35, 'pago', 'pago de sueldo por trabajo realizado', 2692);
insert into Honorario (idAsamblea, Personal_idPersonal, nombre, descripcion, monto) values (18, 36, 'pago', 'pago de sueldo por trabajo realizado', 2746);
insert into Honorario (idAsamblea, Personal_idPersonal, nombre, descripcion, monto) values (18, 37, 'pago', 'pago de sueldo por trabajo realizado', 3096);
insert into Honorario (idAsamblea, Personal_idPersonal, nombre, descripcion, monto) values (18, 38, 'pago', 'pago de sueldo por trabajo realizado', 2514);
insert into Honorario (idAsamblea, Personal_idPersonal, nombre, descripcion, monto) values (18, 39, 'pago', 'pago de sueldo por trabajo realizado', 1996);
insert into Honorario (idAsamblea, Personal_idPersonal, nombre, descripcion, monto) values (18, 40, 'pago', 'pago de sueldo por trabajo realizado', 2648);
insert into Honorario (idAsamblea, Personal_idPersonal, nombre, descripcion, monto) values (18, 41, 'pago', 'pago de sueldo por trabajo realizado', 2434);
insert into Honorario (idAsamblea, Personal_idPersonal, nombre, descripcion, monto) values (18, 42, 'pago', 'pago de sueldo por trabajo realizado', 2039);
insert into Honorario (idAsamblea, Personal_idPersonal, nombre, descripcion, monto) values (18, 43, 'pago', 'pago de sueldo por trabajo realizado', 2287);
insert into Honorario (idAsamblea, Personal_idPersonal, nombre, descripcion, monto) values (18, 44, 'pago', 'pago de sueldo por trabajo realizado', 2532);
insert into Honorario (idAsamblea, Personal_idPersonal, nombre, descripcion, monto) values (18, 45, 'pago', 'pago de sueldo por trabajo realizado', 2462);
insert into Honorario (idAsamblea, Personal_idPersonal, nombre, descripcion, monto) values (18, 46, 'pago', 'pago de sueldo por trabajo realizado', 1852);
insert into Honorario (idAsamblea, Personal_idPersonal, nombre, descripcion, monto) values (18, 47, 'pago', 'pago de sueldo por trabajo realizado', 2403);
insert into Honorario (idAsamblea, Personal_idPersonal, nombre, descripcion, monto) values (18, 48, 'pago', 'pago de sueldo por trabajo realizado', 2232);
insert into Honorario (idAsamblea, Personal_idPersonal, nombre, descripcion, monto) values (18, 49, 'pago', 'pago de sueldo por trabajo realizado', 2525);
insert into Honorario (idAsamblea, Personal_idPersonal, nombre, descripcion, monto) values (18, 50, 'pago', 'pago de sueldo por trabajo realizado', 2614);

insert into Honorario (idAsamblea, Personal_idPersonal, nombre, descripcion, monto) values (19, 1, 'pago', 'pago de sueldo por trabajo realizado', 3181);
insert into Honorario (idAsamblea, Personal_idPersonal, nombre, descripcion, monto) values (19, 2, 'pago', 'pago de sueldo por trabajo realizado', 2674);
insert into Honorario (idAsamblea, Personal_idPersonal, nombre, descripcion, monto) values (19, 3, 'pago', 'pago de sueldo por trabajo realizado', 2560);
insert into Honorario (idAsamblea, Personal_idPersonal, nombre, descripcion, monto) values (19, 4, 'pago', 'pago de sueldo por trabajo realizado', 2045);
insert into Honorario (idAsamblea, Personal_idPersonal, nombre, descripcion, monto) values (19, 5, 'pago', 'pago de sueldo por trabajo realizado', 2944);
insert into Honorario (idAsamblea, Personal_idPersonal, nombre, descripcion, monto) values (19, 6, 'pago', 'pago de sueldo por trabajo realizado', 2365);
insert into Honorario (idAsamblea, Personal_idPersonal, nombre, descripcion, monto) values (19, 7, 'pago', 'pago de sueldo por trabajo realizado', 2593);
insert into Honorario (idAsamblea, Personal_idPersonal, nombre, descripcion, monto) values (19, 8, 'pago', 'pago de sueldo por trabajo realizado', 1820);
insert into Honorario (idAsamblea, Personal_idPersonal, nombre, descripcion, monto) values (19, 9, 'pago', 'pago de sueldo por trabajo realizado', 3110);
insert into Honorario (idAsamblea, Personal_idPersonal, nombre, descripcion, monto) values (19, 10, 'pago', 'pago de sueldo por trabajo realizado', 1914);
insert into Honorario (idAsamblea, Personal_idPersonal, nombre, descripcion, monto) values (19, 11, 'pago', 'pago de sueldo por trabajo realizado', 1906);
insert into Honorario (idAsamblea, Personal_idPersonal, nombre, descripcion, monto) values (19, 12, 'pago', 'pago de sueldo por trabajo realizado', 2049);
insert into Honorario (idAsamblea, Personal_idPersonal, nombre, descripcion, monto) values (19, 13, 'pago', 'pago de sueldo por trabajo realizado', 3074);
insert into Honorario (idAsamblea, Personal_idPersonal, nombre, descripcion, monto) values (19, 14, 'pago', 'pago de sueldo por trabajo realizado', 2433);
insert into Honorario (idAsamblea, Personal_idPersonal, nombre, descripcion, monto) values (19, 15, 'pago', 'pago de sueldo por trabajo realizado', 2290);
insert into Honorario (idAsamblea, Personal_idPersonal, nombre, descripcion, monto) values (19, 16, 'pago', 'pago de sueldo por trabajo realizado', 2484);
insert into Honorario (idAsamblea, Personal_idPersonal, nombre, descripcion, monto) values (19, 17, 'pago', 'pago de sueldo por trabajo realizado', 2246);
insert into Honorario (idAsamblea, Personal_idPersonal, nombre, descripcion, monto) values (19, 18, 'pago', 'pago de sueldo por trabajo realizado', 3180);
insert into Honorario (idAsamblea, Personal_idPersonal, nombre, descripcion, monto) values (19, 19, 'pago', 'pago de sueldo por trabajo realizado', 3143);
insert into Honorario (idAsamblea, Personal_idPersonal, nombre, descripcion, monto) values (19, 20, 'pago', 'pago de sueldo por trabajo realizado', 1970);
insert into Honorario (idAsamblea, Personal_idPersonal, nombre, descripcion, monto) values (19, 21, 'pago', 'pago de sueldo por trabajo realizado', 3101);
insert into Honorario (idAsamblea, Personal_idPersonal, nombre, descripcion, monto) values (19, 22, 'pago', 'pago de sueldo por trabajo realizado', 2780);
insert into Honorario (idAsamblea, Personal_idPersonal, nombre, descripcion, monto) values (19, 23, 'pago', 'pago de sueldo por trabajo realizado', 2942);
insert into Honorario (idAsamblea, Personal_idPersonal, nombre, descripcion, monto) values (19, 24, 'pago', 'pago de sueldo por trabajo realizado', 2846);
insert into Honorario (idAsamblea, Personal_idPersonal, nombre, descripcion, monto) values (19, 25, 'pago', 'pago de sueldo por trabajo realizado', 2179);
insert into Honorario (idAsamblea, Personal_idPersonal, nombre, descripcion, monto) values (19, 26, 'pago', 'pago de sueldo por trabajo realizado', 2211);
insert into Honorario (idAsamblea, Personal_idPersonal, nombre, descripcion, monto) values (19, 27, 'pago', 'pago de sueldo por trabajo realizado', 2584);
insert into Honorario (idAsamblea, Personal_idPersonal, nombre, descripcion, monto) values (19, 28, 'pago', 'pago de sueldo por trabajo realizado', 2721);
insert into Honorario (idAsamblea, Personal_idPersonal, nombre, descripcion, monto) values (19, 29, 'pago', 'pago de sueldo por trabajo realizado', 2669);
insert into Honorario (idAsamblea, Personal_idPersonal, nombre, descripcion, monto) values (19, 30, 'pago', 'pago de sueldo por trabajo realizado', 1876);
insert into Honorario (idAsamblea, Personal_idPersonal, nombre, descripcion, monto) values (19, 31, 'pago', 'pago de sueldo por trabajo realizado', 2655);
insert into Honorario (idAsamblea, Personal_idPersonal, nombre, descripcion, monto) values (19, 32, 'pago', 'pago de sueldo por trabajo realizado', 2714);
insert into Honorario (idAsamblea, Personal_idPersonal, nombre, descripcion, monto) values (19, 33, 'pago', 'pago de sueldo por trabajo realizado', 2861);
insert into Honorario (idAsamblea, Personal_idPersonal, nombre, descripcion, monto) values (19, 34, 'pago', 'pago de sueldo por trabajo realizado', 3079);
insert into Honorario (idAsamblea, Personal_idPersonal, nombre, descripcion, monto) values (19, 35, 'pago', 'pago de sueldo por trabajo realizado', 1981);
insert into Honorario (idAsamblea, Personal_idPersonal, nombre, descripcion, monto) values (19, 36, 'pago', 'pago de sueldo por trabajo realizado', 2604);
insert into Honorario (idAsamblea, Personal_idPersonal, nombre, descripcion, monto) values (19, 37, 'pago', 'pago de sueldo por trabajo realizado', 2387);
insert into Honorario (idAsamblea, Personal_idPersonal, nombre, descripcion, monto) values (19, 38, 'pago', 'pago de sueldo por trabajo realizado', 2756);
insert into Honorario (idAsamblea, Personal_idPersonal, nombre, descripcion, monto) values (19, 39, 'pago', 'pago de sueldo por trabajo realizado', 3005);
insert into Honorario (idAsamblea, Personal_idPersonal, nombre, descripcion, monto) values (19, 40, 'pago', 'pago de sueldo por trabajo realizado', 3031);
insert into Honorario (idAsamblea, Personal_idPersonal, nombre, descripcion, monto) values (19, 41, 'pago', 'pago de sueldo por trabajo realizado', 2490);
insert into Honorario (idAsamblea, Personal_idPersonal, nombre, descripcion, monto) values (19, 42, 'pago', 'pago de sueldo por trabajo realizado', 2450);
insert into Honorario (idAsamblea, Personal_idPersonal, nombre, descripcion, monto) values (19, 43, 'pago', 'pago de sueldo por trabajo realizado', 2261);
insert into Honorario (idAsamblea, Personal_idPersonal, nombre, descripcion, monto) values (19, 44, 'pago', 'pago de sueldo por trabajo realizado', 2578);
insert into Honorario (idAsamblea, Personal_idPersonal, nombre, descripcion, monto) values (19, 45, 'pago', 'pago de sueldo por trabajo realizado', 1996);
insert into Honorario (idAsamblea, Personal_idPersonal, nombre, descripcion, monto) values (19, 46, 'pago', 'pago de sueldo por trabajo realizado', 2914);
insert into Honorario (idAsamblea, Personal_idPersonal, nombre, descripcion, monto) values (19, 47, 'pago', 'pago de sueldo por trabajo realizado', 2786);
insert into Honorario (idAsamblea, Personal_idPersonal, nombre, descripcion, monto) values (19, 48, 'pago', 'pago de sueldo por trabajo realizado', 3006);
insert into Honorario (idAsamblea, Personal_idPersonal, nombre, descripcion, monto) values (19, 49, 'pago', 'pago de sueldo por trabajo realizado', 3168);
insert into Honorario (idAsamblea, Personal_idPersonal, nombre, descripcion, monto) values (19, 50, 'pago', 'pago de sueldo por trabajo realizado', 3125);


insert into Honorario (idAsamblea, Personal_idPersonal, nombre, descripcion, monto) values (20, 1, 'pago', 'pago de sueldo por trabajo realizado', 2554);
insert into Honorario (idAsamblea, Personal_idPersonal, nombre, descripcion, monto) values (20, 2, 'pago', 'pago de sueldo por trabajo realizado', 2075);
insert into Honorario (idAsamblea, Personal_idPersonal, nombre, descripcion, monto) values (20, 3, 'pago', 'pago de sueldo por trabajo realizado', 1976);
insert into Honorario (idAsamblea, Personal_idPersonal, nombre, descripcion, monto) values (20, 4, 'pago', 'pago de sueldo por trabajo realizado', 1990);
insert into Honorario (idAsamblea, Personal_idPersonal, nombre, descripcion, monto) values (20, 5, 'pago', 'pago de sueldo por trabajo realizado', 1967);
insert into Honorario (idAsamblea, Personal_idPersonal, nombre, descripcion, monto) values (20, 6, 'pago', 'pago de sueldo por trabajo realizado', 1900);
insert into Honorario (idAsamblea, Personal_idPersonal, nombre, descripcion, monto) values (20, 7, 'pago', 'pago de sueldo por trabajo realizado', 2396);
insert into Honorario (idAsamblea, Personal_idPersonal, nombre, descripcion, monto) values (20, 8, 'pago', 'pago de sueldo por trabajo realizado', 2836);
insert into Honorario (idAsamblea, Personal_idPersonal, nombre, descripcion, monto) values (20, 9, 'pago', 'pago de sueldo por trabajo realizado', 2260);
insert into Honorario (idAsamblea, Personal_idPersonal, nombre, descripcion, monto) values (20, 10, 'pago', 'pago de sueldo por trabajo realizado', 2359);
insert into Honorario (idAsamblea, Personal_idPersonal, nombre, descripcion, monto) values (20, 11, 'pago', 'pago de sueldo por trabajo realizado', 1868);
insert into Honorario (idAsamblea, Personal_idPersonal, nombre, descripcion, monto) values (20, 12, 'pago', 'pago de sueldo por trabajo realizado', 2891);
insert into Honorario (idAsamblea, Personal_idPersonal, nombre, descripcion, monto) values (20, 13, 'pago', 'pago de sueldo por trabajo realizado', 1916);
insert into Honorario (idAsamblea, Personal_idPersonal, nombre, descripcion, monto) values (20, 14, 'pago', 'pago de sueldo por trabajo realizado', 2365);
insert into Honorario (idAsamblea, Personal_idPersonal, nombre, descripcion, monto) values (20, 15, 'pago', 'pago de sueldo por trabajo realizado', 2121);
insert into Honorario (idAsamblea, Personal_idPersonal, nombre, descripcion, monto) values (20, 16, 'pago', 'pago de sueldo por trabajo realizado', 1958);
insert into Honorario (idAsamblea, Personal_idPersonal, nombre, descripcion, monto) values (20, 17, 'pago', 'pago de sueldo por trabajo realizado', 3144);
insert into Honorario (idAsamblea, Personal_idPersonal, nombre, descripcion, monto) values (20, 18, 'pago', 'pago de sueldo por trabajo realizado', 2472);
insert into Honorario (idAsamblea, Personal_idPersonal, nombre, descripcion, monto) values (20, 19, 'pago', 'pago de sueldo por trabajo realizado', 2897);
insert into Honorario (idAsamblea, Personal_idPersonal, nombre, descripcion, monto) values (20, 20, 'pago', 'pago de sueldo por trabajo realizado', 2641);
insert into Honorario (idAsamblea, Personal_idPersonal, nombre, descripcion, monto) values (20, 21, 'pago', 'pago de sueldo por trabajo realizado', 2243);
insert into Honorario (idAsamblea, Personal_idPersonal, nombre, descripcion, monto) values (20, 22, 'pago', 'pago de sueldo por trabajo realizado', 2024);
insert into Honorario (idAsamblea, Personal_idPersonal, nombre, descripcion, monto) values (20, 23, 'pago', 'pago de sueldo por trabajo realizado', 2932);
insert into Honorario (idAsamblea, Personal_idPersonal, nombre, descripcion, monto) values (20, 24, 'pago', 'pago de sueldo por trabajo realizado', 3184);
insert into Honorario (idAsamblea, Personal_idPersonal, nombre, descripcion, monto) values (20, 25, 'pago', 'pago de sueldo por trabajo realizado', 3010);
insert into Honorario (idAsamblea, Personal_idPersonal, nombre, descripcion, monto) values (20, 26, 'pago', 'pago de sueldo por trabajo realizado', 2575);
insert into Honorario (idAsamblea, Personal_idPersonal, nombre, descripcion, monto) values (20, 27, 'pago', 'pago de sueldo por trabajo realizado', 1804);
insert into Honorario (idAsamblea, Personal_idPersonal, nombre, descripcion, monto) values (20, 28, 'pago', 'pago de sueldo por trabajo realizado', 2624);
insert into Honorario (idAsamblea, Personal_idPersonal, nombre, descripcion, monto) values (20, 29, 'pago', 'pago de sueldo por trabajo realizado', 2769);
insert into Honorario (idAsamblea, Personal_idPersonal, nombre, descripcion, monto) values (20, 30, 'pago', 'pago de sueldo por trabajo realizado', 2623);
insert into Honorario (idAsamblea, Personal_idPersonal, nombre, descripcion, monto) values (20, 31, 'pago', 'pago de sueldo por trabajo realizado', 2941);
insert into Honorario (idAsamblea, Personal_idPersonal, nombre, descripcion, monto) values (20, 32, 'pago', 'pago de sueldo por trabajo realizado', 3107);
insert into Honorario (idAsamblea, Personal_idPersonal, nombre, descripcion, monto) values (20, 33, 'pago', 'pago de sueldo por trabajo realizado', 2007);
insert into Honorario (idAsamblea, Personal_idPersonal, nombre, descripcion, monto) values (20, 34, 'pago', 'pago de sueldo por trabajo realizado', 3193);
insert into Honorario (idAsamblea, Personal_idPersonal, nombre, descripcion, monto) values (20, 35, 'pago', 'pago de sueldo por trabajo realizado', 2631);
insert into Honorario (idAsamblea, Personal_idPersonal, nombre, descripcion, monto) values (20, 36, 'pago', 'pago de sueldo por trabajo realizado', 3169);
insert into Honorario (idAsamblea, Personal_idPersonal, nombre, descripcion, monto) values (20, 37, 'pago', 'pago de sueldo por trabajo realizado', 1896);
insert into Honorario (idAsamblea, Personal_idPersonal, nombre, descripcion, monto) values (20, 38, 'pago', 'pago de sueldo por trabajo realizado', 3129);
insert into Honorario (idAsamblea, Personal_idPersonal, nombre, descripcion, monto) values (20, 39, 'pago', 'pago de sueldo por trabajo realizado', 2751);
insert into Honorario (idAsamblea, Personal_idPersonal, nombre, descripcion, monto) values (20, 40, 'pago', 'pago de sueldo por trabajo realizado', 2975);
insert into Honorario (idAsamblea, Personal_idPersonal, nombre, descripcion, monto) values (20, 41, 'pago', 'pago de sueldo por trabajo realizado', 3106);
insert into Honorario (idAsamblea, Personal_idPersonal, nombre, descripcion, monto) values (20, 42, 'pago', 'pago de sueldo por trabajo realizado', 2466);
insert into Honorario (idAsamblea, Personal_idPersonal, nombre, descripcion, monto) values (20, 43, 'pago', 'pago de sueldo por trabajo realizado', 2841);
insert into Honorario (idAsamblea, Personal_idPersonal, nombre, descripcion, monto) values (20, 44, 'pago', 'pago de sueldo por trabajo realizado', 2328);
insert into Honorario (idAsamblea, Personal_idPersonal, nombre, descripcion, monto) values (20, 45, 'pago', 'pago de sueldo por trabajo realizado', 2867);
insert into Honorario (idAsamblea, Personal_idPersonal, nombre, descripcion, monto) values (20, 46, 'pago', 'pago de sueldo por trabajo realizado', 2084);
insert into Honorario (idAsamblea, Personal_idPersonal, nombre, descripcion, monto) values (20, 47, 'pago', 'pago de sueldo por trabajo realizado', 2747);
insert into Honorario (idAsamblea, Personal_idPersonal, nombre, descripcion, monto) values (20, 48, 'pago', 'pago de sueldo por trabajo realizado', 2596);
insert into Honorario (idAsamblea, Personal_idPersonal, nombre, descripcion, monto) values (20, 49, 'pago', 'pago de sueldo por trabajo realizado', 2845);
insert into Honorario (idAsamblea, Personal_idPersonal, nombre, descripcion, monto) values (20, 50, 'pago', 'pago de sueldo por trabajo realizado', 2815);

insert into Honorario (idAsamblea, Personal_idPersonal, nombre, descripcion, monto) values (21, 1, 'pago', 'pago de sueldo por trabajo realizado', 2142);
insert into Honorario (idAsamblea, Personal_idPersonal, nombre, descripcion, monto) values (21, 2, 'pago', 'pago de sueldo por trabajo realizado', 2427);
insert into Honorario (idAsamblea, Personal_idPersonal, nombre, descripcion, monto) values (21, 3, 'pago', 'pago de sueldo por trabajo realizado', 2893);
insert into Honorario (idAsamblea, Personal_idPersonal, nombre, descripcion, monto) values (21, 4, 'pago', 'pago de sueldo por trabajo realizado', 2667);
insert into Honorario (idAsamblea, Personal_idPersonal, nombre, descripcion, monto) values (21, 5, 'pago', 'pago de sueldo por trabajo realizado', 1940);
insert into Honorario (idAsamblea, Personal_idPersonal, nombre, descripcion, monto) values (21, 6, 'pago', 'pago de sueldo por trabajo realizado', 2517);
insert into Honorario (idAsamblea, Personal_idPersonal, nombre, descripcion, monto) values (21, 7, 'pago', 'pago de sueldo por trabajo realizado', 3049);
insert into Honorario (idAsamblea, Personal_idPersonal, nombre, descripcion, monto) values (21, 8, 'pago', 'pago de sueldo por trabajo realizado', 2968);
insert into Honorario (idAsamblea, Personal_idPersonal, nombre, descripcion, monto) values (21, 9, 'pago', 'pago de sueldo por trabajo realizado', 1935);
insert into Honorario (idAsamblea, Personal_idPersonal, nombre, descripcion, monto) values (21, 10, 'pago', 'pago de sueldo por trabajo realizado', 2983);
insert into Honorario (idAsamblea, Personal_idPersonal, nombre, descripcion, monto) values (21, 11, 'pago', 'pago de sueldo por trabajo realizado', 2445);
insert into Honorario (idAsamblea, Personal_idPersonal, nombre, descripcion, monto) values (21, 12, 'pago', 'pago de sueldo por trabajo realizado', 1809);
insert into Honorario (idAsamblea, Personal_idPersonal, nombre, descripcion, monto) values (21, 13, 'pago', 'pago de sueldo por trabajo realizado', 2974);
insert into Honorario (idAsamblea, Personal_idPersonal, nombre, descripcion, monto) values (21, 14, 'pago', 'pago de sueldo por trabajo realizado', 2498);
insert into Honorario (idAsamblea, Personal_idPersonal, nombre, descripcion, monto) values (21, 15, 'pago', 'pago de sueldo por trabajo realizado', 2056);
insert into Honorario (idAsamblea, Personal_idPersonal, nombre, descripcion, monto) values (21, 16, 'pago', 'pago de sueldo por trabajo realizado', 2166);
insert into Honorario (idAsamblea, Personal_idPersonal, nombre, descripcion, monto) values (21, 17, 'pago', 'pago de sueldo por trabajo realizado', 2048);
insert into Honorario (idAsamblea, Personal_idPersonal, nombre, descripcion, monto) values (21, 18, 'pago', 'pago de sueldo por trabajo realizado', 2642);
insert into Honorario (idAsamblea, Personal_idPersonal, nombre, descripcion, monto) values (21, 19, 'pago', 'pago de sueldo por trabajo realizado', 2919);
insert into Honorario (idAsamblea, Personal_idPersonal, nombre, descripcion, monto) values (21, 20, 'pago', 'pago de sueldo por trabajo realizado', 2224);
insert into Honorario (idAsamblea, Personal_idPersonal, nombre, descripcion, monto) values (21, 21, 'pago', 'pago de sueldo por trabajo realizado', 2878);
insert into Honorario (idAsamblea, Personal_idPersonal, nombre, descripcion, monto) values (21, 22, 'pago', 'pago de sueldo por trabajo realizado', 2580);
insert into Honorario (idAsamblea, Personal_idPersonal, nombre, descripcion, monto) values (21, 23, 'pago', 'pago de sueldo por trabajo realizado', 2730);
insert into Honorario (idAsamblea, Personal_idPersonal, nombre, descripcion, monto) values (21, 24, 'pago', 'pago de sueldo por trabajo realizado', 2318);
insert into Honorario (idAsamblea, Personal_idPersonal, nombre, descripcion, monto) values (21, 25, 'pago', 'pago de sueldo por trabajo realizado', 2436);
insert into Honorario (idAsamblea, Personal_idPersonal, nombre, descripcion, monto) values (21, 26, 'pago', 'pago de sueldo por trabajo realizado', 2857);
insert into Honorario (idAsamblea, Personal_idPersonal, nombre, descripcion, monto) values (21, 27, 'pago', 'pago de sueldo por trabajo realizado', 3061);
insert into Honorario (idAsamblea, Personal_idPersonal, nombre, descripcion, monto) values (21, 28, 'pago', 'pago de sueldo por trabajo realizado', 2824);
insert into Honorario (idAsamblea, Personal_idPersonal, nombre, descripcion, monto) values (21, 29, 'pago', 'pago de sueldo por trabajo realizado', 1802);
insert into Honorario (idAsamblea, Personal_idPersonal, nombre, descripcion, monto) values (21, 30, 'pago', 'pago de sueldo por trabajo realizado', 2037);
insert into Honorario (idAsamblea, Personal_idPersonal, nombre, descripcion, monto) values (21, 31, 'pago', 'pago de sueldo por trabajo realizado', 2681);
insert into Honorario (idAsamblea, Personal_idPersonal, nombre, descripcion, monto) values (21, 32, 'pago', 'pago de sueldo por trabajo realizado', 2915);
insert into Honorario (idAsamblea, Personal_idPersonal, nombre, descripcion, monto) values (21, 33, 'pago', 'pago de sueldo por trabajo realizado', 2717);
insert into Honorario (idAsamblea, Personal_idPersonal, nombre, descripcion, monto) values (21, 34, 'pago', 'pago de sueldo por trabajo realizado', 2586);
insert into Honorario (idAsamblea, Personal_idPersonal, nombre, descripcion, monto) values (21, 35, 'pago', 'pago de sueldo por trabajo realizado', 2406);
insert into Honorario (idAsamblea, Personal_idPersonal, nombre, descripcion, monto) values (21, 36, 'pago', 'pago de sueldo por trabajo realizado', 2031);
insert into Honorario (idAsamblea, Personal_idPersonal, nombre, descripcion, monto) values (21, 37, 'pago', 'pago de sueldo por trabajo realizado', 2065);
insert into Honorario (idAsamblea, Personal_idPersonal, nombre, descripcion, monto) values (21, 38, 'pago', 'pago de sueldo por trabajo realizado', 2499);
insert into Honorario (idAsamblea, Personal_idPersonal, nombre, descripcion, monto) values (21, 39, 'pago', 'pago de sueldo por trabajo realizado', 2964);
insert into Honorario (idAsamblea, Personal_idPersonal, nombre, descripcion, monto) values (21, 40, 'pago', 'pago de sueldo por trabajo realizado', 2388);
insert into Honorario (idAsamblea, Personal_idPersonal, nombre, descripcion, monto) values (21, 41, 'pago', 'pago de sueldo por trabajo realizado', 2531);
insert into Honorario (idAsamblea, Personal_idPersonal, nombre, descripcion, monto) values (21, 42, 'pago', 'pago de sueldo por trabajo realizado', 2943);
insert into Honorario (idAsamblea, Personal_idPersonal, nombre, descripcion, monto) values (21, 43, 'pago', 'pago de sueldo por trabajo realizado', 2631);
insert into Honorario (idAsamblea, Personal_idPersonal, nombre, descripcion, monto) values (21, 44, 'pago', 'pago de sueldo por trabajo realizado', 2337);
insert into Honorario (idAsamblea, Personal_idPersonal, nombre, descripcion, monto) values (21, 45, 'pago', 'pago de sueldo por trabajo realizado', 2389);
insert into Honorario (idAsamblea, Personal_idPersonal, nombre, descripcion, monto) values (21, 46, 'pago', 'pago de sueldo por trabajo realizado', 2393);
insert into Honorario (idAsamblea, Personal_idPersonal, nombre, descripcion, monto) values (21, 47, 'pago', 'pago de sueldo por trabajo realizado', 1803);
insert into Honorario (idAsamblea, Personal_idPersonal, nombre, descripcion, monto) values (21, 48, 'pago', 'pago de sueldo por trabajo realizado', 2518);
insert into Honorario (idAsamblea, Personal_idPersonal, nombre, descripcion, monto) values (21, 49, 'pago', 'pago de sueldo por trabajo realizado', 2472);
insert into Honorario (idAsamblea, Personal_idPersonal, nombre, descripcion, monto) values (21, 50, 'pago', 'pago de sueldo por trabajo realizado', 2443);

insert into Honorario (idAsamblea, Personal_idPersonal, nombre, descripcion, monto) values (22, 1, 'pago', 'pago de sueldo por trabajo realizado', 2897);
insert into Honorario (idAsamblea, Personal_idPersonal, nombre, descripcion, monto) values (22, 2, 'pago', 'pago de sueldo por trabajo realizado', 3012);
insert into Honorario (idAsamblea, Personal_idPersonal, nombre, descripcion, monto) values (22, 3, 'pago', 'pago de sueldo por trabajo realizado', 3080);
insert into Honorario (idAsamblea, Personal_idPersonal, nombre, descripcion, monto) values (22, 4, 'pago', 'pago de sueldo por trabajo realizado', 3034);
insert into Honorario (idAsamblea, Personal_idPersonal, nombre, descripcion, monto) values (22, 5, 'pago', 'pago de sueldo por trabajo realizado', 1910);
insert into Honorario (idAsamblea, Personal_idPersonal, nombre, descripcion, monto) values (22, 6, 'pago', 'pago de sueldo por trabajo realizado', 2797);
insert into Honorario (idAsamblea, Personal_idPersonal, nombre, descripcion, monto) values (22, 7, 'pago', 'pago de sueldo por trabajo realizado', 2506);
insert into Honorario (idAsamblea, Personal_idPersonal, nombre, descripcion, monto) values (22, 8, 'pago', 'pago de sueldo por trabajo realizado', 1950);
insert into Honorario (idAsamblea, Personal_idPersonal, nombre, descripcion, monto) values (22, 9, 'pago', 'pago de sueldo por trabajo realizado', 2420);
insert into Honorario (idAsamblea, Personal_idPersonal, nombre, descripcion, monto) values (22, 10, 'pago', 'pago de sueldo por trabajo realizado', 2656);
insert into Honorario (idAsamblea, Personal_idPersonal, nombre, descripcion, monto) values (22, 11, 'pago', 'pago de sueldo por trabajo realizado', 2675);
insert into Honorario (idAsamblea, Personal_idPersonal, nombre, descripcion, monto) values (22, 12, 'pago', 'pago de sueldo por trabajo realizado', 2965);
insert into Honorario (idAsamblea, Personal_idPersonal, nombre, descripcion, monto) values (22, 13, 'pago', 'pago de sueldo por trabajo realizado', 3045);
insert into Honorario (idAsamblea, Personal_idPersonal, nombre, descripcion, monto) values (22, 14, 'pago', 'pago de sueldo por trabajo realizado', 2740);
insert into Honorario (idAsamblea, Personal_idPersonal, nombre, descripcion, monto) values (22, 15, 'pago', 'pago de sueldo por trabajo realizado', 2839);
insert into Honorario (idAsamblea, Personal_idPersonal, nombre, descripcion, monto) values (22, 16, 'pago', 'pago de sueldo por trabajo realizado', 2244);
insert into Honorario (idAsamblea, Personal_idPersonal, nombre, descripcion, monto) values (22, 17, 'pago', 'pago de sueldo por trabajo realizado', 2098);
insert into Honorario (idAsamblea, Personal_idPersonal, nombre, descripcion, monto) values (22, 18, 'pago', 'pago de sueldo por trabajo realizado', 3144);
insert into Honorario (idAsamblea, Personal_idPersonal, nombre, descripcion, monto) values (22, 19, 'pago', 'pago de sueldo por trabajo realizado', 2549);
insert into Honorario (idAsamblea, Personal_idPersonal, nombre, descripcion, monto) values (22, 20, 'pago', 'pago de sueldo por trabajo realizado', 2296);
insert into Honorario (idAsamblea, Personal_idPersonal, nombre, descripcion, monto) values (22, 21, 'pago', 'pago de sueldo por trabajo realizado', 2487);
insert into Honorario (idAsamblea, Personal_idPersonal, nombre, descripcion, monto) values (22, 22, 'pago', 'pago de sueldo por trabajo realizado', 2930);
insert into Honorario (idAsamblea, Personal_idPersonal, nombre, descripcion, monto) values (22, 23, 'pago', 'pago de sueldo por trabajo realizado', 2973);
insert into Honorario (idAsamblea, Personal_idPersonal, nombre, descripcion, monto) values (22, 24, 'pago', 'pago de sueldo por trabajo realizado', 2979);
insert into Honorario (idAsamblea, Personal_idPersonal, nombre, descripcion, monto) values (22, 25, 'pago', 'pago de sueldo por trabajo realizado', 2645);
insert into Honorario (idAsamblea, Personal_idPersonal, nombre, descripcion, monto) values (22, 26, 'pago', 'pago de sueldo por trabajo realizado', 2615);
insert into Honorario (idAsamblea, Personal_idPersonal, nombre, descripcion, monto) values (22, 27, 'pago', 'pago de sueldo por trabajo realizado', 2988);
insert into Honorario (idAsamblea, Personal_idPersonal, nombre, descripcion, monto) values (22, 28, 'pago', 'pago de sueldo por trabajo realizado', 1974);
insert into Honorario (idAsamblea, Personal_idPersonal, nombre, descripcion, monto) values (22, 29, 'pago', 'pago de sueldo por trabajo realizado', 2320);
insert into Honorario (idAsamblea, Personal_idPersonal, nombre, descripcion, monto) values (22, 30, 'pago', 'pago de sueldo por trabajo realizado', 1973);
insert into Honorario (idAsamblea, Personal_idPersonal, nombre, descripcion, monto) values (22, 31, 'pago', 'pago de sueldo por trabajo realizado', 2695);
insert into Honorario (idAsamblea, Personal_idPersonal, nombre, descripcion, monto) values (22, 32, 'pago', 'pago de sueldo por trabajo realizado', 2359);
insert into Honorario (idAsamblea, Personal_idPersonal, nombre, descripcion, monto) values (22, 33, 'pago', 'pago de sueldo por trabajo realizado', 2701);
insert into Honorario (idAsamblea, Personal_idPersonal, nombre, descripcion, monto) values (22, 34, 'pago', 'pago de sueldo por trabajo realizado', 3189);
insert into Honorario (idAsamblea, Personal_idPersonal, nombre, descripcion, monto) values (22, 35, 'pago', 'pago de sueldo por trabajo realizado', 3197);
insert into Honorario (idAsamblea, Personal_idPersonal, nombre, descripcion, monto) values (22, 36, 'pago', 'pago de sueldo por trabajo realizado', 2375);
insert into Honorario (idAsamblea, Personal_idPersonal, nombre, descripcion, monto) values (22, 37, 'pago', 'pago de sueldo por trabajo realizado', 1807);
insert into Honorario (idAsamblea, Personal_idPersonal, nombre, descripcion, monto) values (22, 38, 'pago', 'pago de sueldo por trabajo realizado', 2721);
insert into Honorario (idAsamblea, Personal_idPersonal, nombre, descripcion, monto) values (22, 39, 'pago', 'pago de sueldo por trabajo realizado', 3027);
insert into Honorario (idAsamblea, Personal_idPersonal, nombre, descripcion, monto) values (22, 40, 'pago', 'pago de sueldo por trabajo realizado', 2212);
insert into Honorario (idAsamblea, Personal_idPersonal, nombre, descripcion, monto) values (22, 41, 'pago', 'pago de sueldo por trabajo realizado', 3026);
insert into Honorario (idAsamblea, Personal_idPersonal, nombre, descripcion, monto) values (22, 42, 'pago', 'pago de sueldo por trabajo realizado', 2907);
insert into Honorario (idAsamblea, Personal_idPersonal, nombre, descripcion, monto) values (22, 43, 'pago', 'pago de sueldo por trabajo realizado', 2662);
insert into Honorario (idAsamblea, Personal_idPersonal, nombre, descripcion, monto) values (22, 44, 'pago', 'pago de sueldo por trabajo realizado', 2792);
insert into Honorario (idAsamblea, Personal_idPersonal, nombre, descripcion, monto) values (22, 45, 'pago', 'pago de sueldo por trabajo realizado', 2815);
insert into Honorario (idAsamblea, Personal_idPersonal, nombre, descripcion, monto) values (22, 46, 'pago', 'pago de sueldo por trabajo realizado', 2065);
insert into Honorario (idAsamblea, Personal_idPersonal, nombre, descripcion, monto) values (22, 47, 'pago', 'pago de sueldo por trabajo realizado', 3002);
insert into Honorario (idAsamblea, Personal_idPersonal, nombre, descripcion, monto) values (22, 48, 'pago', 'pago de sueldo por trabajo realizado', 3024);
insert into Honorario (idAsamblea, Personal_idPersonal, nombre, descripcion, monto) values (22, 49, 'pago', 'pago de sueldo por trabajo realizado', 2116);
insert into Honorario (idAsamblea, Personal_idPersonal, nombre, descripcion, monto) values (22, 50, 'pago', 'pago de sueldo por trabajo realizado', 2223);

insert into Honorario (idAsamblea, Personal_idPersonal, nombre, descripcion, monto) values (23, 1, 'pago', 'pago de sueldo por trabajo realizado', 1891);
insert into Honorario (idAsamblea, Personal_idPersonal, nombre, descripcion, monto) values (23, 2, 'pago', 'pago de sueldo por trabajo realizado', 2876);
insert into Honorario (idAsamblea, Personal_idPersonal, nombre, descripcion, monto) values (23, 3, 'pago', 'pago de sueldo por trabajo realizado', 2881);
insert into Honorario (idAsamblea, Personal_idPersonal, nombre, descripcion, monto) values (23, 4, 'pago', 'pago de sueldo por trabajo realizado', 2182);
insert into Honorario (idAsamblea, Personal_idPersonal, nombre, descripcion, monto) values (23, 5, 'pago', 'pago de sueldo por trabajo realizado', 2771);
insert into Honorario (idAsamblea, Personal_idPersonal, nombre, descripcion, monto) values (23, 6, 'pago', 'pago de sueldo por trabajo realizado', 2843);
insert into Honorario (idAsamblea, Personal_idPersonal, nombre, descripcion, monto) values (23, 7, 'pago', 'pago de sueldo por trabajo realizado', 2893);
insert into Honorario (idAsamblea, Personal_idPersonal, nombre, descripcion, monto) values (23, 8, 'pago', 'pago de sueldo por trabajo realizado', 2175);
insert into Honorario (idAsamblea, Personal_idPersonal, nombre, descripcion, monto) values (23, 9, 'pago', 'pago de sueldo por trabajo realizado', 2622);
insert into Honorario (idAsamblea, Personal_idPersonal, nombre, descripcion, monto) values (23, 10, 'pago', 'pago de sueldo por trabajo realizado', 1976);
insert into Honorario (idAsamblea, Personal_idPersonal, nombre, descripcion, monto) values (23, 11, 'pago', 'pago de sueldo por trabajo realizado', 2607);
insert into Honorario (idAsamblea, Personal_idPersonal, nombre, descripcion, monto) values (23, 12, 'pago', 'pago de sueldo por trabajo realizado', 3002);
insert into Honorario (idAsamblea, Personal_idPersonal, nombre, descripcion, monto) values (23, 13, 'pago', 'pago de sueldo por trabajo realizado', 2959);
insert into Honorario (idAsamblea, Personal_idPersonal, nombre, descripcion, monto) values (23, 14, 'pago', 'pago de sueldo por trabajo realizado', 2189);
insert into Honorario (idAsamblea, Personal_idPersonal, nombre, descripcion, monto) values (23, 15, 'pago', 'pago de sueldo por trabajo realizado', 1976);
insert into Honorario (idAsamblea, Personal_idPersonal, nombre, descripcion, monto) values (23, 16, 'pago', 'pago de sueldo por trabajo realizado', 2047);
insert into Honorario (idAsamblea, Personal_idPersonal, nombre, descripcion, monto) values (23, 17, 'pago', 'pago de sueldo por trabajo realizado', 2639);
insert into Honorario (idAsamblea, Personal_idPersonal, nombre, descripcion, monto) values (23, 18, 'pago', 'pago de sueldo por trabajo realizado', 2074);
insert into Honorario (idAsamblea, Personal_idPersonal, nombre, descripcion, monto) values (23, 19, 'pago', 'pago de sueldo por trabajo realizado', 2118);
insert into Honorario (idAsamblea, Personal_idPersonal, nombre, descripcion, monto) values (23, 20, 'pago', 'pago de sueldo por trabajo realizado', 2001);
insert into Honorario (idAsamblea, Personal_idPersonal, nombre, descripcion, monto) values (23, 21, 'pago', 'pago de sueldo por trabajo realizado', 2245);
insert into Honorario (idAsamblea, Personal_idPersonal, nombre, descripcion, monto) values (23, 22, 'pago', 'pago de sueldo por trabajo realizado', 2993);
insert into Honorario (idAsamblea, Personal_idPersonal, nombre, descripcion, monto) values (23, 23, 'pago', 'pago de sueldo por trabajo realizado', 2799);
insert into Honorario (idAsamblea, Personal_idPersonal, nombre, descripcion, monto) values (23, 24, 'pago', 'pago de sueldo por trabajo realizado', 2492);
insert into Honorario (idAsamblea, Personal_idPersonal, nombre, descripcion, monto) values (23, 25, 'pago', 'pago de sueldo por trabajo realizado', 2387);
insert into Honorario (idAsamblea, Personal_idPersonal, nombre, descripcion, monto) values (23, 26, 'pago', 'pago de sueldo por trabajo realizado', 2437);
insert into Honorario (idAsamblea, Personal_idPersonal, nombre, descripcion, monto) values (23, 27, 'pago', 'pago de sueldo por trabajo realizado', 2550);
insert into Honorario (idAsamblea, Personal_idPersonal, nombre, descripcion, monto) values (23, 28, 'pago', 'pago de sueldo por trabajo realizado', 2269);
insert into Honorario (idAsamblea, Personal_idPersonal, nombre, descripcion, monto) values (23, 29, 'pago', 'pago de sueldo por trabajo realizado', 2851);
insert into Honorario (idAsamblea, Personal_idPersonal, nombre, descripcion, monto) values (23, 30, 'pago', 'pago de sueldo por trabajo realizado', 2890);
insert into Honorario (idAsamblea, Personal_idPersonal, nombre, descripcion, monto) values (23, 31, 'pago', 'pago de sueldo por trabajo realizado', 2872);
insert into Honorario (idAsamblea, Personal_idPersonal, nombre, descripcion, monto) values (23, 32, 'pago', 'pago de sueldo por trabajo realizado', 1904);
insert into Honorario (idAsamblea, Personal_idPersonal, nombre, descripcion, monto) values (23, 33, 'pago', 'pago de sueldo por trabajo realizado', 2029);
insert into Honorario (idAsamblea, Personal_idPersonal, nombre, descripcion, monto) values (23, 34, 'pago', 'pago de sueldo por trabajo realizado', 2822);
insert into Honorario (idAsamblea, Personal_idPersonal, nombre, descripcion, monto) values (23, 35, 'pago', 'pago de sueldo por trabajo realizado', 2644);
insert into Honorario (idAsamblea, Personal_idPersonal, nombre, descripcion, monto) values (23, 36, 'pago', 'pago de sueldo por trabajo realizado', 1995);
insert into Honorario (idAsamblea, Personal_idPersonal, nombre, descripcion, monto) values (23, 37, 'pago', 'pago de sueldo por trabajo realizado', 2707);
insert into Honorario (idAsamblea, Personal_idPersonal, nombre, descripcion, monto) values (23, 38, 'pago', 'pago de sueldo por trabajo realizado', 2087);
insert into Honorario (idAsamblea, Personal_idPersonal, nombre, descripcion, monto) values (23, 39, 'pago', 'pago de sueldo por trabajo realizado', 2173);
insert into Honorario (idAsamblea, Personal_idPersonal, nombre, descripcion, monto) values (23, 40, 'pago', 'pago de sueldo por trabajo realizado', 1942);
insert into Honorario (idAsamblea, Personal_idPersonal, nombre, descripcion, monto) values (23, 41, 'pago', 'pago de sueldo por trabajo realizado', 1902);
insert into Honorario (idAsamblea, Personal_idPersonal, nombre, descripcion, monto) values (23, 42, 'pago', 'pago de sueldo por trabajo realizado', 2756);
insert into Honorario (idAsamblea, Personal_idPersonal, nombre, descripcion, monto) values (23, 43, 'pago', 'pago de sueldo por trabajo realizado', 2638);
insert into Honorario (idAsamblea, Personal_idPersonal, nombre, descripcion, monto) values (23, 44, 'pago', 'pago de sueldo por trabajo realizado', 2034);
insert into Honorario (idAsamblea, Personal_idPersonal, nombre, descripcion, monto) values (23, 45, 'pago', 'pago de sueldo por trabajo realizado', 3102);
insert into Honorario (idAsamblea, Personal_idPersonal, nombre, descripcion, monto) values (23, 46, 'pago', 'pago de sueldo por trabajo realizado', 2506);
insert into Honorario (idAsamblea, Personal_idPersonal, nombre, descripcion, monto) values (23, 47, 'pago', 'pago de sueldo por trabajo realizado', 2133);
insert into Honorario (idAsamblea, Personal_idPersonal, nombre, descripcion, monto) values (23, 48, 'pago', 'pago de sueldo por trabajo realizado', 2948);
insert into Honorario (idAsamblea, Personal_idPersonal, nombre, descripcion, monto) values (23, 49, 'pago', 'pago de sueldo por trabajo realizado', 2939);
insert into Honorario (idAsamblea, Personal_idPersonal, nombre, descripcion, monto) values (23, 50, 'pago', 'pago de sueldo por trabajo realizado', 2247);


insert into Honorario (idAsamblea, Personal_idPersonal, nombre, descripcion, monto) values (24, 1, 'pago', 'pago de sueldo por trabajo realizado', 2586);
insert into Honorario (idAsamblea, Personal_idPersonal, nombre, descripcion, monto) values (24, 2, 'pago', 'pago de sueldo por trabajo realizado', 2020);
insert into Honorario (idAsamblea, Personal_idPersonal, nombre, descripcion, monto) values (24, 3, 'pago', 'pago de sueldo por trabajo realizado', 2057);
insert into Honorario (idAsamblea, Personal_idPersonal, nombre, descripcion, monto) values (24, 4, 'pago', 'pago de sueldo por trabajo realizado', 2717);
insert into Honorario (idAsamblea, Personal_idPersonal, nombre, descripcion, monto) values (24, 5, 'pago', 'pago de sueldo por trabajo realizado', 2073);
insert into Honorario (idAsamblea, Personal_idPersonal, nombre, descripcion, monto) values (24, 6, 'pago', 'pago de sueldo por trabajo realizado', 2263);
insert into Honorario (idAsamblea, Personal_idPersonal, nombre, descripcion, monto) values (24, 7, 'pago', 'pago de sueldo por trabajo realizado', 2400);
insert into Honorario (idAsamblea, Personal_idPersonal, nombre, descripcion, monto) values (24, 8, 'pago', 'pago de sueldo por trabajo realizado', 1896);
insert into Honorario (idAsamblea, Personal_idPersonal, nombre, descripcion, monto) values (24, 9, 'pago', 'pago de sueldo por trabajo realizado', 2132);
insert into Honorario (idAsamblea, Personal_idPersonal, nombre, descripcion, monto) values (24, 10, 'pago', 'pago de sueldo por trabajo realizado', 2422);
insert into Honorario (idAsamblea, Personal_idPersonal, nombre, descripcion, monto) values (24, 11, 'pago', 'pago de sueldo por trabajo realizado', 1920);
insert into Honorario (idAsamblea, Personal_idPersonal, nombre, descripcion, monto) values (24, 12, 'pago', 'pago de sueldo por trabajo realizado', 1965);
insert into Honorario (idAsamblea, Personal_idPersonal, nombre, descripcion, monto) values (24, 13, 'pago', 'pago de sueldo por trabajo realizado', 2133);
insert into Honorario (idAsamblea, Personal_idPersonal, nombre, descripcion, monto) values (24, 14, 'pago', 'pago de sueldo por trabajo realizado', 2602);
insert into Honorario (idAsamblea, Personal_idPersonal, nombre, descripcion, monto) values (24, 15, 'pago', 'pago de sueldo por trabajo realizado', 2462);
insert into Honorario (idAsamblea, Personal_idPersonal, nombre, descripcion, monto) values (24, 16, 'pago', 'pago de sueldo por trabajo realizado', 2272);
insert into Honorario (idAsamblea, Personal_idPersonal, nombre, descripcion, monto) values (24, 17, 'pago', 'pago de sueldo por trabajo realizado', 3188);
insert into Honorario (idAsamblea, Personal_idPersonal, nombre, descripcion, monto) values (24, 18, 'pago', 'pago de sueldo por trabajo realizado', 2941);
insert into Honorario (idAsamblea, Personal_idPersonal, nombre, descripcion, monto) values (24, 19, 'pago', 'pago de sueldo por trabajo realizado', 3150);
insert into Honorario (idAsamblea, Personal_idPersonal, nombre, descripcion, monto) values (24, 20, 'pago', 'pago de sueldo por trabajo realizado', 3023);
insert into Honorario (idAsamblea, Personal_idPersonal, nombre, descripcion, monto) values (24, 21, 'pago', 'pago de sueldo por trabajo realizado', 2196);
insert into Honorario (idAsamblea, Personal_idPersonal, nombre, descripcion, monto) values (24, 22, 'pago', 'pago de sueldo por trabajo realizado', 2798);
insert into Honorario (idAsamblea, Personal_idPersonal, nombre, descripcion, monto) values (24, 23, 'pago', 'pago de sueldo por trabajo realizado', 3126);
insert into Honorario (idAsamblea, Personal_idPersonal, nombre, descripcion, monto) values (24, 24, 'pago', 'pago de sueldo por trabajo realizado', 3150);
insert into Honorario (idAsamblea, Personal_idPersonal, nombre, descripcion, monto) values (24, 25, 'pago', 'pago de sueldo por trabajo realizado', 1810);
insert into Honorario (idAsamblea, Personal_idPersonal, nombre, descripcion, monto) values (24, 26, 'pago', 'pago de sueldo por trabajo realizado', 2111);
insert into Honorario (idAsamblea, Personal_idPersonal, nombre, descripcion, monto) values (24, 27, 'pago', 'pago de sueldo por trabajo realizado', 2312);
insert into Honorario (idAsamblea, Personal_idPersonal, nombre, descripcion, monto) values (24, 28, 'pago', 'pago de sueldo por trabajo realizado', 2302);
insert into Honorario (idAsamblea, Personal_idPersonal, nombre, descripcion, monto) values (24, 29, 'pago', 'pago de sueldo por trabajo realizado', 2830);
insert into Honorario (idAsamblea, Personal_idPersonal, nombre, descripcion, monto) values (24, 30, 'pago', 'pago de sueldo por trabajo realizado', 3143);
insert into Honorario (idAsamblea, Personal_idPersonal, nombre, descripcion, monto) values (24, 31, 'pago', 'pago de sueldo por trabajo realizado', 2877);
insert into Honorario (idAsamblea, Personal_idPersonal, nombre, descripcion, monto) values (24, 32, 'pago', 'pago de sueldo por trabajo realizado', 2704);
insert into Honorario (idAsamblea, Personal_idPersonal, nombre, descripcion, monto) values (24, 33, 'pago', 'pago de sueldo por trabajo realizado', 2282);
insert into Honorario (idAsamblea, Personal_idPersonal, nombre, descripcion, monto) values (24, 34, 'pago', 'pago de sueldo por trabajo realizado', 3132);
insert into Honorario (idAsamblea, Personal_idPersonal, nombre, descripcion, monto) values (24, 35, 'pago', 'pago de sueldo por trabajo realizado', 1859);
insert into Honorario (idAsamblea, Personal_idPersonal, nombre, descripcion, monto) values (24, 36, 'pago', 'pago de sueldo por trabajo realizado', 1875);
insert into Honorario (idAsamblea, Personal_idPersonal, nombre, descripcion, monto) values (24, 37, 'pago', 'pago de sueldo por trabajo realizado', 2146);
insert into Honorario (idAsamblea, Personal_idPersonal, nombre, descripcion, monto) values (24, 38, 'pago', 'pago de sueldo por trabajo realizado', 2710);
insert into Honorario (idAsamblea, Personal_idPersonal, nombre, descripcion, monto) values (24, 39, 'pago', 'pago de sueldo por trabajo realizado', 2804);
insert into Honorario (idAsamblea, Personal_idPersonal, nombre, descripcion, monto) values (24, 40, 'pago', 'pago de sueldo por trabajo realizado', 2719);
insert into Honorario (idAsamblea, Personal_idPersonal, nombre, descripcion, monto) values (24, 41, 'pago', 'pago de sueldo por trabajo realizado', 3076);
insert into Honorario (idAsamblea, Personal_idPersonal, nombre, descripcion, monto) values (24, 42, 'pago', 'pago de sueldo por trabajo realizado', 2181);
insert into Honorario (idAsamblea, Personal_idPersonal, nombre, descripcion, monto) values (24, 43, 'pago', 'pago de sueldo por trabajo realizado', 3052);
insert into Honorario (idAsamblea, Personal_idPersonal, nombre, descripcion, monto) values (24, 44, 'pago', 'pago de sueldo por trabajo realizado', 2821);
insert into Honorario (idAsamblea, Personal_idPersonal, nombre, descripcion, monto) values (24, 45, 'pago', 'pago de sueldo por trabajo realizado', 2747);
insert into Honorario (idAsamblea, Personal_idPersonal, nombre, descripcion, monto) values (24, 46, 'pago', 'pago de sueldo por trabajo realizado', 1963);
insert into Honorario (idAsamblea, Personal_idPersonal, nombre, descripcion, monto) values (24, 47, 'pago', 'pago de sueldo por trabajo realizado', 2076);
insert into Honorario (idAsamblea, Personal_idPersonal, nombre, descripcion, monto) values (24, 48, 'pago', 'pago de sueldo por trabajo realizado', 1888);
insert into Honorario (idAsamblea, Personal_idPersonal, nombre, descripcion, monto) values (24, 49, 'pago', 'pago de sueldo por trabajo realizado', 3013);
insert into Honorario (idAsamblea, Personal_idPersonal, nombre, descripcion, monto) values (24, 50, 'pago', 'pago de sueldo por trabajo realizado', 2974);

--Envios PreCargados
--SM > HUUE (70% de una tonelada 8, paquetes de .0875 o 87.5kg)
insert into Envio (idSucursalOrigen,idSucursalDestino,nitEmisor,nitReceptor,fecha,total,peso,volumen,diasTranscurridos,estado) values 
    (59,42,10001,10003,'2023-01-01',45,87.5,0,0,'enRuta'),
    (59,42,10001,10005,'2023-01-01',45,87.5,0,0,'enRuta'),
    (59,42,10001,100020,'2023-01-01',45,87.5,0,0,'enRuta'),
    (59,42,10002,10003,'2023-01-01',45,87.5,0,0,'enRuta'),
    (59,42,10004,10009,'2023-01-01',45,87.5,0,0,'enRuta'),
    (59,42,10005,10003,'2023-01-01',45,87.5,0,0,'enRuta'),
    (59,42,10001,10003,'2023-01-01',45,87.5,0,0,'enRuta'),
    (59,42,10001,10009,'2023-01-01',45,87.5,0,0,'enRuta')
;

insert into Historico_Sucursales (idEnvio,idSucursal,idVehiculo,fecha) values
    (1,59,0,'2023-01-01'),
    (2,59,0,'2023-01-01'),
    (3,59,0,'2023-01-01'),
    (4,59,0,'2023-01-01'),
    (5,59,0,'2023-01-01'),
    (6,59,0,'2023-01-01'),
    (7,59,0,'2023-01-01'),
    (8,59,0,'2023-01-01')
    ;
insert into Pasos_Envio (idEnvio,idSucursal) VALUES 
    (1,59),
    (1,51),
    (1,42),
    (2,59),
    (2,51),
    (2,42),
    (3,59),
    (3,51),
    (3,42),
    (4,59),
    (4,51),
    (4,42),
    (5,59),
    (5,51),
    (5,42),
    (6,59),
    (6,51),
    (6,42),
    (7,59),
    (7,51),
    (7,42),
    (8,59),
    (8,51),
    (8,42)
;

--QT > GT (90% de una tonelada, 10 paquetes de .09ton o 90kg)
insert into Envio (idSucursalOrigen,idSucursalDestino,nitEmisor,nitReceptor,fecha,total,peso,volumen,diasTranscurridos,estado) values 
    (51,14,10001,10003,'2023-01-01',45,90,0,0,'enRuta'),
    (51,14,10001,10005,'2023-01-01',45,90,0,0,'enRuta'),
    (51,14,10001,100020,'2023-01-01',45,90,0,0,'enRuta'),
    (51,14,10002,10003,'2023-01-01',45,90,0,0,'enRuta'),
    (51,14,10004,10009,'2023-01-01',45,90,0,0,'enRuta'),
    (51,14,10005,10003,'2023-01-01',45,90,0,0,'enRuta'),
    (51,14,10001,10003,'2023-01-01',45,90,0,0,'enRuta'),
    (51,14,10001,10009,'2023-01-01',45,90,0,0,'enRuta'),
    (51,14,10001,10009,'2023-01-01',45,90,0,0,'enRuta'),
    (51,14,10001,10009,'2023-01-01',45,90,0,0,'enRuta')
    ;

insert into Historico_Sucursales (idEnvio,idSucursal,idVehiculo,fecha) values
    (9,51,0,'2023-01-01'),
    (10,51,0,'2023-01-01'),
    (11,51,0,'2023-01-01'),
    (12,51,0,'2023-01-01'),
    (13,51,0,'2023-01-01'),
    (14,51,0,'2023-01-01'),
    (15,51,0,'2023-01-01'),
    (16,51,0,'2023-01-01'),
    (17,51,0,'2023-01-01'),
    (18,51,0,'2023-01-01')
    ;

insert into Pasos_Envio (idEnvio,idSucursal) VALUES 
    (9,51),
    (9,14),
    (10,51),
    (10,14),
    (11,51),
    (11,14),
    (12,51),
    (12,14),
    (13,51),
    (13,14),
    (14,51),
    (14,14),
    (15,51),
    (15,14),
    (16,51),
    (16,14),
    (17,51),
    (17,14),
    (18,51),
    (18,14)
    ;

--SM > TOTO (150% de una tonelada, 15 paquetes de 125kg o 1.875 ton)
insert into Envio (idSucursalOrigen,idSucursalDestino,nitEmisor,nitReceptor,fecha,total,peso,volumen,diasTranscurridos,estado) values 
    (59,61,10001,10003,'2023-01-01',45,125,0,0,'enRuta'),
    (59,61,10001,10005,'2023-01-01',45,125,0,0,'enRuta'),
    (59,61,10001,100020,'2023-01-01',45,125,0,0,'enRuta'),
    (59,61,10002,10003,'2023-01-01',45,125,0,0,'enRuta'),
    (59,61,10004,10009,'2023-01-01',45,125,0,0,'enRuta'),
    (59,61,10005,10003,'2023-01-01',45,125,0,0,'enRuta'),
    (59,61,10001,10003,'2023-01-01',45,125,0,0,'enRuta'),
    (59,61,10001,10009,'2023-01-01',45,125,0,0,'enRuta'),
    (59,61,10001,10009,'2023-01-01',45,125,0,0,'enRuta'),
    (59,61,10001,10009,'2023-01-01',45,125,0,0,'enRuta'),
    (59,61,10001,10009,'2023-01-01',45,125,0,0,'enRuta'),
    (59,61,10001,10009,'2023-01-01',45,125,0,0,'enRuta'),
    (59,61,10001,10009,'2023-01-01',45,125,0,0,'enRuta'),
    (59,61,10001,10009,'2023-01-01',45,125,0,0,'enRuta'),
    (59,61,10001,10009,'2023-01-01',45,125,0,0,'enRuta')
    ;

insert into Historico_Sucursales (idEnvio,idSucursal,idVehiculo,fecha) values
    (19,59,0,'2023-01-01'),
    (20,59,0,'2023-01-01'),
    (21,59,0,'2023-01-01'),
    (22,59,0,'2023-01-01'),
    (23,59,0,'2023-01-01'),
    (24,59,0,'2023-01-01'),
    (25,59,0,'2023-01-01'),
    (26,59,0,'2023-01-01'),
    (27,59,0,'2023-01-01'),
    (28,59,0,'2023-01-01'),
    (29,59,0,'2023-01-01'),
    (30,59,0,'2023-01-01'),
    (31,59,0,'2023-01-01'),
    (32,59,0,'2023-01-01'),
    (33,59,0,'2023-01-01')
    ;

insert into Pasos_Envio (idEnvio,idSucursal) VALUES 
    (19,59),
    (19,51),
    (19,61),
    (20,59),
    (20,51),
    (20,61),
    (21,59),
    (21,51),
    (21,61),
    (22,59),
    (22,51),
    (22,61),
    (23,59),
    (23,51),
    (23,61),
    (24,59),
    (24,51),
    (24,61),
    (25,59),
    (25,51),
    (25,61),
    (26,59),
    (26,51),
    (26,61),
    (27,59),
    (27,51),
    (27,61),
    (28,59),
    (28,51),
    (28,61),
    (29,59),
    (29,51),
    (29,61),
    (30,59),
    (30,51),
    (30,61),
    (31,59),
    (31,51),
    (31,61),
    (32,59),
    (32,51),
    (32,61),
    (33,59),
    (33,51),
    (33,61)
    ;


CREATE OR REPLACE VIEW cantidad_envio_por_sucursal as SELECT  UUID() as id,E.idSucursalOrigen, E.idSucursalDestino, COUNT(E.idEnvio) AS cantidadEnvios FROM Sucursal S JOIN Envio E ON S.idSucursal = E.idSucursalOrigen WHERE
    E.estado = 'enRuta' GROUP BY E.idSucursalOrigen, E.idSucursalDestino;


