-- departamentos


INSERT INTO Departamento VALUES (01,"Guatemala","GU");
INSERT INTO Departamento VALUES (02,"El Progreso","PR");
INSERT INTO Departamento VALUES (03,"Sacatepéquez","SA");
INSERT INTO Departamento VALUES (04,"Chimaltenango","CM");
INSERT INTO Departamento VALUES (05,"Escuintla","ES");
INSERT INTO Departamento VALUES (06,"Santa Rosa","SR");
INSERT INTO Departamento VALUES (07,"Sololá","SO");
INSERT INTO Departamento VALUES (08,"Totonicapán","TO");
INSERT INTO Departamento VALUES (09,"Quetzaltenango","QZ");
INSERT INTO Departamento VALUES (10,"Suchitepéquez","SU");
INSERT INTO Departamento VALUES (11,"Retalhuleu","RE");
INSERT INTO Departamento VALUES (12,"San Marcos","SM");
INSERT INTO Departamento VALUES (13,"Huehuetenango","HU");
INSERT INTO Departamento VALUES (14,"Quiché","QC");
INSERT INTO Departamento VALUES (15,"Baja Verapaz","BV");
INSERT INTO Departamento VALUES (16,"Alta Verapaz","AV");
INSERT INTO Departamento VALUES (17,"Petén","PE");
INSERT INTO Departamento VALUES (18,"Izabal","IZ");
INSERT INTO Departamento VALUES (19,"Zacapa","ZA");
INSERT INTO Departamento VALUES (20,"Chiquimula","CQ");
INSERT INTO Departamento VALUES (21,"Jalapa","JA");
INSERT INTO Departamento VALUES (22,"Jutiapa","JU");

-- Municipios Total 338

INSERT INTO Municipio VALUES (01001, 01,"Guatemala");
INSERT INTO Municipio VALUES (01002, 01,"Santa Catarina Pinula");
INSERT INTO Municipio VALUES (01003, 01,"San José Pinula");
INSERT INTO Municipio VALUES (01004, 01,"San José del Golfo");
INSERT INTO Municipio VALUES (01005, 01,"Palencia");
INSERT INTO Municipio VALUES (01006, 01,"Chinautla");
INSERT INTO Municipio VALUES (01007, 01,"San Pedro Ayampuc");
INSERT INTO Municipio VALUES (01008, 01,"Mixco");
INSERT INTO Municipio VALUES (01009, 01,"San Pedro Sacatepéquez");
INSERT INTO Municipio VALUES (01010, 01,"San Juan Sacatepéquez");
INSERT INTO Municipio VALUES (01011, 01,"San Raymundo");
INSERT INTO Municipio VALUES (01012, 01,"Chuarrancho");
INSERT INTO Municipio VALUES (01013, 01,"Fraijanes");
INSERT INTO Municipio VALUES (01014, 01,"Amatitlán");
INSERT INTO Municipio VALUES (01015, 01,"Villa Nueva");
INSERT INTO Municipio VALUES (01016, 01,"Villa Canales");
INSERT INTO Municipio VALUES (01017, 01,"Petapa");
INSERT INTO Municipio VALUES (02001, 02,"Guastatoya");
INSERT INTO Municipio VALUES (02002, 02,"Morazán");
INSERT INTO Municipio VALUES (02003, 02,"San Agustín Acasaguastlán");
INSERT INTO Municipio VALUES (02004, 02,"San Cristóbal Acasaguastlán");
INSERT INTO Municipio VALUES (02005, 02,"El Jícaro");
INSERT INTO Municipio VALUES (02006, 02,"Sansare");
INSERT INTO Municipio VALUES (02007, 02,"Sanarate");
INSERT INTO Municipio VALUES (02008, 02,"San Antonio la Paz");
INSERT INTO Municipio VALUES (03001, 03,"Antigua Guatemala");
INSERT INTO Municipio VALUES (03002, 03,"Jocotenango");
INSERT INTO Municipio VALUES (03003, 03,"Pastores");
INSERT INTO Municipio VALUES (03004, 03,"Sumpango");
INSERT INTO Municipio VALUES (03005, 03,"Santo Domingo Xenacoj");
INSERT INTO Municipio VALUES (03006, 03,"Santiago Sacatepéquez");
INSERT INTO Municipio VALUES (03007, 03,"San Bartolomé Milpas Altas");
INSERT INTO Municipio VALUES (03008, 03,"San Lucas Sacatepéquez");
INSERT INTO Municipio VALUES (03009, 03,"Santa Lucía Milpas Altas");
INSERT INTO Municipio VALUES (03010, 03,"Magdalena Milpas Altas");
INSERT INTO Municipio VALUES (03011, 03,"Santa María de Jesús");
INSERT INTO Municipio VALUES (03012, 03,"Ciudad Vieja");
INSERT INTO Municipio VALUES (03013, 03,"San Miguel Dueñas");
INSERT INTO Municipio VALUES (03014, 03,"Alotenango");
INSERT INTO Municipio VALUES (03015, 03,"San Antonio Aguas Calientes");
INSERT INTO Municipio VALUES (03016, 03,"Santa Catarina Barahona");
INSERT INTO Municipio VALUES (04001, 04,"Chimaltenango");
INSERT INTO Municipio VALUES (04002, 04,"San José Poaquil");
INSERT INTO Municipio VALUES (04003, 04,"San Martín Jilotepeque");
INSERT INTO Municipio VALUES (04004, 04,"Comalapa");
INSERT INTO Municipio VALUES (04005, 04,"Santa Apolonia");
INSERT INTO Municipio VALUES (04006, 04,"Tecpán Guatemala");
INSERT INTO Municipio VALUES (04007, 04,"Patzún");
INSERT INTO Municipio VALUES (04008, 04,"Pochuta");
INSERT INTO Municipio VALUES (04009, 04,"Patzicía");
INSERT INTO Municipio VALUES (04010, 04,"Santa Cruz Balanyá");
INSERT INTO Municipio VALUES (04011, 04,"Acatenango");
INSERT INTO Municipio VALUES (04012, 04,"Yepocapa");
INSERT INTO Municipio VALUES (04013, 04,"San Andrés Itzapa");
INSERT INTO Municipio VALUES (04014, 04,"Parramos");
INSERT INTO Municipio VALUES (04015, 04,"Zaragoza");
INSERT INTO Municipio VALUES (04016, 04,"El Tejar");
INSERT INTO Municipio VALUES (05001, 05,"Escuintla");
INSERT INTO Municipio VALUES (05002, 05,"Santa Lucía Cotzumalguapa");
INSERT INTO Municipio VALUES (05003, 05,"La Democracia");
INSERT INTO Municipio VALUES (05004, 05,"Siquinalá");
INSERT INTO Municipio VALUES (05005, 05,"Masagua");
INSERT INTO Municipio VALUES (05006, 05,"Tiquisate");
INSERT INTO Municipio VALUES (05007, 05,"La Gomera");
INSERT INTO Municipio VALUES (05008, 05,"Guanagazapa");
INSERT INTO Municipio VALUES (05009, 05,"San José");
INSERT INTO Municipio VALUES (05010, 05,"Iztapa");
INSERT INTO Municipio VALUES (05011, 05,"Palín");
INSERT INTO Municipio VALUES (05012, 05,"San Vicente Pacaya");
INSERT INTO Municipio VALUES (05013, 05,"Nueva Concepción");
INSERT INTO Municipio VALUES (06001, 06,"Cuilapa");
INSERT INTO Municipio VALUES (06002, 06,"Barberena");
INSERT INTO Municipio VALUES (06003, 06,"Santa Rosa de Lima");
INSERT INTO Municipio VALUES (06004, 06,"Casillas");
INSERT INTO Municipio VALUES (06005, 06,"San Rafael las Flores");
INSERT INTO Municipio VALUES (06006, 06,"Oratorio");
INSERT INTO Municipio VALUES (06007, 06,"San Juan Tecuaco");
INSERT INTO Municipio VALUES (06008, 06,"Chiquimulilla");
INSERT INTO Municipio VALUES (06009, 06,"Taxisco");
INSERT INTO Municipio VALUES (06010, 06,"Santa María Ixhuatán");
INSERT INTO Municipio VALUES (06011, 06,"Guazacapán");
INSERT INTO Municipio VALUES (06012, 06,"Santa Cruz Naranjo");
INSERT INTO Municipio VALUES (06013, 06,"Pueblo Nuevo Viñas");
INSERT INTO Municipio VALUES (06014, 06,"Nueva Santa Rosa");
INSERT INTO Municipio VALUES (07001, 07,"Sololá");
INSERT INTO Municipio VALUES (07002, 07,"San José Chacayá");
INSERT INTO Municipio VALUES (07003, 07,"Santa María Visitación");
INSERT INTO Municipio VALUES (07004, 07,"Santa Lucía Utatlán");
INSERT INTO Municipio VALUES (07005, 07,"Nahualá");
INSERT INTO Municipio VALUES (07006, 07,"Santa Catarina Ixtahuacán");
INSERT INTO Municipio VALUES (07007, 07,"Santa Clara la Laguna");
INSERT INTO Municipio VALUES (07008, 07,"Concepción");
INSERT INTO Municipio VALUES (07009, 07,"San Andrés Semetabaj");
INSERT INTO Municipio VALUES (07010, 07,"Panajachel");
INSERT INTO Municipio VALUES (07011, 07,"Santa Catarina Palopó");
INSERT INTO Municipio VALUES (07012, 07,"San Antonio Palopó");
INSERT INTO Municipio VALUES (07013, 07,"San Lucas Tolimán");
INSERT INTO Municipio VALUES (07014, 07,"Santa Cruz la Laguna");
INSERT INTO Municipio VALUES (07015, 07,"San Pablo la Laguna");
INSERT INTO Municipio VALUES (07016, 07,"San Marcos la Laguna");
INSERT INTO Municipio VALUES (07017, 07,"San Juan la Laguna");
INSERT INTO Municipio VALUES (07018, 07,"San Pedro la Laguna");
INSERT INTO Municipio VALUES (07019, 07,"Santiago Atitlán");
INSERT INTO Municipio VALUES (08001, 08,"Totonicapán");
INSERT INTO Municipio VALUES (08002, 08,"San Cristóbal Totonicapán");
INSERT INTO Municipio VALUES (08003, 08,"San Francisco el Alto");
INSERT INTO Municipio VALUES (08004, 08,"San Andrés Xecul");
INSERT INTO Municipio VALUES (08005, 08,"Momostenango");
INSERT INTO Municipio VALUES (08006, 08,"Santa María Chiquimula");
INSERT INTO Municipio VALUES (08007, 08,"Santa Lucía la Reforma");
INSERT INTO Municipio VALUES (08008, 08,"San Bartolo");
INSERT INTO Municipio VALUES (09001, 09,"Quetzaltenango");
INSERT INTO Municipio VALUES (09002, 09,"Salcajá");
INSERT INTO Municipio VALUES (09003, 09,"Olintepeque");
INSERT INTO Municipio VALUES (09004, 09,"San Carlos Sija");
INSERT INTO Municipio VALUES (09005, 09,"Sibilia");
INSERT INTO Municipio VALUES (09006, 09,"Cabricán");
INSERT INTO Municipio VALUES (09007, 09,"Cajolá");
INSERT INTO Municipio VALUES (09008, 09,"San Miguel Siguilá");
INSERT INTO Municipio VALUES (09009, 09,"Ostuncalco");
INSERT INTO Municipio VALUES (09010, 09,"San Mateo");
INSERT INTO Municipio VALUES (09011, 09,"Concepción Chiquirichapa");
INSERT INTO Municipio VALUES (09012, 09,"San Martín Sacatepéquez");
INSERT INTO Municipio VALUES (09013, 09,"Almolonga");
INSERT INTO Municipio VALUES (09014, 09,"Cantel");
INSERT INTO Municipio VALUES (09015, 09,"Huitán");
INSERT INTO Municipio VALUES (09016, 09,"Zunil");
INSERT INTO Municipio VALUES (09017, 09,"Colomba");
INSERT INTO Municipio VALUES (09018, 09,"San Francisco la Unión");
INSERT INTO Municipio VALUES (09019, 09,"El Palmar");
INSERT INTO Municipio VALUES (09020, 09,"Coatepeque");
INSERT INTO Municipio VALUES (09021, 09,"Génova");
INSERT INTO Municipio VALUES (09022, 09,"Flores Costa Cuca");
INSERT INTO Municipio VALUES (09023, 09,"La Esperanza");
INSERT INTO Municipio VALUES (09024, 09,"Palestina de los Altos");
INSERT INTO Municipio VALUES (10001, 10,"Mazatenango");
INSERT INTO Municipio VALUES (10002, 10,"Cuyotenango");
INSERT INTO Municipio VALUES (10003, 10,"San Francisco Zapotitlán");
INSERT INTO Municipio VALUES (10004, 10,"San Bernardino");
INSERT INTO Municipio VALUES (10005, 10,"San José el Idolo");
INSERT INTO Municipio VALUES (10006, 10,"Santo Domingo Suchitepéquez");
INSERT INTO Municipio VALUES (10007, 10,"San Lorenzo");
INSERT INTO Municipio VALUES (10008, 10,"Samayac");
INSERT INTO Municipio VALUES (10009, 10,"San Pablo Jocopilas");
INSERT INTO Municipio VALUES (10010, 10,"San Antonio Suchitepéquez");
INSERT INTO Municipio VALUES (10011, 10,"San Miguel Panán");
INSERT INTO Municipio VALUES (10012, 10,"San Gabriel");
INSERT INTO Municipio VALUES (10013, 10,"Chicacao");
INSERT INTO Municipio VALUES (10014, 10,"Patulul");
INSERT INTO Municipio VALUES (10015, 10,"Santa Bárbara");
INSERT INTO Municipio VALUES (10016, 10,"San Juan Bautista");
INSERT INTO Municipio VALUES (10017, 10,"Santo Tomás la Unión");
INSERT INTO Municipio VALUES (10018, 10,"Zunilito");
INSERT INTO Municipio VALUES (10019, 10,"Pueblo Nuevo");
INSERT INTO Municipio VALUES (10020, 10,"Río Bravo");
INSERT INTO Municipio VALUES (10021, 10,"San José La Máquina");
INSERT INTO Municipio VALUES (11001, 11,"Retalhuleu");
INSERT INTO Municipio VALUES (11002, 11,"San Sebastián");
INSERT INTO Municipio VALUES (11003, 11,"Santa Cruz Muluá");
INSERT INTO Municipio VALUES (11004, 11,"San Martín Zapotitlán");
INSERT INTO Municipio VALUES (11005, 11,"San Felipe");
INSERT INTO Municipio VALUES (11006, 11,"San Andrés Villa Seca");
INSERT INTO Municipio VALUES (11007, 11,"Champerico");
INSERT INTO Municipio VALUES (11008, 11,"Nuevo San Carlos");
INSERT INTO Municipio VALUES (11009, 11,"El Asintal");
INSERT INTO Municipio VALUES (12001, 12,"San Marcos");
INSERT INTO Municipio VALUES (12002, 12,"San Pedro Sacatepéquez");
INSERT INTO Municipio VALUES (12003, 12,"San Antonio Sacatepéquez");
INSERT INTO Municipio VALUES (12004, 12,"Comitancillo");
INSERT INTO Municipio VALUES (12005, 12,"San Miguel Ixtahuacán");
INSERT INTO Municipio VALUES (12006, 12,"Concepción Tutuapa");
INSERT INTO Municipio VALUES (12007, 12,"Tacaná");
INSERT INTO Municipio VALUES (12008, 12,"Sibinal");
INSERT INTO Municipio VALUES (12009, 12,"Tajumulco");
INSERT INTO Municipio VALUES (12010, 12,"Tejutla");
INSERT INTO Municipio VALUES (12011, 12,"San Rafael Pié de la Cuesta");
INSERT INTO Municipio VALUES (12012, 12,"Nuevo Progreso");
INSERT INTO Municipio VALUES (12013, 12,"El Tumbador");
INSERT INTO Municipio VALUES (12014, 12,"El Rodeo");
INSERT INTO Municipio VALUES (12015, 12,"Malacatán");
INSERT INTO Municipio VALUES (12016, 12,"Catarina");
INSERT INTO Municipio VALUES (12017, 12,"Ayutla");
INSERT INTO Municipio VALUES (12018, 12,"Ocós");
INSERT INTO Municipio VALUES (12019, 12,"San Pablo");
INSERT INTO Municipio VALUES (12020, 12,"El Quetzal");
INSERT INTO Municipio VALUES (12021, 12,"La Reforma");
INSERT INTO Municipio VALUES (12022, 12,"Pajapita");
INSERT INTO Municipio VALUES (12023, 12,"Ixchiguán");
INSERT INTO Municipio VALUES (12024, 12,"San José Ojetenán");
INSERT INTO Municipio VALUES (12025, 12,"San Cristóbal Cucho");
INSERT INTO Municipio VALUES (12026, 12,"Sipacapa");
INSERT INTO Municipio VALUES (12027, 12,"Esquipulas Palo Gordo");
INSERT INTO Municipio VALUES (12028, 12,"Río Blanco");
INSERT INTO Municipio VALUES (12029, 12,"San Lorenzo");
INSERT INTO Municipio VALUES (12030, 12,"La Blanca");
INSERT INTO Municipio VALUES (13001, 13,"Huehuetenango");
INSERT INTO Municipio VALUES (13002, 13,"Chiantla");
INSERT INTO Municipio VALUES (13003, 13,"Malacatancito");
INSERT INTO Municipio VALUES (13004, 13,"Cuilco");
INSERT INTO Municipio VALUES (13005, 13,"Nentón");
INSERT INTO Municipio VALUES (13006, 13,"San Pedro Necta");
INSERT INTO Municipio VALUES (13007, 13,"Jacaltenango");
INSERT INTO Municipio VALUES (13008, 13,"Soloma");
INSERT INTO Municipio VALUES (13009, 13,"Ixtahuacán");
INSERT INTO Municipio VALUES (13010, 13,"Santa Bárbara");
INSERT INTO Municipio VALUES (13011, 13,"La Libertad");
INSERT INTO Municipio VALUES (13012, 13,"La Democracia");
INSERT INTO Municipio VALUES (13013, 13,"San Miguel Acatán");
INSERT INTO Municipio VALUES (13014, 13,"San Rafael la Independencia");
INSERT INTO Municipio VALUES (13015, 13,"Todos Santos Cuchumatán");
INSERT INTO Municipio VALUES (13016, 13,"San Juan Atitán");
INSERT INTO Municipio VALUES (13017, 13,"Santa Eulalia");
INSERT INTO Municipio VALUES (13018, 13,"San Mateo Ixtatán");
INSERT INTO Municipio VALUES (13019, 13,"Colotenango");
INSERT INTO Municipio VALUES (13020, 13,"San Sebastián Huehuetenango");
INSERT INTO Municipio VALUES (13021, 13,"Tectitán");
INSERT INTO Municipio VALUES (13022, 13,"Concepción Huista");
INSERT INTO Municipio VALUES (13023, 13,"San Juan Ixcoy");
INSERT INTO Municipio VALUES (13024, 13,"San Antonio Huista");
INSERT INTO Municipio VALUES (13025, 13,"San Sebastián Coatán");
INSERT INTO Municipio VALUES (13026, 13,"Barillas");
INSERT INTO Municipio VALUES (13027, 13,"Aguacatán");
INSERT INTO Municipio VALUES (13028, 13,"San Rafael Petzal");
INSERT INTO Municipio VALUES (13029, 13,"San Gaspar Ixchil");
INSERT INTO Municipio VALUES (13030, 13,"Santiago Chimaltenango");
INSERT INTO Municipio VALUES (13031, 13,"Santa Ana Huista");
INSERT INTO Municipio VALUES (13032, 13,"Unión Cantinil");
INSERT INTO Municipio VALUES (14001, 14,"Santa Cruz del Quiché");
INSERT INTO Municipio VALUES (14002, 14,"Chiché");
INSERT INTO Municipio VALUES (14003, 14,"Chinique");
INSERT INTO Municipio VALUES (14004, 14,"Zacualpa");
INSERT INTO Municipio VALUES (14005, 14,"Chajul");
INSERT INTO Municipio VALUES (14006, 14,"Chichicastenango");
INSERT INTO Municipio VALUES (14007, 14,"Patzité");
INSERT INTO Municipio VALUES (14008, 14,"San Antonio Ilotenango");
INSERT INTO Municipio VALUES (14009, 14,"San Pedro Jocopilas");
INSERT INTO Municipio VALUES (14010, 14,"Cunén");
INSERT INTO Municipio VALUES (14011, 14,"San Juan Cotzal");
INSERT INTO Municipio VALUES (14012, 14,"Joyabaj");
INSERT INTO Municipio VALUES (14013, 14,"Nebaj");
INSERT INTO Municipio VALUES (14014, 14,"San Andrés Sajcabajá");
INSERT INTO Municipio VALUES (14015, 14,"Uspantán");
INSERT INTO Municipio VALUES (14016, 14,"Sacapulas");
INSERT INTO Municipio VALUES (14017, 14,"San Bartolomé Jocotenango");
INSERT INTO Municipio VALUES (14018, 14,"Canillá");
INSERT INTO Municipio VALUES (14019, 14,"Chicamán");
INSERT INTO Municipio VALUES (14020, 14,"Ixcán");
INSERT INTO Municipio VALUES (14021, 14,"Pachalum");
INSERT INTO Municipio VALUES (15001, 15,"Salamá");
INSERT INTO Municipio VALUES (15002, 15,"San Miguel Chicaj");
INSERT INTO Municipio VALUES (15003, 15,"Rabinal");
INSERT INTO Municipio VALUES (15004, 15,"Cubulco");
INSERT INTO Municipio VALUES (15005, 15,"Granados");
INSERT INTO Municipio VALUES (15006, 15,"El Chol");
INSERT INTO Municipio VALUES (15007, 15,"San Jerónimo");
INSERT INTO Municipio VALUES (15008, 15,"Purulhá");
INSERT INTO Municipio VALUES (16001, 16,"Cobán");
INSERT INTO Municipio VALUES (16002, 16,"Santa Cruz Verapaz");
INSERT INTO Municipio VALUES (16003, 16,"San Cristóbal Verapaz");
INSERT INTO Municipio VALUES (16004, 16,"Tactic");
INSERT INTO Municipio VALUES (16005, 16,"Tamahú");
INSERT INTO Municipio VALUES (16006, 16,"Tucurú");
INSERT INTO Municipio VALUES (16007, 16,"Panzós");
INSERT INTO Municipio VALUES (16008, 16,"Senahú");
INSERT INTO Municipio VALUES (16009, 16,"San Pedro Carchá");
INSERT INTO Municipio VALUES (16010, 16,"San Juan Chamelco");
INSERT INTO Municipio VALUES (16011, 16,"Lanquín");
INSERT INTO Municipio VALUES (16012, 16,"Cahabón");
INSERT INTO Municipio VALUES (16013, 16,"Chisec");
INSERT INTO Municipio VALUES (16014, 16,"Chahal");
INSERT INTO Municipio VALUES (16015, 16,"Fray Bartolomé de las Casas");
INSERT INTO Municipio VALUES (16016, 16,"Santa Catalina la Tinta");
INSERT INTO Municipio VALUES (16017, 16,"Raxruhá");
INSERT INTO Municipio VALUES (17001, 17,"Flores");
INSERT INTO Municipio VALUES (17002, 17,"San José");
INSERT INTO Municipio VALUES (17003, 17,"San Benito");
INSERT INTO Municipio VALUES (17004, 17,"San Andrés");
INSERT INTO Municipio VALUES (17005, 17,"La Libertad");
INSERT INTO Municipio VALUES (17006, 17,"San Francisco");
INSERT INTO Municipio VALUES (17007, 17,"Santa Ana");
INSERT INTO Municipio VALUES (17008, 17,"Dolores");
INSERT INTO Municipio VALUES (17009, 17,"San Luis");
INSERT INTO Municipio VALUES (17010, 17,"Sayaxché");
INSERT INTO Municipio VALUES (17011, 17,"Melchor de Mencos");
INSERT INTO Municipio VALUES (17012, 17,"Poptún");
INSERT INTO Municipio VALUES (17013, 17,"Las Cruces");
INSERT INTO Municipio VALUES (17014, 17,"El Chal");
INSERT INTO Municipio VALUES (18001, 18,"Puerto Barrios");
INSERT INTO Municipio VALUES (18002, 18,"Livingston");
INSERT INTO Municipio VALUES (18003, 18,"El Estor");
INSERT INTO Municipio VALUES (18004, 18,"Morales");
INSERT INTO Municipio VALUES (18005, 18,"Los Amates");
INSERT INTO Municipio VALUES (19001, 19,"Zacapa");
INSERT INTO Municipio VALUES (19002, 19,"Estanzuela");
INSERT INTO Municipio VALUES (19003, 19,"Río Hondo");
INSERT INTO Municipio VALUES (19004, 19,"Gualán");
INSERT INTO Municipio VALUES (19005, 19,"Teculután");
INSERT INTO Municipio VALUES (19006, 19,"Usumatlán");
INSERT INTO Municipio VALUES (19007, 19,"Cabañas");
INSERT INTO Municipio VALUES (19008, 19,"San Diego");
INSERT INTO Municipio VALUES (19009, 19,"La Unión");
INSERT INTO Municipio VALUES (19010, 19,"Huité");
INSERT INTO Municipio VALUES (19011, 19,"San Jorge");
INSERT INTO Municipio VALUES (20001, 20,"Chiquimula");
INSERT INTO Municipio VALUES (20002, 20,"San José La Arada");
INSERT INTO Municipio VALUES (20003, 20,"San Juan Ermita");
INSERT INTO Municipio VALUES (20004, 20,"Jocotán");
INSERT INTO Municipio VALUES (20005, 20,"Camotán");
INSERT INTO Municipio VALUES (20006, 20,"Olopa");
INSERT INTO Municipio VALUES (20007, 20,"Esquipulas");
INSERT INTO Municipio VALUES (20008, 20,"Concepción Las Minas");
INSERT INTO Municipio VALUES (20009, 20,"Quetzaltepeque");
INSERT INTO Municipio VALUES (20010, 20,"San Jacinto");
INSERT INTO Municipio VALUES (20011, 20,"Ipala");
INSERT INTO Municipio VALUES (21001, 21,"Jalapa");
INSERT INTO Municipio VALUES (21002, 21,"San Pedro Pinula");
INSERT INTO Municipio VALUES (21003, 21,"San Luis Jilotepeque");
INSERT INTO Municipio VALUES (21004, 21,"San Manuel Chaparrón");
INSERT INTO Municipio VALUES (21005, 21,"San Carlos Alzatate");
INSERT INTO Municipio VALUES (21006, 21,"Monjas");
INSERT INTO Municipio VALUES (21007, 21,"Mataquescuintla");
INSERT INTO Municipio VALUES (22001, 22,"Jutiapa");
INSERT INTO Municipio VALUES (22002, 22,"El Progreso");
INSERT INTO Municipio VALUES (22003, 22,"Santa Catarina Mita");
INSERT INTO Municipio VALUES (22004, 22,"Agua Blanca");
INSERT INTO Municipio VALUES (22005, 22,"Asunción Mita");
INSERT INTO Municipio VALUES (22006, 22,"Yupiltepeque");
INSERT INTO Municipio VALUES (22007, 22,"Atescatempa");
INSERT INTO Municipio VALUES (22008, 22,"Jerez");
INSERT INTO Municipio VALUES (22009, 22,"El Adelanto");
INSERT INTO Municipio VALUES (22010, 22,"Zapotitlán");
INSERT INTO Municipio VALUES (22011, 22,"Comapa");
INSERT INTO Municipio VALUES (22012, 22,"Jalpatagua");
INSERT INTO Municipio VALUES (22013, 22,"Conguaco");
INSERT INTO Municipio VALUES (22014, 22,"Moyuta");
INSERT INTO Municipio VALUES (22015, 22,"Pasaco");
INSERT INTO Municipio VALUES (22016, 22,"San José Acatempa");
INSERT INTO Municipio VALUES (22017, 22,"Quesada");


-- Sucursales (64) 51 simples 10 con enlace 3 solo enlace
--
//id,departamento,municipio,direccion,nombre,esEnlace,estado

-- AltaVerapaz D16

INSERT INTO Sucursal VALUES (1,16,16009,"DIRECCION 1A","SUCURSAL ALTA VERAPAZ 1",1,1,0,0);
INSERT INTO Sucursal VALUES (2,16,16009,"DIRECCION 2A","SUCURSAL ALTA VERAPAZ 2",1,1,0,0);
INSERT INTO Sucursal VALUES (3,16,16009,"DIRECCION 3A","SUCURSAL ALTA VERAPAZ 3",1,1,0,0);
INSERT INTO Sucursal VALUES (4,16,16001,"DIRECCION 4A","SUCURSAL ALTA VERAPAZ 4",1,1,0,0);
INSERT INTO Sucursal VALUES (5,16,16001,"DIRECCION 5A","SUCURSAL ALTA VERAPAZ 5",1,1,0,0);
INSERT INTO Sucursal VALUES (6,16,16013,"DIRECCION 6A","SUCURSAL ALTA VERAPAZ 6",1,1,0,0);
INSERT INTO Sucursal VALUES (7,16,16008,"DIRECCION 7A","SUCURSAL ALTA VERAPAZ 7",1,1,0,0);

 -- Chimaltenango
 INSERT INTO Sucursal VALUES (8,04,04001,"DIRECCION 1C","SUCURSAL CHIMALTENANGO 1",1,1,0,0);
 INSERT INTO Sucursal VALUES (9,04,04006,"DIRECCION 2C","SUCURSAL CHIMALTENANGO 2",1,1,0,0);

 -- Chiquimula
 INSERT INTO Sucursal VALUES (10,20,20001,"DIRECCION 1C","SUCURSAL CHIQUIMULA 1",1,1,0,0);

 -- Escuintla
 INSERT INTO Sucursal VALUES (11,05,05001,"DIRECCION 1E","SUCURSAL ESCUINTLA 1",1,1,0,0);
 INSERT INTO Sucursal VALUES (12,05,05001,"DIRECCION 2E","SUCURSAL ESCUINTLA 2",1,1,0,0);

 INSERT INTO Sucursal VALUES (13,05,05002,"DIRECCION 3E","SUCURSAL ESCUINTLA 3",1,1,0,0);

 -- Guatemala
 INSERT INTO Sucursal VALUES (14,01,01001,"DIRECCION 1G","SUCURSAL GUATEMALA 1",1,1,0,0);
 INSERT INTO Sucursal VALUES (15,01,01001,"DIRECCION 2G","SUCURSAL GUATEMALA 2",1,1,0,0);
 INSERT INTO Sucursal VALUES (16,01,01001,"DIRECCION 3G","SUCURSAL GUATEMALA 3",1,1,0,0);
 INSERT INTO Sucursal VALUES (17,01,01001,"DIRECCION 4G","SUCURSAL GUATEMALA 4",1,1,0,0);
 INSERT INTO Sucursal VALUES (18,01,01001,"DIRECCION 5G","SUCURSAL GUATEMALA 5",1,1,0,0);
 INSERT INTO Sucursal VALUES (19,01,01001,"DIRECCION 6G","SUCURSAL GUATEMALA 6",1,1,0,0);
 INSERT INTO Sucursal VALUES (20,01,01001,"DIRECCION 7G","SUCURSAL GUATEMALA 7",1,1,0,0);
 INSERT INTO Sucursal VALUES (21,01,01001,"DIRECCION 8G","SUCURSAL GUATEMALA 8",1,1,0,0);
 INSERT INTO Sucursal VALUES (22,01,01001,"DIRECCION 9G","SUCURSAL GUATEMALA 9",1,1,0,0);
 INSERT INTO Sucursal VALUES (23,01,01001,"DIRECCION 10G","SUCURSAL GUATEMALA 10",1,1,0,0);


 INSERT INTO Sucursal VALUES (24,01,01008,"DIRECCION 1G","SUCURSAL GUATEMALA 11",1,1,0,0);
 INSERT INTO Sucursal VALUES (25,01,01008,"DIRECCION 2G","SUCURSAL GUATEMALA 12",1,1,0,0);
 INSERT INTO Sucursal VALUES (26,01,01008,"DIRECCION 3G","SUCURSAL GUATEMALA 13",1,1,0,0);
 INSERT INTO Sucursal VALUES (27,01,01008,"DIRECCION 4G","SUCURSAL GUATEMALA 14",1,1,0,0);
 INSERT INTO Sucursal VALUES (28,01,01008,"DIRECCION 5G","SUCURSAL GUATEMALA 15",1,1,0,0);


 INSERT INTO Sucursal VALUES (29,01,01015,"DIRECCION 1G","SUCURSAL GUATEMALA 16",1,1,0,0);
 INSERT INTO Sucursal VALUES (30,01,01015,"DIRECCION 2G","SUCURSAL GUATEMALA 17",1,1,0,0);
 INSERT INTO Sucursal VALUES (31,01,01015,"DIRECCION 3G","SUCURSAL GUATEMALA 18",1,1,0,0);
 INSERT INTO Sucursal VALUES (32,01,01015,"DIRECCION 4G","SUCURSAL GUATEMALA 19",1,1,0,0);
 INSERT INTO Sucursal VALUES (33,01,01015,"DIRECCION 5G","SUCURSAL GUATEMALA 20",1,1,0,0);

 INSERT INTO Sucursal VALUES (34,01,01010,"DIRECCION 1G","SUCURSAL GUATEMALA 21",1,1,0,0);
 INSERT INTO Sucursal VALUES (35,01,01010,"DIRECCION 2G","SUCURSAL GUATEMALA 22",1,1,0,0);
 INSERT INTO Sucursal VALUES (36,01,01010,"DIRECCION 3G","SUCURSAL GUATEMALA 26",1,1,0,0);
 INSERT INTO Sucursal VALUES (37,01,01010,"DIRECCION 4G","SUCURSAL GUATEMALA 26",1,1,0,0);

 INSERT INTO Sucursal VALUES (38,01,01016,"DIRECCION 1G","SUCURSAL GUATEMALA 23",1,1,0,0);
 INSERT INTO Sucursal VALUES (39,01,01016,"DIRECCION 1G","SUCURSAL GUATEMALA 23",1,1,0,0);

 INSERT INTO Sucursal VALUES (40,01,01014,"DIRECCION 1G","SUCURSAL GUATEMALA 24",1,1,0,0);

 INSERT INTO Sucursal VALUES (41,01,01017,"DIRECCION 1G","SUCURSAL GUATEMALA 25",1,1,0,0);

 -- Huehuetenango
 INSERT INTO Sucursal VALUES (42,13,13001,"DIRECCION 1H","SUCURSAL HUEHUETENANGO 1",1,1,0,0);

 INSERT INTO Sucursal VALUES (43,13,13026,"DIRECCION 2H","SUCURSAL HUEHUETENANGO 2",1,1,0,0);

 -- Izabal
 INSERT INTO Sucursal VALUES (44,18,18001,"DIRECCION 1I","SUCURSAL IZABAL 1",1,1,0,0);

 INSERT INTO Sucursal VALUES (45,18,18004,"DIRECCION 2I","SUCURSAL IZABAL 2",1,1,0,0);

 -- Jalapa
 INSERT INTO Sucursal VALUES (46,21,21001,"DIRECCION 1J","SUCURSAL JALAPA 1",1,1,0,0);
 INSERT INTO Sucursal VALUES (47,21,21001,"DIRECCION 2J","SUCURSAL JALAPA 2",1,1,0,0);

 -- Jutiapa
 INSERT INTO Sucursal VALUES (48,22,22001,"DIRECCION 1J","SUCURSAL JUTIAPA 1",1,1,0,0);
 INSERT INTO Sucursal VALUES (49,22,22001,"DIRECCION 2J","SUCURSAL JUTIAPA 2",1,1,0,0);

 -- Peten
 INSERT INTO Sucursal VALUES (50,17,17001,"DIRECCION 1P","SUCURSAL PETEN 1",1,1,0,0);

 -- Quetzaltenango
 INSERT INTO Sucursal VALUES (51,09,09001,"DIRECCION 1Q","SUCURSAL QUETZALTENANGO 1",1,1,0,0);
 INSERT INTO Sucursal VALUES (52,09,09001,"DIRECCION 2Q","SUCURSAL QUETZALTENANGO 2",1,1,0,0);

 INSERT INTO Sucursal VALUES (53,09,09020,"DIRECCION 2Q","SUCURSAL QUETZALTENANGO 2",1,1,0,0);

 -- Quiche
 INSERT INTO Sucursal VALUES (54,14,14006,"DIRECCION 1Q","SUCURSAL QUICHE 1",1,1,0,0);

 INSERT INTO Sucursal VALUES (55,14,14020,"DIRECCION 2Q","SUCURSAL QUICHE 2",1,1,0,0);

 INSERT INTO Sucursal VALUES (56,14,14012,"DIRECCION 3Q","SUCURSAL QUICHE 3",1,1,0,0);

 INSERT INTO Sucursal VALUES (57,14,14001,"DIRECCION 4Q","SUCURSAL QUICHE 4",1,1,0,0);

 -- Retalhuleu
 INSERT INTO Sucursal VALUES (58,11,11001,"DIRECCION 1R","SUCURSAL RETALHULEU 1",1,1,0,0);

 -- San Marcos
 INSERT INTO Sucursal VALUES (59,12,12015,"DIRECCION 1S","SUCURSAL SAN MARCOS 1",1,1,0,0);

 -- Solola
INSERT INTO Sucursal VALUES (60,07,07001,"DIRECCION 1S","SUCURSAL SOLOLA 1",1,1,0,0);

-- Totonicapan
INSERT INTO Sucursal VALUES (61,08,08001,"DIRECCION 1T","SUCURSAL TOTONICAPAN 1",1,1,0,0);

INSERT INTO Sucursal VALUES (62,08,08005,"DIRECCION 1T","SUCURSAL TOTONICAPAN 2",1,1,0,0);

-- Rutas Internas
-- id,idOrigen,idDestino,distancia,dias,costo
-- Alta Verapaz

INSERT INTO Ruta VALUES (001,4,1,9.2,0,0);
INSERT INTO Ruta VALUES (002,4,2,10.2,0,0);
INSERT INTO Ruta VALUES (003,4,3,11.2,0,0);
INSERT INTO Ruta VALUES (004,4,5,3,0,0);
INSERT INTO Ruta VALUES (005,4,6,75.5,0,0);
INSERT INTO Ruta VALUES (006,4,7,127,0,0);

-- Chimaltenango
INSERT INTO Ruta VALUES (007,9,8,34,0,0);

-- Escuintla
INSERT INTO Ruta VALUES (008,11,12,5,0,0);

INSERT INTO Ruta VALUES (010,11,13,38.8,0,0);

-- Guatemala
INSERT INTO Ruta VALUES (011,14,15,2,0,0);
INSERT INTO Ruta VALUES (012,14,16,3,0,0);
INSERT INTO Ruta VALUES (013,14,17,2,0,0);
INSERT INTO Ruta VALUES (014,14,18,6,0,0);
INSERT INTO Ruta VALUES (015,14,19,6,0,0);
INSERT INTO Ruta VALUES (016,14,20,8,0,0);
INSERT INTO Ruta VALUES (017,14,21,1,0,0);
INSERT INTO Ruta VALUES (018,14,22,12,0,0);
INSERT INTO Ruta VALUES (047,14,23,9.2,0,0);

INSERT INTO Ruta VALUES (019,14,24,14,0,0);
INSERT INTO Ruta VALUES (020,14,25,17,0,0);
INSERT INTO Ruta VALUES (021,14,26,18,0,0);
INSERT INTO Ruta VALUES (022,14,27,23,0,0);
INSERT INTO Ruta VALUES (023,14,28,23,0,0);

INSERT INTO Ruta VALUES (024,14,29,17,0,0);
INSERT INTO Ruta VALUES (025,14,30,19,0,0);
INSERT INTO Ruta VALUES (026,14,31,21,0,0);
INSERT INTO Ruta VALUES (027,14,32,16,0,0);
INSERT INTO Ruta VALUES (028,14,33,16,0,0);

INSERT INTO Ruta VALUES (029,14,34,16,0,0);
INSERT INTO Ruta VALUES (030,14,35,19,0,0);
INSERT INTO Ruta VALUES (031,14,36,21,0,0);
INSERT INTO Ruta VALUES (048,14,37,21,0,0);


INSERT INTO Ruta VALUES (032,14,38,28.8,0,0);
INSERT INTO Ruta VALUES (033,14,39,30.8,0,0);

INSERT INTO Ruta VALUES (034,14,40,28.6,0,0);

INSERT INTO Ruta VALUES (035,14,41,20,0,0);

-- Huehuetenango
INSERT INTO Ruta VALUES (036,42,43,138,0,0);

-- Izabal
INSERT INTO Ruta VALUES (037,45,44,54,0,0);

-- Jalapa
INSERT INTO Ruta VALUES (038,46,47,15,0,0);

-- Jutiapa
INSERT INTO Ruta VALUES (039,48,49,23,0,0);

-- Quetzaltenango
INSERT INTO Ruta VALUES (040,51,52,8,0,0);

INSERT INTO Ruta VALUES (041,51,53,62,0,0);

-- Quiche
INSERT INTO Ruta VALUES (042,54,55,338,0,0);

INSERT INTO Ruta VALUES (043,54,56,52,0,0);

INSERT INTO Ruta VALUES (044,54,57,17,0,0);

-- Totonicapan
INSERT INTO Ruta VALUES (045,61,62,28,0,0);

-- Retorno para doble via De internas a Principal
-- Alta Verapaz
INSERT INTO Ruta VALUES (049,1,4,9.2,0,0);
INSERT INTO Ruta VALUES (050,2,4,10.2,0,0);
INSERT INTO Ruta VALUES (051,3,4,11.2,0,0);
INSERT INTO Ruta VALUES (052,5,4,3,0,0);
INSERT INTO Ruta VALUES (054,6,4,75.5,0,0);
INSERT INTO Ruta VALUES (055,7,4,127,0,0);

-- Chimaltenango
INSERT INTO Ruta VALUES (056,8,9,34,0,0);

-- Escuintla
INSERT INTO Ruta VALUES (057,12,11,5,0,0);

INSERT INTO Ruta VALUES (058,13,11,38.8,0,0);

-- Guatemala
INSERT INTO Ruta VALUES (059,15,14,2,0,0);
INSERT INTO Ruta VALUES (060,16,14,3,0,0);
INSERT INTO Ruta VALUES (061,17,14,2,0,0);
INSERT INTO Ruta VALUES (062,18,14,6,0,0);
INSERT INTO Ruta VALUES (063,19,14,6,0,0);
INSERT INTO Ruta VALUES (064,20,14,8,0,0);
INSERT INTO Ruta VALUES (065,21,14,1,0,0);
INSERT INTO Ruta VALUES (066,22,14,12,0,0);
INSERT INTO Ruta VALUES (067,23,14,9.2,0,0);

INSERT INTO Ruta VALUES (068,24,14,14,0,0);
INSERT INTO Ruta VALUES (069,25,14,17,0,0);
INSERT INTO Ruta VALUES (070,26,14,18,0,0);
INSERT INTO Ruta VALUES (071,27,14,23,0,0);
INSERT INTO Ruta VALUES (072,28,14,23,0,0);

INSERT INTO Ruta VALUES (073,29,14,17,0,0);
INSERT INTO Ruta VALUES (074,30,14,19,0,0);
INSERT INTO Ruta VALUES (075,31,14,21,0,0);
INSERT INTO Ruta VALUES (076,32,14,16,0,0);
INSERT INTO Ruta VALUES (077,33,14,16,0,0);

INSERT INTO Ruta VALUES (078,34,14,16,0,0);
INSERT INTO Ruta VALUES (079,35,14,19,0,0);
INSERT INTO Ruta VALUES (080,36,14,21,0,0);
INSERT INTO Ruta VALUES (081,37,14,21,0,0);


INSERT INTO Ruta VALUES (082,38,14,28.8,0,0);
INSERT INTO Ruta VALUES (083,39,14,30.8,0,0);

INSERT INTO Ruta VALUES (084,40,14,28.6,0,0);

INSERT INTO Ruta VALUES (085,41,14,20,0,0);

-- Huehuetenango
INSERT INTO Ruta VALUES (086,43,42,138,0,0);

-- Izabal
INSERT INTO Ruta VALUES (087,44,45,54,0,0);

-- Jalapa
INSERT INTO Ruta VALUES (088,47,46,15,0,0);

-- Jutiapa
INSERT INTO Ruta VALUES (089,49,48,23,0,0);

-- Quetzaltenango
INSERT INTO Ruta VALUES (090,52,51,8,0,0);

INSERT INTO Ruta VALUES (091,53,51,62,0,0);

-- Quiche
INSERT INTO Ruta VALUES (092,55,54,338,0,0);

INSERT INTO Ruta VALUES (093,56,54,52,0,0);

INSERT INTO Ruta VALUES (094,57,54,17,0,0);

-- Totonicapan
INSERT INTO Ruta VALUES (095,62,61,28,0,0);

-- Rutas para comunicacion entre sucursales departamentales

-- Alta verapaz
    -- >a flores peten
INSERT INTO Ruta VALUES (096,4,50,150,0,0);
    -- >a guatemala
INSERT INTO Ruta VALUES (097,4,14,211,0,0);

-- Chimaltenango
    -- >Quetzaltenango
INSERT INTO Ruta VALUES (098,9,51,148,0,0);
    -- >Guatemala
INSERT INTO Ruta VALUES (099,9,14,51,0,0);

-- Chiquimula
    -- >Jutiapa
INSERT INTO Ruta VALUES (100,10,48,92,0,0);
    -- >Izabal (Morales)
INSERT INTO Ruta VALUES (101,10,45,142,0,0);

-- Escuintla
    -- >Reu
INSERT INTO Ruta VALUES (102,11,58,132,0,0);
    -- >Guatemala
INSERT INTO Ruta VALUES (103,11,14,67,0,0);

-- Guatemala
    -- >Chimaltenango
INSERT INTO Ruta VALUES (104,14,9,51,0,0);
    -- >Escuintla
INSERT INTO Ruta VALUES (105,14,11,67,0,0);
    -- >Jutiapa
INSERT INTO Ruta VALUES (106,14,48,123,0,0);
    -- >Jalapa
INSERT INTO Ruta VALUES (107,14,48,100,0,0);
    -- >Alta verapaz
INSERT INTO Ruta VALUES (108,14,4,211,0,0);

-- Huehuetenango
    -- >Quetzaltenango
INSERT INTO Ruta VALUES (109,42,51,90,0,0);

-- Izabal (Morales)
    -- >Chiquimula
INSERT INTO Ruta VALUES (110,45,10,142,0,0);
    -- >Peten
INSERT INTO Ruta VALUES (111,45,50,142,0,0);

-- Jalapa
    -- >Guatemala
INSERT INTO Ruta VALUES (112,46,14,100,0,0);
    -- >Jutiapa
INSERT INTO Ruta VALUES (113,46,48,55.6,0,0);

-- Jutiapa
    -- >Guatemala
INSERT INTO Ruta VALUES (114,48,14,123,0,0);
    -- >Jalapa
INSERT INTO Ruta VALUES (115,48,46,55.6,0,0);
    -- >Chiquimula
INSERT INTO Ruta VALUES (116,48,46,92,0,0);

-- Peten
    -- >Alta Verapaz
INSERT INTO Ruta VALUES (117,50,4,150,0,0);
    -- >Izabal
INSERT INTO Ruta VALUES (118,50,45,142,0,0);

-- Quetzaltenango
    -- >San Marcos (Malacatan)
INSERT INTO Ruta VALUES (119,51,59,50,0,0);
    -- >Reu
INSERT INTO Ruta VALUES (120,51,58,75,0,0);
    -- >Guatemala
INSERT INTO Ruta VALUES (121,51,14,213,0,0);
    -- >Totonicapan
INSERT INTO Ruta VALUES (122,51,61,27,0,0);
    -- Huehuetenango
INSERT INTO Ruta VALUES (123,51,42,90,0,0);

-- Quiche (Chichicastenango)
    -- >Totonicapan
INSERT INTO Ruta VALUES (124,54,51,52,0,0);

-- Reu
    -- >Escuintla
INSERT INTO Ruta VALUES (125,58,11,132,0,0);
    -- >Quetzaltenango
INSERT INTO Ruta VALUES (126,58,51,75,0,0);

-- San Marcos (Malacatan)
    -- >Quetzaltenango
INSERT INTO Ruta VALUES (127,59,51,50,0,0);

-- Totonicapan
    -- >Quetzaltenango
INSERT INTO Ruta VALUES (128,61,51,27,0,0);
    -- >Quiche
INSERT INTO Ruta VALUES (129,61,54,52,0,0);


-- Usuarios para emisor y receptor

-- Personas
INSERT INTO Persona VALUES (1,"PERSONA  01", 68, "DOMICILIO 01", "12345671", "100001");
INSERT INTO Persona VALUES (2,"PERSONA  02", 40, "DOMICILIO 02", "12345672", "100002");
INSERT INTO Persona VALUES (3,"PERSONA  03", 46, "DOMICILIO 03", "12345673", "100003");
INSERT INTO Persona VALUES (4,"PERSONA  04", 63, "DOMICILIO 04", "12345674", "100004");
INSERT INTO Persona VALUES (5,"PERSONA  05", 70, "DOMICILIO 05", "12345675", "100005");
INSERT INTO Persona VALUES (6,"PERSONA  06", 31, "DOMICILIO 06", "12345676", "100006");
INSERT INTO Persona VALUES (7,"PERSONA  07", 23, "DOMICILIO 07", "12345677", "100007");
INSERT INTO Persona VALUES (8,"PERSONA  08", 35, "DOMICILIO 08", "12345678", "100008");
INSERT INTO Persona VALUES (9,"PERSONA  09", 46, "DOMICILIO 09", "12345679", "100009");
INSERT INTO Persona VALUES (10,"PERSONA 10", 32, "DOMICILIO 10", "12345610", "100010");
INSERT INTO Persona VALUES (11,"PERSONA 11", 42, "DOMICILIO 11", "12345611", "100011");
INSERT INTO Persona VALUES (12,"PERSONA 12", 54, "DOMICILIO 12", "12345612", "100012");
INSERT INTO Persona VALUES (13,"PERSONA 13", 46, "DOMICILIO 13", "12345613", "100013");
INSERT INTO Persona VALUES (14,"PERSONA 14", 39, "DOMICILIO 14", "12345614", "100014");
INSERT INTO Persona VALUES (15,"PERSONA 15", 56, "DOMICILIO 15", "12345615", "100015");
INSERT INTO Persona VALUES (16,"PERSONA 16", 20, "DOMICILIO 16", "12345616", "100016");
INSERT INTO Persona VALUES (17,"PERSONA 17", 68, "DOMICILIO 17", "12345617", "100017");
INSERT INTO Persona VALUES (18,"PERSONA 18", 69, "DOMICILIO 18", "12345618", "100018");
INSERT INTO Persona VALUES (19,"PERSONA 19", 35, "DOMICILIO 19", "12345619", "100019");
INSERT INTO Persona VALUES (20,"PERSONA 20", 38, "DOMICILIO 20", "12345620", "100020");
INSERT INTO Persona VALUES (21,"PERSONA 21", 59, "DOMICILIO 21", "12345621", "100021");
INSERT INTO Persona VALUES (22,"PERSONA 22", 23, "DOMICILIO 22", "12345622", "100022");
INSERT INTO Persona VALUES (23,"PERSONA 23", 58, "DOMICILIO 23", "12345623", "100023");
INSERT INTO Persona VALUES (24,"PERSONA 24", 50, "DOMICILIO 24", "12345624", "100024");
INSERT INTO Persona VALUES (25,"PERSONA 25", 70, "DOMICILIO 25", "12345625", "100025");
INSERT INTO Persona VALUES (26,"PERSONA 26", 29, "DOMICILIO 26", "12345626", "100026");
INSERT INTO Persona VALUES (27,"PERSONA 27", 48, "DOMICILIO 27", "12345627", "100027");
INSERT INTO Persona VALUES (28,"PERSONA 28", 34, "DOMICILIO 28", "12345628", "100028");
INSERT INTO Persona VALUES (29,"PERSONA 29", 26, "DOMICILIO 29", "12345629", "100029");
INSERT INTO Persona VALUES (30,"PERSONA 30", 69, "DOMICILIO 30", "12345630", "100030");
INSERT INTO Persona VALUES (31,"PERSONA 31", 49, "DOMICILIO 31", "12345631", "100031");
INSERT INTO Persona VALUES (32,"PERSONA 32", 60, "DOMICILIO 32", "12345632", "100032");
INSERT INTO Persona VALUES (33,"PERSONA 33", 56, "DOMICILIO 33", "12345633", "100033");
INSERT INTO Persona VALUES (34,"PERSONA 34", 30, "DOMICILIO 34", "12345634", "100034");
INSERT INTO Persona VALUES (35,"PERSONA 35", 38, "DOMICILIO 35", "12345635", "100035");
INSERT INTO Persona VALUES (36,"PERSONA 36", 28, "DOMICILIO 36", "12345636", "100036");
INSERT INTO Persona VALUES (37,"PERSONA 37", 63, "DOMICILIO 37", "12345637", "100037");
INSERT INTO Persona VALUES (38,"PERSONA 38", 66, "DOMICILIO 38", "12345638", "100038");
INSERT INTO Persona VALUES (39,"PERSONA 39", 28, "DOMICILIO 39", "12345639", "100039");
INSERT INTO Persona VALUES (40,"PERSONA 40", 56, "DOMICILIO 40", "12345640", "100040");
INSERT INTO Persona VALUES (41,"PERSONA 41", 28, "DOMICILIO 41", "12345641", "100041");
INSERT INTO Persona VALUES (42,"PERSONA 42", 44, "DOMICILIO 42", "12345642", "100042");
INSERT INTO Persona VALUES (43,"PERSONA 43", 51, "DOMICILIO 43", "12345643", "100043");
INSERT INTO Persona VALUES (44,"PERSONA 44", 63, "DOMICILIO 44", "12345644", "100044");
INSERT INTO Persona VALUES (45,"PERSONA 45", 55, "DOMICILIO 45", "12345645", "100045");
INSERT INTO Persona VALUES (46,"PERSONA 46", 49, "DOMICILIO 46", "12345646", "100046");
INSERT INTO Persona VALUES (47,"PERSONA 47", 35, "DOMICILIO 47", "12345647", "100047");
INSERT INTO Persona VALUES (48,"PERSONA 48", 45, "DOMICILIO 48", "12345648", "100048");
INSERT INTO Persona VALUES (49,"PERSONA 49", 37, "DOMICILIO 49", "12345649", "100049");
INSERT INTO Persona VALUES (50,"PERSONA 50", 62, "DOMICILIO 50", "12345650", "100050");


INSERT INTO Envio VALUES (1,43,44,1,2,"2023-11-24",245);
INSERT INTO Envio VALUES (2,43,62,1,2,"2023-11-10",50);