--partamentos

INSERT INTO Departamento VALUES ("D01","Guatemala","GU");
INSERT INTO Departamento VALUES ("D02","El Progreso","PR");
INSERT INTO Departamento VALUES ("D03","Sacatepéquez","SA");
INSERT INTO Departamento VALUES ("D04","Chimaltenango","CM");
INSERT INTO Departamento VALUES ("D05","Escuintla","ES");
INSERT INTO Departamento VALUES ("D06","Santa Rosa","SR");
INSERT INTO Departamento VALUES ("D07","Sololá","SO");
INSERT INTO Departamento VALUES ("D08","Totonicapán","TO");
INSERT INTO Departamento VALUES ("D09","Quetzaltenango","QZ");
INSERT INTO Departamento VALUES ("D10","Suchitepéquez","SU");
INSERT INTO Departamento VALUES ("D11","Retalhuleu","RE");
INSERT INTO Departamento VALUES ("D12","San Marcos","SM");
INSERT INTO Departamento VALUES ("D13","Huehuetenango","HU");
INSERT INTO Departamento VALUES ("D14","Quiché","QC");
INSERT INTO Departamento VALUES ("D15","Baja Verapaz","BV");
INSERT INTO Departamento VALUES ("D16","Alta Verapaz","AV");
INSERT INTO Departamento VALUES ("D17","Petén","PE");
INSERT INTO Departamento VALUES ("D18","Izabal","IZ");
INSERT INTO Departamento VALUES ("D19","Zacapa","ZA");
INSERT INTO Departamento VALUES ("D20","Chiquimula","CQ");
INSERT INTO Departamento VALUES ("D21","Jalapa","JA");
INSERT INTO Departamento VALUES ("D22","Jutiapa","JU");

--Municipios Total 338

INSERT INTO Municipio VALUES ("M001", "D01","Guatemala");
INSERT INTO Municipio VALUES ("M002", "D01","Santa Catarina Pinula");
INSERT INTO Municipio VALUES ("M003", "D01","San José Pinula");
INSERT INTO Municipio VALUES ("M004", "D01","San José del Golfo");
INSERT INTO Municipio VALUES ("M005", "D01","Palencia");
INSERT INTO Municipio VALUES ("M006", "D01","Chinautla");
INSERT INTO Municipio VALUES ("M007", "D01","San Pedro Ayampuc");
INSERT INTO Municipio VALUES ("M008", "D01","Mixco");
INSERT INTO Municipio VALUES ("M009", "D01","San Pedro Sacatepéquez");
INSERT INTO Municipio VALUES ("M010", "D01","San Juan Sacatepéquez");
INSERT INTO Municipio VALUES ("M011", "D01","San Raymundo");
INSERT INTO Municipio VALUES ("M012", "D01","Chuarrancho");
INSERT INTO Municipio VALUES ("M013", "D01","Fraijanes");
INSERT INTO Municipio VALUES ("M014", "D01","Amatitlán");
INSERT INTO Municipio VALUES ("M015", "D01","Villa Nueva");
INSERT INTO Municipio VALUES ("M016", "D01","Villa Canales");
INSERT INTO Municipio VALUES ("M017", "D01","Petapa");
INSERT INTO Municipio VALUES ("M001", "D02","Guastatoya");
INSERT INTO Municipio VALUES ("M002", "D02","Morazán");
INSERT INTO Municipio VALUES ("M003", "D02","San Agustín Acasaguastlán");
INSERT INTO Municipio VALUES ("M004", "D02","San Cristóbal Acasaguastlán");
INSERT INTO Municipio VALUES ("M005", "D02","El Jícaro");
INSERT INTO Municipio VALUES ("M006", "D02","Sansare");
INSERT INTO Municipio VALUES ("M007", "D02","Sanarate");
INSERT INTO Municipio VALUES ("M008", "D02","San Antonio la Paz");
INSERT INTO Municipio VALUES ("M001", "D03","Antigua Guatemala");
INSERT INTO Municipio VALUES ("M002", "D03","Jocotenango");
INSERT INTO Municipio VALUES ("M003", "D03","Pastores");
INSERT INTO Municipio VALUES ("M004", "D03","Sumpango");
INSERT INTO Municipio VALUES ("M005", "D03","Santo Domingo Xenacoj");
INSERT INTO Municipio VALUES ("M006", "D03","Santiago Sacatepéquez");
INSERT INTO Municipio VALUES ("M007", "D03","San Bartolomé Milpas Altas");
INSERT INTO Municipio VALUES ("M008", "D03","San Lucas Sacatepéquez");
INSERT INTO Municipio VALUES ("M009", "D03","Santa Lucía Milpas Altas");
INSERT INTO Municipio VALUES ("M010", "D03","Magdalena Milpas Altas");
INSERT INTO Municipio VALUES ("M011", "D03","Santa María de Jesús");
INSERT INTO Municipio VALUES ("M012", "D03","Ciudad Vieja");
INSERT INTO Municipio VALUES ("M013", "D03","San Miguel Dueñas");
INSERT INTO Municipio VALUES ("M014", "D03","Alotenango");
INSERT INTO Municipio VALUES ("M015", "D03","San Antonio Aguas Calientes");
INSERT INTO Municipio VALUES ("M016", "D03","Santa Catarina Barahona");
INSERT INTO Municipio VALUES ("M001", "D04","Chimaltenango");
INSERT INTO Municipio VALUES ("M002", "D04","San José Poaquil");
INSERT INTO Municipio VALUES ("M003", "D04","San Martín Jilotepeque");
INSERT INTO Municipio VALUES ("M004", "D04","Comalapa");
INSERT INTO Municipio VALUES ("M005", "D04","Santa Apolonia");
INSERT INTO Municipio VALUES ("M006", "D04","Tecpán Guatemala");
INSERT INTO Municipio VALUES ("M007", "D04","Patzún");
INSERT INTO Municipio VALUES ("M008", "D04","Pochuta");
INSERT INTO Municipio VALUES ("M009", "D04","Patzicía");
INSERT INTO Municipio VALUES ("M010", "D04","Santa Cruz Balanyá");
INSERT INTO Municipio VALUES ("M011", "D04","Acatenango");
INSERT INTO Municipio VALUES ("M012", "D04","Yepocapa");
INSERT INTO Municipio VALUES ("M013", "D04","San Andrés Itzapa");
INSERT INTO Municipio VALUES ("M014", "D04","Parramos");
INSERT INTO Municipio VALUES ("M015", "D04","Zaragoza");
INSERT INTO Municipio VALUES ("M016", "D04","El Tejar");
INSERT INTO Municipio VALUES ("M001", "D05","Escuintla");
INSERT INTO Municipio VALUES ("M002", "D05","Santa Lucía Cotzumalguapa");
INSERT INTO Municipio VALUES ("M003", "D05","La Democracia");
INSERT INTO Municipio VALUES ("M004", "D05","Siquinalá");
INSERT INTO Municipio VALUES ("M005", "D05","Masagua");
INSERT INTO Municipio VALUES ("M006", "D05","Tiquisate");
INSERT INTO Municipio VALUES ("M007", "D05","La Gomera");
INSERT INTO Municipio VALUES ("M008", "D05","Guanagazapa");
INSERT INTO Municipio VALUES ("M009", "D05","San José");
INSERT INTO Municipio VALUES ("M010", "D05","Iztapa");
INSERT INTO Municipio VALUES ("M011", "D05","Palín");
INSERT INTO Municipio VALUES ("M012", "D05","San Vicente Pacaya");
INSERT INTO Municipio VALUES ("M013", "D05","Nueva Concepción");
INSERT INTO Municipio VALUES ("M001", "D06","Cuilapa");
INSERT INTO Municipio VALUES ("M002", "D06","Barberena");
INSERT INTO Municipio VALUES ("M003", "D06","Santa Rosa de Lima");
INSERT INTO Municipio VALUES ("M004", "D06","Casillas");
INSERT INTO Municipio VALUES ("M005", "D06","San Rafael las Flores");
INSERT INTO Municipio VALUES ("M006", "D06","Oratorio");
INSERT INTO Municipio VALUES ("M007", "D06","San Juan Tecuaco");
INSERT INTO Municipio VALUES ("M008", "D06","Chiquimulilla");
INSERT INTO Municipio VALUES ("M009", "D06","Taxisco");
INSERT INTO Municipio VALUES ("M010", "D06","Santa María Ixhuatán");
INSERT INTO Municipio VALUES ("M011", "D06","Guazacapán");
INSERT INTO Municipio VALUES ("M012", "D06","Santa Cruz Naranjo");
INSERT INTO Municipio VALUES ("M013", "D06","Pueblo Nuevo Viñas");
INSERT INTO Municipio VALUES ("M014", "D06","Nueva Santa Rosa");
INSERT INTO Municipio VALUES ("M001", "D07","Sololá");
INSERT INTO Municipio VALUES ("M002", "D07","San José Chacayá");
INSERT INTO Municipio VALUES ("M003", "D07","Santa María Visitación");
INSERT INTO Municipio VALUES ("M004", "D07","Santa Lucía Utatlán");
INSERT INTO Municipio VALUES ("M005", "D07","Nahualá");
INSERT INTO Municipio VALUES ("M006", "D07","Santa Catarina Ixtahuacán");
INSERT INTO Municipio VALUES ("M007", "D07","Santa Clara la Laguna");
INSERT INTO Municipio VALUES ("M008", "D07","Concepción");
INSERT INTO Municipio VALUES ("M009", "D07","San Andrés Semetabaj");
INSERT INTO Municipio VALUES ("M010", "D07","Panajachel");
INSERT INTO Municipio VALUES ("M011", "D07","Santa Catarina Palopó");
INSERT INTO Municipio VALUES ("M012", "D07","San Antonio Palopó");
INSERT INTO Municipio VALUES ("M013", "D07","San Lucas Tolimán");
INSERT INTO Municipio VALUES ("M014", "D07","Santa Cruz la Laguna");
INSERT INTO Municipio VALUES ("M015", "D07","San Pablo la Laguna");
INSERT INTO Municipio VALUES ("M016", "D07","San Marcos la Laguna");
INSERT INTO Municipio VALUES ("M017", "D07","San Juan la Laguna");
INSERT INTO Municipio VALUES ("M018", "D07","San Pedro la Laguna");
INSERT INTO Municipio VALUES ("M019", "D07","Santiago Atitlán");
INSERT INTO Municipio VALUES ("M001", "D08","Totonicapán");
INSERT INTO Municipio VALUES ("M002", "D08","San Cristóbal Totonicapán");
INSERT INTO Municipio VALUES ("M003", "D08","San Francisco el Alto");
INSERT INTO Municipio VALUES ("M004", "D08","San Andrés Xecul");
INSERT INTO Municipio VALUES ("M005", "D08","Momostenango");
INSERT INTO Municipio VALUES ("M006", "D08","Santa María Chiquimula");
INSERT INTO Municipio VALUES ("M007", "D08","Santa Lucía la Reforma");
INSERT INTO Municipio VALUES ("M008", "D08","San Bartolo");
INSERT INTO Municipio VALUES ("M001", "D09","Quetzaltenango");
INSERT INTO Municipio VALUES ("M002", "D09","Salcajá");
INSERT INTO Municipio VALUES ("M003", "D09","Olintepeque");
INSERT INTO Municipio VALUES ("M004", "D09","San Carlos Sija");
INSERT INTO Municipio VALUES ("M005", "D09","Sibilia");
INSERT INTO Municipio VALUES ("M006", "D09","Cabricán");
INSERT INTO Municipio VALUES ("M007", "D09","Cajolá");
INSERT INTO Municipio VALUES ("M008", "D09","San Miguel Siguilá");
INSERT INTO Municipio VALUES ("M009", "D09","Ostuncalco");
INSERT INTO Municipio VALUES ("M010", "D09","San Mateo");
INSERT INTO Municipio VALUES ("M011", "D09","Concepción Chiquirichapa");
INSERT INTO Municipio VALUES ("M012", "D09","San Martín Sacatepéquez");
INSERT INTO Municipio VALUES ("M013", "D09","Almolonga");
INSERT INTO Municipio VALUES ("M014", "D09","Cantel");
INSERT INTO Municipio VALUES ("M015", "D09","Huitán");
INSERT INTO Municipio VALUES ("M016", "D09","Zunil");
INSERT INTO Municipio VALUES ("M017", "D09","Colomba");
INSERT INTO Municipio VALUES ("M018", "D09","San Francisco la Unión");
INSERT INTO Municipio VALUES ("M019", "D09","El Palmar");
INSERT INTO Municipio VALUES ("M020", "D09","Coatepeque");
INSERT INTO Municipio VALUES ("M021", "D09","Génova");
INSERT INTO Municipio VALUES ("M022", "D09","Flores Costa Cuca");
INSERT INTO Municipio VALUES ("M023", "D09","La Esperanza");
INSERT INTO Municipio VALUES ("M024", "D09","Palestina de los Altos");
INSERT INTO Municipio VALUES ("M001", "D10","Mazatenango");
INSERT INTO Municipio VALUES ("M002", "D10","Cuyotenango");
INSERT INTO Municipio VALUES ("M003", "D10","San Francisco Zapotitlán");
INSERT INTO Municipio VALUES ("M004", "D10","San Bernardino");
INSERT INTO Municipio VALUES ("M005", "D10","San José el Idolo");
INSERT INTO Municipio VALUES ("M006", "D10","Santo Domingo Suchitepéquez");
INSERT INTO Municipio VALUES ("M007", "D10","San Lorenzo");
INSERT INTO Municipio VALUES ("M008", "D10","Samayac");
INSERT INTO Municipio VALUES ("M009", "D10","San Pablo Jocopilas");
INSERT INTO Municipio VALUES ("M010", "D10","San Antonio Suchitepéquez");
INSERT INTO Municipio VALUES ("M011", "D10","San Miguel Panán");
INSERT INTO Municipio VALUES ("M012", "D10","San Gabriel");
INSERT INTO Municipio VALUES ("M013", "D10","Chicacao");
INSERT INTO Municipio VALUES ("M014", "D10","Patulul");
INSERT INTO Municipio VALUES ("M015", "D10","Santa Bárbara");
INSERT INTO Municipio VALUES ("M016", "D10","San Juan Bautista");
INSERT INTO Municipio VALUES ("M017", "D10","Santo Tomás la Unión");
INSERT INTO Municipio VALUES ("M018", "D10","Zunilito");
INSERT INTO Municipio VALUES ("M019", "D10","Pueblo Nuevo");
INSERT INTO Municipio VALUES ("M020", "D10","Río Bravo");
INSERT INTO Municipio VALUES ("M021", "D10","San José La Máquina");
INSERT INTO Municipio VALUES ("M001", "D11","Retalhuleu");
INSERT INTO Municipio VALUES ("M002", "D11","San Sebastián");
INSERT INTO Municipio VALUES ("M003", "D11","Santa Cruz Muluá");
INSERT INTO Municipio VALUES ("M004", "D11","San Martín Zapotitlán");
INSERT INTO Municipio VALUES ("M005", "D11","San Felipe");
INSERT INTO Municipio VALUES ("M006", "D11","San Andrés Villa Seca");
INSERT INTO Municipio VALUES ("M007", "D11","Champerico");
INSERT INTO Municipio VALUES ("M008", "D11","Nuevo San Carlos");
INSERT INTO Municipio VALUES ("M009", "D11","El Asintal");
INSERT INTO Municipio VALUES ("M001", "D12","San Marcos");
INSERT INTO Municipio VALUES ("M002", "D12","San Pedro Sacatepéquez");
INSERT INTO Municipio VALUES ("M003", "D12","San Antonio Sacatepéquez");
INSERT INTO Municipio VALUES ("M004", "D12","Comitancillo");
INSERT INTO Municipio VALUES ("M005", "D12","San Miguel Ixtahuacán");
INSERT INTO Municipio VALUES ("M006", "D12","Concepción Tutuapa");
INSERT INTO Municipio VALUES ("M007", "D12","Tacaná");
INSERT INTO Municipio VALUES ("M008", "D12","Sibinal");
INSERT INTO Municipio VALUES ("M009", "D12","Tajumulco");
INSERT INTO Municipio VALUES ("M010", "D12","Tejutla");
INSERT INTO Municipio VALUES ("M011", "D12","San Rafael Pié de la Cuesta");
INSERT INTO Municipio VALUES ("M012", "D12","Nuevo Progreso");
INSERT INTO Municipio VALUES ("M013", "D12","El Tumbador");
INSERT INTO Municipio VALUES ("M014", "D12","El Rodeo");
INSERT INTO Municipio VALUES ("M015", "D12","Malacatán");
INSERT INTO Municipio VALUES ("M016", "D12","Catarina");
INSERT INTO Municipio VALUES ("M017", "D12","Ayutla");
INSERT INTO Municipio VALUES ("M018", "D12","Ocós");
INSERT INTO Municipio VALUES ("M019", "D12","San Pablo");
INSERT INTO Municipio VALUES ("M020", "D12","El Quetzal");
INSERT INTO Municipio VALUES ("M021", "D12","La Reforma");
INSERT INTO Municipio VALUES ("M022", "D12","Pajapita");
INSERT INTO Municipio VALUES ("M023", "D12","Ixchiguán");
INSERT INTO Municipio VALUES ("M024", "D12","San José Ojetenán");
INSERT INTO Municipio VALUES ("M025", "D12","San Cristóbal Cucho");
INSERT INTO Municipio VALUES ("M026", "D12","Sipacapa");
INSERT INTO Municipio VALUES ("M027", "D12","Esquipulas Palo Gordo");
INSERT INTO Municipio VALUES ("M028", "D12","Río Blanco");
INSERT INTO Municipio VALUES ("M029", "D12","San Lorenzo");
INSERT INTO Municipio VALUES ("M030", "D12","La Blanca");
INSERT INTO Municipio VALUES ("M001", "D13","Huehuetenango");
INSERT INTO Municipio VALUES ("M002", "D13","Chiantla");
INSERT INTO Municipio VALUES ("M003", "D13","Malacatancito");
INSERT INTO Municipio VALUES ("M004", "D13","Cuilco");
INSERT INTO Municipio VALUES ("M005", "D13","Nentón");
INSERT INTO Municipio VALUES ("M006", "D13","San Pedro Necta");
INSERT INTO Municipio VALUES ("M007", "D13","Jacaltenango");
INSERT INTO Municipio VALUES ("M008", "D13","Soloma");
INSERT INTO Municipio VALUES ("M009", "D13","Ixtahuacán");
INSERT INTO Municipio VALUES ("M010", "D13","Santa Bárbara");
INSERT INTO Municipio VALUES ("M011", "D13","La Libertad");
INSERT INTO Municipio VALUES ("M012", "D13","La Democracia");
INSERT INTO Municipio VALUES ("M013", "D13","San Miguel Acatán");
INSERT INTO Municipio VALUES ("M014", "D13","San Rafael la Independencia");
INSERT INTO Municipio VALUES ("M015", "D13","Todos Santos Cuchumatán");
INSERT INTO Municipio VALUES ("M016", "D13","San Juan Atitán");
INSERT INTO Municipio VALUES ("M017", "D13","Santa Eulalia");
INSERT INTO Municipio VALUES ("M018", "D13","San Mateo Ixtatán");
INSERT INTO Municipio VALUES ("M019", "D13","Colotenango");
INSERT INTO Municipio VALUES ("M020", "D13","San Sebastián Huehuetenango");
INSERT INTO Municipio VALUES ("M021", "D13","Tectitán");
INSERT INTO Municipio VALUES ("M022", "D13","Concepción Huista");
INSERT INTO Municipio VALUES ("M023", "D13","San Juan Ixcoy");
INSERT INTO Municipio VALUES ("M024", "D13","San Antonio Huista");
INSERT INTO Municipio VALUES ("M025", "D13","San Sebastián Coatán");
INSERT INTO Municipio VALUES ("M026", "D13","Barillas");
INSERT INTO Municipio VALUES ("M027", "D13","Aguacatán");
INSERT INTO Municipio VALUES ("M028", "D13","San Rafael Petzal");
INSERT INTO Municipio VALUES ("M029", "D13","San Gaspar Ixchil");
INSERT INTO Municipio VALUES ("M030", "D13","Santiago Chimaltenango");
INSERT INTO Municipio VALUES ("M031", "D13","Santa Ana Huista");
INSERT INTO Municipio VALUES ("M032", "D13","Unión Cantinil");
INSERT INTO Municipio VALUES ("M001", "D14","Santa Cruz del Quiché");
INSERT INTO Municipio VALUES ("M002", "D14","Chiché");
INSERT INTO Municipio VALUES ("M003", "D14","Chinique");
INSERT INTO Municipio VALUES ("M004", "D14","Zacualpa");
INSERT INTO Municipio VALUES ("M005", "D14","Chajul");
INSERT INTO Municipio VALUES ("M006", "D14","Chichicastenango");
INSERT INTO Municipio VALUES ("M007", "D14","Patzité");
INSERT INTO Municipio VALUES ("M008", "D14","San Antonio Ilotenango");
INSERT INTO Municipio VALUES ("M009", "D14","San Pedro Jocopilas");
INSERT INTO Municipio VALUES ("M010", "D14","Cunén");
INSERT INTO Municipio VALUES ("M011", "D14","San Juan Cotzal");
INSERT INTO Municipio VALUES ("M012", "D14","Joyabaj");
INSERT INTO Municipio VALUES ("M013", "D14","Nebaj");
INSERT INTO Municipio VALUES ("M014", "D14","San Andrés Sajcabajá");
INSERT INTO Municipio VALUES ("M015", "D14","Uspantán");
INSERT INTO Municipio VALUES ("M016", "D14","Sacapulas");
INSERT INTO Municipio VALUES ("M017", "D14","San Bartolomé Jocotenango");
INSERT INTO Municipio VALUES ("M018", "D14","Canillá");
INSERT INTO Municipio VALUES ("M019", "D14","Chicamán");
INSERT INTO Municipio VALUES ("M020", "D14","Ixcán");
INSERT INTO Municipio VALUES ("M021", "D14","Pachalum");
INSERT INTO Municipio VALUES ("M001", "D15","Salamá");
INSERT INTO Municipio VALUES ("M002", "D15","San Miguel Chicaj");
INSERT INTO Municipio VALUES ("M003", "D15","Rabinal");
INSERT INTO Municipio VALUES ("M004", "D15","Cubulco");
INSERT INTO Municipio VALUES ("M005", "D15","Granados");
INSERT INTO Municipio VALUES ("M006", "D15","El Chol");
INSERT INTO Municipio VALUES ("M007", "D15","San Jerónimo");
INSERT INTO Municipio VALUES ("M008", "D15","Purulhá");
INSERT INTO Municipio VALUES ("M001", "D16","Cobán");
INSERT INTO Municipio VALUES ("M002", "D16","Santa Cruz Verapaz");
INSERT INTO Municipio VALUES ("M003", "D16","San Cristóbal Verapaz");
INSERT INTO Municipio VALUES ("M004", "D16","Tactic");
INSERT INTO Municipio VALUES ("M005", "D16","Tamahú");
INSERT INTO Municipio VALUES ("M006", "D16","Tucurú");
INSERT INTO Municipio VALUES ("M007", "D16","Panzós");
INSERT INTO Municipio VALUES ("M008", "D16","Senahú");
INSERT INTO Municipio VALUES ("M009", "D16","San Pedro Carchá");
INSERT INTO Municipio VALUES ("M010", "D16","San Juan Chamelco");
INSERT INTO Municipio VALUES ("M011", "D16","Lanquín");
INSERT INTO Municipio VALUES ("M012", "D16","Cahabón");
INSERT INTO Municipio VALUES ("M013", "D16","Chisec");
INSERT INTO Municipio VALUES ("M014", "D16","Chahal");
INSERT INTO Municipio VALUES ("M015", "D16","Fray Bartolomé de las Casas");
INSERT INTO Municipio VALUES ("M016", "D16","Santa Catalina la Tinta");
INSERT INTO Municipio VALUES ("M017", "D16","Raxruhá");
INSERT INTO Municipio VALUES ("M001", "D17","Flores");
INSERT INTO Municipio VALUES ("M002", "D17","San José");
INSERT INTO Municipio VALUES ("M003", "D17","San Benito");
INSERT INTO Municipio VALUES ("M004", "D17","San Andrés");
INSERT INTO Municipio VALUES ("M005", "D17","La Libertad");
INSERT INTO Municipio VALUES ("M006", "D17","San Francisco");
INSERT INTO Municipio VALUES ("M007", "D17","Santa Ana");
INSERT INTO Municipio VALUES ("M008", "D17","Dolores");
INSERT INTO Municipio VALUES ("M009", "D17","San Luis");
INSERT INTO Municipio VALUES ("M010", "D17","Sayaxché");
INSERT INTO Municipio VALUES ("M011", "D17","Melchor de Mencos");
INSERT INTO Municipio VALUES ("M012", "D17","Poptún");
INSERT INTO Municipio VALUES ("M013", "D17","Las Cruces");
INSERT INTO Municipio VALUES ("M014", "D17","El Chal");
INSERT INTO Municipio VALUES ("M001", "D18","Puerto Barrios");
INSERT INTO Municipio VALUES ("M002", "D18","Livingston");
INSERT INTO Municipio VALUES ("M003", "D18","El Estor");
INSERT INTO Municipio VALUES ("M004", "D18","Morales");
INSERT INTO Municipio VALUES ("M005", "D18","Los Amates");
INSERT INTO Municipio VALUES ("M001", "D19","Zacapa");
INSERT INTO Municipio VALUES ("M002", "D19","Estanzuela");
INSERT INTO Municipio VALUES ("M003", "D19","Río Hondo");
INSERT INTO Municipio VALUES ("M004", "D19","Gualán");
INSERT INTO Municipio VALUES ("M005", "D19","Teculután");
INSERT INTO Municipio VALUES ("M006", "D19","Usumatlán");
INSERT INTO Municipio VALUES ("M007", "D19","Cabañas");
INSERT INTO Municipio VALUES ("M008", "D19","San Diego");
INSERT INTO Municipio VALUES ("M009", "D19","La Unión");
INSERT INTO Municipio VALUES ("M010", "D19","Huité");
INSERT INTO Municipio VALUES ("M011", "D19","San Jorge");
INSERT INTO Municipio VALUES ("M001", "D20","Chiquimula");
INSERT INTO Municipio VALUES ("M002", "D20","San José La Arada");
INSERT INTO Municipio VALUES ("M003", "D20","San Juan Ermita");
INSERT INTO Municipio VALUES ("M004", "D20","Jocotán");
INSERT INTO Municipio VALUES ("M005", "D20","Camotán");
INSERT INTO Municipio VALUES ("M006", "D20","Olopa");
INSERT INTO Municipio VALUES ("M007", "D20","Esquipulas");
INSERT INTO Municipio VALUES ("M008", "D20","Concepción Las Minas");
INSERT INTO Municipio VALUES ("M009", "D20","Quetzaltepeque");
INSERT INTO Municipio VALUES ("M010", "D20","San Jacinto");
INSERT INTO Municipio VALUES ("M011", "D20","Ipala");
INSERT INTO Municipio VALUES ("M001", "D21","Jalapa");
INSERT INTO Municipio VALUES ("M002", "D21","San Pedro Pinula");
INSERT INTO Municipio VALUES ("M003", "D21","San Luis Jilotepeque");
INSERT INTO Municipio VALUES ("M004", "D21","San Manuel Chaparrón");
INSERT INTO Municipio VALUES ("M005", "D21","San Carlos Alzatate");
INSERT INTO Municipio VALUES ("M006", "D21","Monjas");
INSERT INTO Municipio VALUES ("M007", "D21","Mataquescuintla");
INSERT INTO Municipio VALUES ("M001", "D22","Jutiapa");
INSERT INTO Municipio VALUES ("M002", "D22","El Progreso");
INSERT INTO Municipio VALUES ("M003", "D22","Santa Catarina Mita");
INSERT INTO Municipio VALUES ("M004", "D22","Agua Blanca");
INSERT INTO Municipio VALUES ("M005", "D22","Asunción Mita");
INSERT INTO Municipio VALUES ("M006", "D22","Yupiltepeque");
INSERT INTO Municipio VALUES ("M007", "D22","Atescatempa");
INSERT INTO Municipio VALUES ("M008", "D22","Jerez");
INSERT INTO Municipio VALUES ("M009", "D22","El Adelanto");
INSERT INTO Municipio VALUES ("M010", "D22","Zapotitlán");
INSERT INTO Municipio VALUES ("M011", "D22","Comapa");
INSERT INTO Municipio VALUES ("M012", "D22","Jalpatagua");
INSERT INTO Municipio VALUES ("M013", "D22","Conguaco");
INSERT INTO Municipio VALUES ("M014", "D22","Moyuta");
INSERT INTO Municipio VALUES ("M015", "D22","Pasaco");
INSERT INTO Municipio VALUES ("M016", "D22","San José Acatempa");
INSERT INTO Municipio VALUES ("M017", "D22","Quesada");


--Sucursales (64) 51 simples 10 con enlace 3 solo enlace
--
//id,departamento,municipio,direccion,nombre,esEnlace,estado

--AltaVerapaz D16

INSERT INTO Sucursal VALUES ("D16M9-S1","D16","M009","DIRECCION 1A","SUCURSAL ALTA VERAPAZ 1",1,1);
INSERT INTO Sucursal VALUES ("D16M9-S2","D16","M009","DIRECCION 2A","SUCURSAL ALTA VERAPAZ 2",1,1);
INSERT INTO Sucursal VALUES ("D16M9-S3","D16","M009","DIRECCION 3A","SUCURSAL ALTA VERAPAZ 3",1,1);
INSERT INTO Sucursal VALUES ("D16M1-S1","D16","M001","DIRECCION 4A","SUCURSAL ALTA VERAPAZ 4",1,1);
INSERT INTO Sucursal VALUES ("D16M1-S2","D16","M001","DIRECCION 5A","SUCURSAL ALTA VERAPAZ 5",1,1);
INSERT INTO Sucursal VALUES ("D16M13-S1","D16","M013","DIRECCION 6A","SUCURSAL ALTA VERAPAZ 6",1,1);
INSERT INTO Sucursal VALUES ("D16M8-S1","D16","M008","DIRECCION 7A","SUCURSAL ALTA VERAPAZ 7",1,1);

 --Chimaltenango
 INSERT INTO Sucursal VALUES ("D4M1-S1","D04","M001","DIRECCION 1C","SUCURSAL CHIMALTENANGO 1",1,1);
 INSERT INTO Sucursal VALUES ("D4M6-S1","D04","M006","DIRECCION 2C","SUCURSAL CHIMALTENANGO 2",1,1);

 --Chiquimula
 INSERT INTO Sucursal VALUES ("D20M1-S1","D20","M001","DIRECCION 1C","SUCURSAL CHIQUIMULA 1",1,1);

 --Escuintla
 INSERT INTO Sucursal VALUES ("D5M1-S1","D05","M001","DIRECCION 1E","SUCURSAL ESCUINTLA 1",1,1);
 INSERT INTO Sucursal VALUES ("D5M1-S2","D05","M001","DIRECCION 2E","SUCURSAL ESCUINTLA 2",1,1);

 INSERT INTO Sucursal VALUES ("D5M2-S1","D05","M002","DIRECCION 3E","SUCURSAL ESCUINTLA 3",1,1);

 --Guatemala
 INSERT INTO Sucursal VALUES ("D1M1-S1","D01","M001","DIRECCION 1G","SUCURSAL GUATEMALA 1",1,1);
 INSERT INTO Sucursal VALUES ("D1M1-S2","D01","M001","DIRECCION 2G","SUCURSAL GUATEMALA 2",1,1);
 INSERT INTO Sucursal VALUES ("D1M1-S3","D01","M001","DIRECCION 3G","SUCURSAL GUATEMALA 3",1,1);
 INSERT INTO Sucursal VALUES ("D1M1-S4","D01","M001","DIRECCION 4G","SUCURSAL GUATEMALA 4",1,1);
 INSERT INTO Sucursal VALUES ("D1M1-S5","D01","M001","DIRECCION 5G","SUCURSAL GUATEMALA 5",1,1);
 INSERT INTO Sucursal VALUES ("D1M1-S6","D01","M001","DIRECCION 6G","SUCURSAL GUATEMALA 6",1,1);
 INSERT INTO Sucursal VALUES ("D1M1-S7","D01","M001","DIRECCION 7G","SUCURSAL GUATEMALA 7",1,1);
 INSERT INTO Sucursal VALUES ("D1M1-S8","D01","M001","DIRECCION 8G","SUCURSAL GUATEMALA 8",1,1);
 INSERT INTO Sucursal VALUES ("D1M1-S9","D01","M001","DIRECCION 9G","SUCURSAL GUATEMALA 9",1,1);
 INSERT INTO Sucursal VALUES ("D1M1-S10","D01","M001","DIRECCION 10G","SUCURSAL GUATEMALA 10",1,1);


 INSERT INTO Sucursal VALUES ("D1M8-S1","D01","M008","DIRECCION 1G","SUCURSAL GUATEMALA 11",1,1);
 INSERT INTO Sucursal VALUES ("D1M8-S2","D01","M008","DIRECCION 2G","SUCURSAL GUATEMALA 12",1,1);
 INSERT INTO Sucursal VALUES ("D1M8-S3","D01","M008","DIRECCION 3G","SUCURSAL GUATEMALA 13",1,1);
 INSERT INTO Sucursal VALUES ("D1M8-S4","D01","M008","DIRECCION 4G","SUCURSAL GUATEMALA 14",1,1);
 INSERT INTO Sucursal VALUES ("D1M8-S5","D01","M008","DIRECCION 5G","SUCURSAL GUATEMALA 15",1,1);


 INSERT INTO Sucursal VALUES ("D1M15-S1","D01","M015","DIRECCION 1G","SUCURSAL GUATEMALA 16",1,1);
 INSERT INTO Sucursal VALUES ("D1M15-S2","D01","M015","DIRECCION 2G","SUCURSAL GUATEMALA 17",1,1);
 INSERT INTO Sucursal VALUES ("D1M15-S3","D01","M015","DIRECCION 3G","SUCURSAL GUATEMALA 18",1,1);
 INSERT INTO Sucursal VALUES ("D1M15-S4","D01","M015","DIRECCION 4G","SUCURSAL GUATEMALA 19",1,1);
 INSERT INTO Sucursal VALUES ("D1M15-S5","D01","M015","DIRECCION 5G","SUCURSAL GUATEMALA 20",1,1);
 
 INSERT INTO Sucursal VALUES ("D1M10-S1","D01","M010","DIRECCION 1G","SUCURSAL GUATEMALA 21",1,1);
 INSERT INTO Sucursal VALUES ("D1M10-S2","D01","M010","DIRECCION 2G","SUCURSAL GUATEMALA 22",1,1);
 INSERT INTO Sucursal VALUES ("D1M10-S3","D01","M010","DIRECCION 3G","SUCURSAL GUATEMALA 26",1,1);
 INSERT INTO Sucursal VALUES ("D1M10-S4","D01","M010","DIRECCION 4G","SUCURSAL GUATEMALA 26",1,1);

 INSERT INTO Sucursal VALUES ("D1M16-S1","D01","M016","DIRECCION 1G","SUCURSAL GUATEMALA 23",1,1);
 INSERT INTO Sucursal VALUES ("D1M16-S2","D01","M016","DIRECCION 1G","SUCURSAL GUATEMALA 23",1,1);

 INSERT INTO Sucursal VALUES ("D1M14-S1","D01","M014","DIRECCION 1G","SUCURSAL GUATEMALA 24",1,1);

 INSERT INTO Sucursal VALUES ("D1M17-S1","D01","M017","DIRECCION 1G","SUCURSAL GUATEMALA 25",1,1);

 --Huehuetenango
 INSERT INTO Sucursal VALUES ("D13M1-S1","D13","M001","DIRECCION 1H","SUCURSAL HUEHUETENANGO 1",1,1);

 INSERT INTO Sucursal VALUES ("D13M26-S1","D13","M026","DIRECCION 2H","SUCURSAL HUEHUETENANGO 2",1,1);

 --Izabal
 INSERT INTO Sucursal VALUES ("D18M1-S1","D18","M001","DIRECCION 1I","SUCURSAL IZABAL 1",1,1);

 INSERT INTO Sucursal VALUES ("D18M4-S1","D18","M004","DIRECCION 2I","SUCURSAL IZABAL 2",1,1);

 --Jalapa
 INSERT INTO Sucursal VALUES ("D21M1-S1","D21","M001","DIRECCION 1J","SUCURSAL JALAPA 1",1,1);
 INSERT INTO Sucursal VALUES ("D21M1-S2","D21","M001","DIRECCION 2J","SUCURSAL JALAPA 2",1,1);

 --Jutiapa
 INSERT INTO Sucursal VALUES ("D22M1-S1","D22","M001","DIRECCION 1J","SUCURSAL JUTIAPA 1",1,1);
 INSERT INTO Sucursal VALUES ("D22M1-S2","D22","M001","DIRECCION 2J","SUCURSAL JUTIAPA 2",1,1);

 --Peten
 INSERT INTO Sucursal VALUES ("D17M1-S1","D17","M001","DIRECCION 1P","SUCURSAL PETEN 1",1,1);

 --Quetzaltenango
 INSERT INTO Sucursal VALUES ("D9M1-S1","D09","M001","DIRECCION 1Q","SUCURSAL QUETZALTENANGO 1",1,1);
 INSERT INTO Sucursal VALUES ("D9M1-S2","D09","M001","DIRECCION 2Q","SUCURSAL QUETZALTENANGO 2",1,1);

 INSERT INTO Sucursal VALUES ("D9M20-S1","D09","M020","DIRECCION 2Q","SUCURSAL QUETZALTENANGO 2",1,1);

 --Quiche
 INSERT INTO Sucursal VALUES ("D14M6-S1","D14","M006","DIRECCION 1Q","SUCURSAL QUICHE 1",1,1);

 INSERT INTO Sucursal VALUES ("D14M20-S1","D14","M020","DIRECCION 2Q","SUCURSAL QUICHE 2",1,1);

 INSERT INTO Sucursal VALUES ("D14M12-S1","D14","M012","DIRECCION 3Q","SUCURSAL QUICHE 3",1,1);

 INSERT INTO Sucursal VALUES ("D14M1-S1","D14","M001","DIRECCION 4Q","SUCURSAL QUICHE 4",1,1);

 --Retalhuleu
 INSERT INTO Sucursal VALUES ("D11M1-S1","D11","M001","DIRECCION 1R","SUCURSAL RETALHULEU 1",1,1);

 --San Marcos
 INSERT INTO Sucursal VALUES ("D12M15-S1","D12","M015","DIRECCION 1S","SUCURSAL SAN MARCOS 1",1,1);

 --Solola
INSERT INTO Sucursal VALUES ("D7M1-S1","D07","M001","DIRECCION 1S","SUCURSAL SOLOLA 1",1,1);

--Totonicapan
INSERT INTO Sucursal VALUES ("D8M1-S1","D08","M001","DIRECCION 1T","SUCURSAL TOTONICAPAN 1",1,1);

INSERT INTO Sucursal VALUES ("D8M5-S1","D08","M005","DIRECCION 1T","SUCURSAL TOTONICAPAN 2",1,1);

--Rutas Internas
--id,idOrigen,idDestino,distancia,dias,costo
--Alta Verapaz

INSERT INTO Ruta VALUES ("RI001","D16M1-S1","D16M9-S1",9.2,0,0);
INSERT INTO Ruta VALUES ("RI002","D16M1-S1","D16M9-S2",10.2,0,0);
INSERT INTO Ruta VALUES ("RI003","D16M1-S1","D16M9-S3",11.2,0,0);
INSERT INTO Ruta VALUES ("RI004","D16M1-S1","D16M1-S2",3,0,0);
INSERT INTO Ruta VALUES ("RI046","D16M1-S1","D16M1-S3",3,0,0);
INSERT INTO Ruta VALUES ("RI005","D16M1-S1","D16M13-S1",75.5,0,0);
INSERT INTO Ruta VALUES ("RI006","D16M1-S1","D16M8-S1",127,0,0);

--Chimaltenango
INSERT INTO Ruta VALUES ("RI007","D4M6-S1","D4M1-S1",34,0,0);

--Escuintla
INSERT INTO Ruta VALUES ("RI008","D5M1-S1","D5M1-S2",5,0,0);

INSERT INTO Ruta VALUES ("RI010","D5M1-S1","D5M2-S1",38.8,0,0);

--Guatemala
INSERT INTO Ruta VALUES ("RI011","D1M1-S1","D1M1-S2",2,0,0);
INSERT INTO Ruta VALUES ("RI012","D1M1-S1","D1M1-S3",3,0,0);
INSERT INTO Ruta VALUES ("RI013","D1M1-S1","D1M1-S4",2,0,0);
INSERT INTO Ruta VALUES ("RI014","D1M1-S1","D1M1-S5",6,0,0);
INSERT INTO Ruta VALUES ("RI015","D1M1-S1","D1M1-S6",6,0,0);
INSERT INTO Ruta VALUES ("RI016","D1M1-S1","D1M1-S7",8,0,0);
INSERT INTO Ruta VALUES ("RI017","D1M1-S1","D1M1-S8",1,0,0);
INSERT INTO Ruta VALUES ("RI018","D1M1-S1","D1M1-S9",12,0,0);
INSERT INTO Ruta VALUES ("RI047","D1M1-S1","D1M1-S10",9.2,0,0);

INSERT INTO Ruta VALUES ("RI019","D1M1-S1","D1M8-S1",14,0,0);
INSERT INTO Ruta VALUES ("RI020","D1M1-S1","D1M8-S2",17,0,0);
INSERT INTO Ruta VALUES ("RI021","D1M1-S1","D1M8-S3",18,0,0);
INSERT INTO Ruta VALUES ("RI022","D1M1-S1","D1M8-S4",23,0,0);
INSERT INTO Ruta VALUES ("RI023","D1M1-S1","D1M8-S5",23,0,0);

INSERT INTO Ruta VALUES ("RI024","D1M1-S1","D1M15-S1",17,0,0);
INSERT INTO Ruta VALUES ("RI025","D1M1-S1","D1M15-S2",19,0,0);
INSERT INTO Ruta VALUES ("RI026","D1M1-S1","D1M15-S3",21,0,0);
INSERT INTO Ruta VALUES ("RI027","D1M1-S1","D1M15-S4",16,0,0);
INSERT INTO Ruta VALUES ("RI028","D1M1-S1","D1M15-S5",16,0,0);

INSERT INTO Ruta VALUES ("RI029","D1M1-S1","D1M10-S1",16,0,0);
INSERT INTO Ruta VALUES ("RI030","D1M1-S1","D1M10-S2",19,0,0);
INSERT INTO Ruta VALUES ("RI031","D1M1-S1","D1M10-S3",21,0,0);
INSERT INTO Ruta VALUES ("RI048","D1M1-S1","D1M10-S4",21,0,0);


INSERT INTO Ruta VALUES ("RI032","D1M1-S1","D1M16-S1",28.8,0,0);
INSERT INTO Ruta VALUES ("RI033","D1M1-S1","D1M16-S2",30.8,0,0);

INSERT INTO Ruta VALUES ("RI034","D1M1-S1","D1M14-S1",28.6,0,0);

INSERT INTO Ruta VALUES ("RI035","D1M1-S1","D1M17-S1",20,0,0);

--Huehuetenango
INSERT INTO Ruta VALUES ("RI036","D13M1-S1","D13M26-S1",138,0,0);

--Izabal
INSERT INTO Ruta VALUES ("RI037","D18M4-S1","D18M1-S1",54,0,0);

--Jalapa
INSERT INTO Ruta VALUES ("RI038","D21M1-S1","D21M1-S2",15,0,0);

--Jutiapa
INSERT INTO Ruta VALUES ("RI039","D22M1-S1","D22M1-S2",23,0,0);

--Quetzaltenango
INSERT INTO Ruta VALUES ("RI040","D9M1-S1","D9M1-S2",8,0,0);

INSERT INTO Ruta VALUES ("RI041","D9M1-S1","D9M20-S1",62,0,0);

--Quiche
INSERT INTO Ruta VALUES ("RI042","D14M6-S1","D14M20-S1",338,0,0);

INSERT INTO Ruta VALUES ("RI043","D14M6-S1","D14M12-S1",52,0,0);

INSERT INTO Ruta VALUES ("RI044","D14M6-S1","D14M1-S1",17,0,0);

--Totonicapan
INSERT INTO Ruta VALUES ("RI045","D8M1-S1","D8M5-S1",28,0,0);

--Retorno para doble via De internas a Principal
--Alta Verapaz
INSERT INTO Ruta VALUES ("RI049","D16M9-S1","D16M1-S1",9.2,0,0);
INSERT INTO Ruta VALUES ("RI050","D16M9-S2","D16M1-S1",10.2,0,0);
INSERT INTO Ruta VALUES ("RI051","D16M9-S3","D16M1-S1",11.2,0,0);
INSERT INTO Ruta VALUES ("RI052","D16M1-S2","D16M1-S1",3,0,0);
INSERT INTO Ruta VALUES ("RI053","D16M1-S3","D16M1-S1",3,0,0);
INSERT INTO Ruta VALUES ("RI054","D16M13-S1","D16M1-S1",75.5,0,0);
INSERT INTO Ruta VALUES ("RI055","D16M8-S1","D16M1-S1",127,0,0);

--Chimaltenango
INSERT INTO Ruta VALUES ("RI056","D4M1-S1","D4M6-S1",34,0,0);

--Escuintla
INSERT INTO Ruta VALUES ("RI057","D5M1-S2","D5M1-S1",5,0,0);

INSERT INTO Ruta VALUES ("RI058","D5M2-S1","D5M1-S1",38.8,0,0);

--Guatemala
INSERT INTO Ruta VALUES ("RI059","D1M1-S2","D1M1-S1",2,0,0);
INSERT INTO Ruta VALUES ("RI060","D1M1-S3","D1M1-S1",3,0,0);
INSERT INTO Ruta VALUES ("RI061","D1M1-S4","D1M1-S1",2,0,0);
INSERT INTO Ruta VALUES ("RI062","D1M1-S5","D1M1-S1",6,0,0);
INSERT INTO Ruta VALUES ("RI063","D1M1-S6","D1M1-S1",6,0,0);
INSERT INTO Ruta VALUES ("RI064","D1M1-S7","D1M1-S1",8,0,0);
INSERT INTO Ruta VALUES ("RI065","D1M1-S8","D1M1-S1",1,0,0);
INSERT INTO Ruta VALUES ("RI066","D1M1-S9","D1M1-S1",12,0,0);
INSERT INTO Ruta VALUES ("RI067","D1M1-S10","D1M1-S1",9.2,0,0);

INSERT INTO Ruta VALUES ("RI068","D1M8-S1","D1M1-S1",14,0,0);
INSERT INTO Ruta VALUES ("RI069","D1M8-S2","D1M1-S1",17,0,0);
INSERT INTO Ruta VALUES ("RI070","D1M8-S3","D1M1-S1",18,0,0);
INSERT INTO Ruta VALUES ("RI071","D1M8-S4","D1M1-S1",23,0,0);
INSERT INTO Ruta VALUES ("RI072","D1M8-S5","D1M1-S1",23,0,0);

INSERT INTO Ruta VALUES ("RI073","D1M15-S1","D1M1-S1",17,0,0);
INSERT INTO Ruta VALUES ("RI074","D1M15-S2","D1M1-S1",19,0,0);
INSERT INTO Ruta VALUES ("RI075","D1M15-S3","D1M1-S1",21,0,0);
INSERT INTO Ruta VALUES ("RI076","D1M15-S4","D1M1-S1",16,0,0);
INSERT INTO Ruta VALUES ("RI077","D1M15-S5","D1M1-S1",16,0,0);

INSERT INTO Ruta VALUES ("RI078","D1M10-S1","D1M1-S1",16,0,0);
INSERT INTO Ruta VALUES ("RI079","D1M10-S2","D1M1-S1",19,0,0);
INSERT INTO Ruta VALUES ("RI080","D1M10-S3","D1M1-S1",21,0,0);
INSERT INTO Ruta VALUES ("RI081","D1M10-S4","D1M1-S1",21,0,0);


INSERT INTO Ruta VALUES ("RI082","D1M16-S1","D1M1-S1",28.8,0,0);
INSERT INTO Ruta VALUES ("RI083","D1M16-S2","D1M1-S1",30.8,0,0);

INSERT INTO Ruta VALUES ("RI084","D1M14-S1","D1M1-S1",28.6,0,0);

INSERT INTO Ruta VALUES ("RI085","D1M17-S1","D1M1-S1",20,0,0);

--Huehuetenango
INSERT INTO Ruta VALUES ("RI086","D13M26-S1","D13M1-S1",138,0,0);

--Izabal
INSERT INTO Ruta VALUES ("RI087","D18M1-S1","D18M4-S1",54,0,0);

--Jalapa
INSERT INTO Ruta VALUES ("RI088","D21M1-S2","D21M1-S1",15,0,0);

--Jutiapa
INSERT INTO Ruta VALUES ("RI089","D22M1-S2","D22M1-S1",23,0,0);

--Quetzaltenango
INSERT INTO Ruta VALUES ("RI090","D9M1-S2","D9M1-S1",8,0,0);

INSERT INTO Ruta VALUES ("RI091","D9M20-S1","D9M1-S1",62,0,0);

--Quiche
INSERT INTO Ruta VALUES ("RI092","D14M20-S1","D14M6-S1",338,0,0);

INSERT INTO Ruta VALUES ("RI093","D14M12-S1","D14M6-S1",52,0,0);

INSERT INTO Ruta VALUES ("RI094","D14M1-S1","D14M6-S1",17,0,0);

--Totonicapan
INSERT INTO Ruta VALUES ("RI095","D8M5-S1","D8M1-S1",28,0,0);

--Rutas para comunicacion entre sucursales departamentales

--Alta verapaz
    -->a flores peten
INSERT INTO Ruta VALUES ("RI096","D16M1-S1","D17M1-S1",150,0,0);
    -->a guatemala
INSERT INTO Ruta VALUES ("RI097","D16M1-S1","D1M1-S1",211,0,0);

--Chimaltenango
    -->Quetzaltenango
INSERT INTO Ruta VALUES ("RI098","D4M6-S1","D9M1-S1",148,0,0);
    -->Guatemala
INSERT INTO Ruta VALUES ("RI099","D4M6-S1","D1M1-S1",51,0,0);

--Chiquimula
    -->Jutiapa
INSERT INTO Ruta VALUES ("RI100","D20M1-S1","D22M1-S1",92,0,0);
    -->Izabal (Morales)
INSERT INTO Ruta VALUES ("RI101","D20M1-S1","D18M4-S1",142,0,0);

--Escuintla
    -->Reu
INSERT INTO Ruta VALUES ("RI102","D5M1-S1","D11M1-S1",132,0,0);
    -->Guatemala
INSERT INTO Ruta VALUES ("RI103","D5M1-S1","D1M1-S1",67,0,0);

--Guatemala
    -->Chimaltenango
INSERT INTO Ruta VALUES ("RI104","D1M1-S1","D4M6-S1",51,0,0);
    -->Escuintla
INSERT INTO Ruta VALUES ("RI105","D1M1-S1","D5M1-S1",67,0,0);
    -->Jutiapa
INSERT INTO Ruta VALUES ("RI106","D1M1-S1","D22M1-S1",123,0,0);
    -->Jalapa
INSERT INTO Ruta VALUES ("RI107","D1M1-S1","D22M1-S1",100,0,0);
    -->Alta verapaz
INSERT INTO Ruta VALUES ("RI108","D1M1-S1","D16M1-S1",211,0,0);

--Huehuetenango
    -->Quetzaltenango
INSERT INTO Ruta VALUES ("RI109","D13M1-S1","D9M1-S1",90,0,0);

--Izabal (Morales)
    -->Chiquimula
INSERT INTO Ruta VALUES ("RI110","D18M4-S1","D20M1-S1",142,0,0);
    -->Peten
INSERT INTO Ruta VALUES ("RI111","D18M4-S1","D17M1-S1",142,0,0);

--Jalapa
    -->Guatemala
INSERT INTO Ruta VALUES ("RI112","D21M1-S1","D1M1-S1",100,0,0);
    -->Jutiapa
INSERT INTO Ruta VALUES ("RI113","D21M1-S1","D22M1-S1",55.6,0,0);

--Jutiapa
    -->Guatemala
INSERT INTO Ruta VALUES ("RI114","D22M1-S1","D1M1-S1",123,0,0);
    -->Jalapa
INSERT INTO Ruta VALUES ("RI115","D22M1-S1","D21M1-S1",55.6,0,0);
    -->Chiquimula
INSERT INTO Ruta VALUES ("RI116","D22M1-S1","D21M1-S1",92,0,0);

--Peten
    -->Alta Verapaz
INSERT INTO Ruta VALUES ("RI117","D17M1-S1","D16M1-S1",150,0,0);
    -->Izabal
INSERT INTO Ruta VALUES ("RI118","D17M1-S1","D18M4-S1",142,0,0);

--Quetzaltenango
    -->San Marcos (Malacatan)
INSERT INTO Ruta VALUES ("RI119","D9M1-S1","D12M15-S1",50,0,0);
    -->Reu
INSERT INTO Ruta VALUES ("RI120","D9M1-S1","D11M1-S1",75,0,0);
    -->Guatemala
INSERT INTO Ruta VALUES ("RI121","D9M1-S1","D1M1-S1",213,0,0);
    -->Totonicapan
INSERT INTO Ruta VALUES ("RI122","D9M1-S1","D8M1-S1",27,0,0);
    --Huehuetenango
INSERT INTO Ruta VALUES ("RI123","D9M1-S1","D13M1-S1",90,0,0);

--Quiche (Chichicastenango)
    -->Totonicapan
INSERT INTO Ruta VALUES ("RI124","D14M6-S1","D9M1-S1",52,0,0);

--Reu
    -->Escuintla
INSERT INTO Ruta VALUES ("RI125","D11M1-S1","D5M1-S1",132,0,0);
    -->Quetzaltenango
INSERT INTO Ruta VALUES ("RI126","D11M1-S1","D9M1-S1",75,0,0);

--San Marcos (Malacatan)
    -->Quetzaltenango
INSERT INTO Ruta VALUES ("RI127","D12M15-S1","D9M1-S1",50,0,0);

--Totonicapan    
    -->Quetzaltenango
INSERT INTO Ruta VALUES ("RI128","D8M1-S1","D9M1-S1",27,0,0);
    -->Quiche
INSERT INTO Ruta VALUES ("RI129","D8M1-S1","D14M6-S1",52,0,0);


